{"type":"FeatureCollection","features":[{"type":"Feature","geometry":{"geodesic":false,"type":"Polygon","coordinates":[[[-93.1332311318788,17.738684347640927],[-93.13323106505312,17.738593959067206],[-93.13304241747802,17.738594087050185],[-93.13304235074217,17.738503698476467],[-93.13294802699954,17.738503762400583],[-93.1329479603176,17.738413373826862],[-93.13285363661987,17.73841343770606],[-93.13285356998284,17.738323049132344],[-93.13275924633902,17.738323112957644],[-93.13275911316379,17.738142335810206],[-93.13266478960979,17.73814239959059],[-93.13266452344796,17.737780845277744],[-93.13257020008261,17.737780909013214],[-93.13256993412739,17.7374193546824],[-93.13266425730409,17.73741929093795],[-93.13266419076588,17.737328902355248],[-93.13256986763409,17.73732896609072],[-93.13256953519456,17.736877023150253],[-93.13266385809277,17.736876959414783],[-93.1326636584961,17.736605793639725],[-93.13256933574161,17.736605857375196],[-93.13256940222593,17.736696245966883],[-93.13247507942653,17.736696309657436],[-93.13247501298713,17.73660592106575],[-93.13209772197816,17.736606175369822],[-93.13209765572739,17.73651578677814],[-93.13190901030825,17.736515913656188],[-93.13190894415631,17.7364255250645],[-93.13181462150064,17.73642558843166],[-93.13181455539362,17.736335199839978],[-93.13172023277387,17.73633526316222],[-93.13172010065864,17.73615448596088],[-93.13162577813772,17.736154549247193],[-93.13162564612131,17.735973772045856],[-93.13153132369919,17.73597383527827],[-93.13153119177261,17.735793058067948],[-93.13124822477576,17.735793247495693],[-93.1312481589562,17.73570285889502],[-93.13115383667783,17.735702921947773],[-93.13115390244349,17.73579331054844],[-93.13096525777893,17.735793436519195],[-93.13096532345475,17.735883825128845],[-93.13087100107755,17.735883888037865],[-93.13087106670847,17.735974276647518],[-93.13068242185525,17.735974402339792],[-93.13068255292843,17.736155179550114],[-93.13077687544937,17.736155116721942],[-93.13077713779336,17.7365166711336],[-93.13068281508379,17.73651673396177],[-93.13068307723914,17.736878288355467],[-93.13058875434092,17.73687835113872],[-93.13058888532427,17.737059128331076],[-93.13049456232723,17.737059191069417],[-93.13049462777849,17.737149579670085],[-93.13040030472756,17.73714964236351],[-93.13040037013388,17.737240030955196],[-93.1302117239422,17.737240156216277],[-93.13021178924971,17.737330544807964],[-93.12983449668666,17.737330794773175],[-93.12983456180552,17.737421183364862],[-93.12974023861086,17.737421245743874],[-93.12974030368483,17.737511634344543],[-93.12964598044525,17.73751169667864],[-93.12964611049435,17.737692473862012],[-93.12955178716493,17.737692536151194],[-93.12955185214008,17.73778292474288],[-93.12945752875677,17.737782986987146],[-93.12945772354746,17.738054152762203],[-93.12936340002939,17.738054214961554],[-93.12936352979104,17.738234992144925],[-93.12926920617417,17.73823505429936],[-93.12926953036717,17.738686997239824],[-93.12917520650775,17.738687059349342],[-93.12917546568069,17.739048613680154],[-93.12908114163262,17.73904867575374],[-93.12908127112478,17.739229452919147],[-93.12898694698688,17.739229514938835],[-93.12898701169253,17.739319903521537],[-93.12889268750074,17.739319965496307],[-93.1288927521525,17.73941035407901],[-93.12870410368805,17.739410477893806],[-93.12870416824099,17.739500866476508],[-93.12842119539611,17.739501051861833],[-93.1284212598143,17.739591440444535],[-93.12804396249017,17.73959168699615],[-93.12804402671972,17.739682075578852],[-93.12794970233928,17.739682137104467],[-93.12794976651492,17.73977252568717],[-93.12785544208957,17.739772587167867],[-93.12785550622927,17.73986297575057],[-93.12766685727077,17.739863098568236],[-93.12766692131166,17.739953487150938],[-93.1274782722723,17.739953609797922],[-93.12747833621438,17.740043998380628],[-93.12728968706723,17.740044120838967],[-93.12728975091947,17.74013450942167],[-93.12691245244551,17.74013475380834],[-93.1269125161091,17.740225142382062],[-93.1268181914412,17.740225203368684],[-93.12681812782252,17.740134814785982],[-93.12644082933956,17.74013505826536],[-93.12644076590952,17.740044669682653],[-93.12625211676236,17.740044791152847],[-93.12625205343113,17.73995440256116],[-93.12615772890696,17.739954463233374],[-93.12615766562065,17.73986407464169],[-93.12606334114139,17.739864135260007],[-93.1260632779,17.739773746677304],[-93.12596895346566,17.739773807250703],[-93.12596882709965,17.739593030076314],[-93.12587450275514,17.739593090604796],[-93.12587431333638,17.73932192482974],[-93.12577998913561,17.739321985313307],[-93.12577973678087,17.73896043093758],[-93.12559108875661,17.738960551760986],[-93.12559102576674,17.738870163160318],[-93.12549670179953,17.73887022350914],[-93.12549663885457,17.73877983490847],[-93.12540231494125,17.73877989520339],[-93.12540225204123,17.738689506611706],[-93.12530792817283,17.738689566861712],[-93.12530786531771,17.73859917826104],[-93.12521354149422,17.738599238466133],[-93.12521341589178,17.738418461264793],[-93.12502476843345,17.738418581540227],[-93.12502483113586,17.738508970140895],[-93.12474185980913,17.73850915021718],[-93.12474179724148,17.738418761616508],[-93.12436450231584,17.738419001080416],[-93.12436443994582,17.738328612470763],[-93.12427011625708,17.738328672226697],[-93.12427024091629,17.738509449437018],[-93.12417591713772,17.73850950913905],[-93.12417597941793,17.738599897748703],[-93.12408165559444,17.73859995740582],[-93.12408171782972,17.738690346015474],[-93.12389307008394,17.738690465203945],[-93.1238931322204,17.738780853804613],[-93.12351583653121,17.73878109164257],[-93.12351589848801,17.738871480243237],[-93.12342157451181,17.73887153959493],[-93.1234215126089,17.738781150985275],[-93.12304421690175,17.73878138791593],[-93.12304415518749,17.73869099930628],[-93.12285550743272,17.738691117506605],[-93.12285544580828,17.73860072889695],[-93.12276112197581,17.73860078792525],[-93.12276106040528,17.738510399315597],[-93.12266673661773,17.738510458289998],[-93.12266667509212,17.738420069680345],[-93.12257235135847,17.73842012861881],[-93.12257222839708,17.738239351399507],[-93.12247790475325,17.738239410284073],[-93.12247778189067,17.738058633055786],[-93.12228913479167,17.738058750699153],[-93.12228919612863,17.73814913931779],[-93.1217232545352,17.738149491160936],[-93.12172331558472,17.738239879779574],[-93.12134602100043,17.738240113431377],[-93.12134620358302,17.7385112792783],[-93.12125187979547,17.738511337587944],[-93.12125200142737,17.738692114816235],[-93.12115767754099,17.73869217307198],[-93.12115779908305,17.738872950300266],[-93.12106347510685,17.7388730085111],[-93.12106353582398,17.73896339712075],[-93.12096921180287,17.738963455286665],[-93.12096927247508,17.73905384389632],[-93.12087494840007,17.7390539020263],[-93.12087500902737,17.739144290635952],[-93.12078068490744,17.739144348712035],[-93.12078086665458,17.73941551454099],[-93.12068654239093,17.73941557257216],[-93.12068666346586,17.739596349791462],[-93.12087531218182,17.73959623367523],[-93.1208753728181,17.739686622275897],[-93.1209696972255,17.739686564154898],[-93.12096975790669,17.73977695276455],[-93.1211584068113,17.739776836369842],[-93.12115846758233,17.73986722497949],[-93.12153576558919,17.739866991660065],[-93.12153582654886,17.739957380260734],[-93.12172447564213,17.73995726332703],[-93.12172453670061,17.7400476519277],[-93.12181886129665,17.740047593393477],[-93.12181892240005,17.740137981994145],[-93.12191324704101,17.740137923415006],[-93.12191336935561,17.74031870060736],[-93.12200769408639,17.740318641983308],[-93.12200793889528,17.740680196359033],[-93.12210226382369,17.740680137690063],[-93.12210244757408,17.740951303456136],[-93.12200812251092,17.74095136213409],[-93.12200836733777,17.74131291648287],[-93.12191404207698,17.741312975115907],[-93.12191422555787,17.741584140872998],[-93.12181990016234,17.741584199452138],[-93.12182014461189,17.74194575379193],[-93.12191447020506,17.74194569520381],[-93.12191465368596,17.742216860942936],[-93.12210330514178,17.742216743631943],[-93.12210336639791,17.742307132205664],[-93.12219769217971,17.74230707348279],[-93.12219775348075,17.742397462065494],[-93.12229207929849,17.74239740329771],[-93.12229220200837,17.742578180445147],[-93.12238652792492,17.742578121632448],[-93.12238677353331,17.742939675918343],[-93.1224810996385,17.742939617051743],[-93.12248122253702,17.743120394190196],[-93.122386896333,17.743120453056797],[-93.12238714195037,17.743482007324726],[-93.1222928155577,17.743482066146413],[-93.12229293827656,17.743662843275885],[-93.12219861179405,17.74366290204367],[-93.12219867310407,17.743753290608407],[-93.12210434656768,17.74375334934026],[-93.12210440783278,17.743843737904996],[-93.12238738756773,17.743843561583674],[-93.12238744897657,17.743933950139425],[-93.12257610222902,17.74393383236131],[-93.12257616372769,17.744024220926047],[-93.12267049039883,17.744024161969612],[-93.12267055195139,17.744114550525367],[-93.12276487866745,17.74411449152402],[-93.1227650018624,17.74429526864451],[-93.1228593286773,17.74429520958926],[-93.12285957525584,17.744656763812277],[-93.12295390225937,17.744656704721095],[-93.12295402564297,17.74483748182362],[-93.12304835273633,17.74483742267854],[-93.12304829099511,17.74474703413177],[-93.12314261804356,17.744746974941776],[-93.12314249447131,17.744566197839255],[-93.12323682142991,17.744566138613326],[-93.12323675958989,17.744475750057575],[-93.12333108649459,17.744475690777747],[-93.12333102461864,17.744385302230977],[-93.12342535147842,17.744385242906237],[-93.12342528954856,17.744294854350482],[-93.12351961635446,17.74429479498981],[-93.12351955437968,17.744204406434054],[-93.12370820791062,17.744204287568976],[-93.12370814583704,17.744113899013225],[-93.1240854526923,17.744113660735096],[-93.12408539043905,17.744023272188326],[-93.12427404377235,17.744023152775274],[-93.12427410612442,17.74411354133103],[-93.12465141297069,17.744113301965935],[-93.12465135042997,17.744022913410184],[-93.12512298374078,17.744022613193216],[-93.1251229209665,17.74393222463746],[-93.12550022741753,17.74393198364642],[-93.1255001644546,17.743841595090668],[-93.12578314415363,17.743841413873525],[-93.12578320726028,17.743931802420295],[-93.12587753386855,17.743931741927746],[-93.12587747071697,17.74384135337199],[-93.12597179728033,17.743841292834524],[-93.12597186048579,17.743931681381294],[-93.12634916692782,17.743931438755318],[-93.12634923032192,17.744021827302088],[-93.12653788363727,17.744021705715117],[-93.12653794712121,17.744112094261887],[-93.12663227382828,17.744112033401024],[-93.12663233736612,17.744202421947794],[-93.12672666411812,17.74420236104202],[-93.12672679128363,17.744383138126576],[-93.12682111813443,17.744383077175883],[-93.12682118176211,17.74447346571367],[-93.12700983554457,17.744473343668556],[-93.12700989927106,17.744563732206345],[-93.1271042262117,17.744563671120904],[-93.12710428999208,17.744654059658693],[-93.12738727093976,17.744653876114914],[-93.12738720702463,17.744563487577125],[-93.12748153396527,17.744563426312023],[-93.12748159792531,17.74465381484981],[-93.12785890585855,17.74465356930431],[-93.12785897001623,17.744743957842097],[-93.12804762407717,17.744743834799852],[-93.12804768832468,17.744834223328656],[-93.12814201540006,17.74483416174016],[-93.12814207970148,17.744924550277947],[-93.12823640682177,17.744924488644536],[-93.1282364711681,17.74501487717334],[-93.12833079833331,17.74501481549501],[-93.12833086273353,17.745105204023815],[-93.12842518994367,17.74510514229159],[-93.12842531882497,17.745285919349197],[-93.12880262806974,17.7452856719891],[-93.12880243418635,17.74501450640269],[-93.12851945267273,17.745014691994626],[-93.12851938819166,17.744924303465822],[-93.12833073394208,17.744924426957226],[-93.12833066955083,17.744834038428422],[-93.12823634247545,17.74483410010675],[-93.12823627812912,17.744743711577946],[-93.12814195110764,17.744743773211358],[-93.12814188680623,17.74465338467357],[-93.12804755982965,17.744653446262067],[-93.12804743132565,17.744472669195474],[-93.12795310443892,17.744472730739055],[-93.12795291184013,17.744201565125696],[-93.12785858509712,17.744201626615375],[-93.12785832849335,17.743840072455246],[-93.12776400193,17.743840133900008],[-93.12776393782623,17.743749745353238],[-93.12785826433567,17.743749683908472],[-93.1278580077409,17.743388129721392],[-93.1279523340617,17.743388068231713],[-93.1279522056655,17.743207291138173],[-93.12804653189646,17.743207229594592],[-93.12804646764896,17.743116841047822],[-93.12814079382602,17.74311677946831],[-93.12814072954258,17.743026390912554],[-93.12832938179791,17.74302626761878],[-93.12832931741565,17.74293587906303],[-93.12870662173766,17.742935631918527],[-93.12870655716677,17.742845243371757],[-93.12889520922445,17.74284511952103],[-93.12889527389417,17.742935508076783],[-93.12898959997243,17.742935446084047],[-93.1289895352578,17.742845057537274],[-93.12908386129114,17.74284499549962],[-93.12908360224395,17.74248344130356],[-93.12898927640825,17.742483503332227],[-93.12898914697898,17.742302726229706],[-93.1288948212331,17.742302788222442],[-93.12889456258118,17.74194123399943],[-93.12880023701497,17.74194129593827],[-93.12880017239915,17.741850907382513],[-93.12889449791146,17.741850845443675],[-93.12889423926853,17.741489291202697],[-93.12898856458321,17.741489229218942],[-93.12898843517192,17.74130845208947],[-93.12908276039677,17.741308390060798],[-93.1290826956462,17.741218001505047],[-93.12917702081717,17.741217939422476],[-93.12917695602168,17.74112755086672],[-93.12936560628275,17.74112742657582],[-93.12936554138845,17.741037038011083],[-93.12974284171295,17.741036788899272],[-93.12974277663001,17.740946400334536],[-93.12993142670244,17.740946275513625],[-93.1299314918842,17.74103666406938],[-93.13002581696531,17.741036601591553],[-93.13002575173864,17.740946213026817],[-93.13012007676588,17.740946150504072],[-93.13012001149428,17.740855761939336],[-93.1302143364766,17.740855699362694],[-93.1302142711601,17.74076531080694],[-93.13030859609749,17.74076524818538],[-93.13030853072709,17.740674859620643],[-93.13049718051205,17.740674734251762],[-93.13049711504283,17.740584345687026],[-93.13087441441512,17.740584094410277],[-93.13087434876624,17.740493705845537],[-93.13115732313825,17.740493516902884],[-93.13115738893086,17.74058390546762],[-93.13125171376944,17.740583842396905],[-93.13125164793192,17.74049345383217],[-93.13153462230393,17.740493264350526],[-93.13153468828519,17.740583652915262],[-93.13181766280093,17.740583463020396],[-93.13181759667594,17.74049307446464],[-93.13191192146961,17.740493011079515],[-93.13191198763951,17.74058339963527],[-93.1320063124781,17.740583336205226],[-93.1320058489474,17.73995061627902],[-93.13191152445019,17.73995067970906],[-93.13191145828029,17.739860291144325],[-93.13200578273259,17.739860227714285],[-93.13200551787331,17.739498673446356],[-93.13209984214595,17.739498609971395],[-93.13209970961749,17.739317832832942],[-93.13219403379132,17.739317769313068],[-93.13219396748667,17.739227380748332],[-93.13228829161558,17.73922731718354],[-93.13228822525703,17.73913692860982],[-93.13247687341604,17.739136801345495],[-93.13247680695868,17.73904641278076],[-93.13275977904897,17.7390462215474],[-93.13275971245686,17.73895583297368],[-93.13304268440342,17.73895564133608],[-93.13304255094071,17.738774864197627],[-93.13313687482709,17.738774800228594],[-93.13313680804633,17.738684411654873],[-93.1332311318788,17.738684347640927]]]},"id":"+19419+14824","properties":{"count":5713,"label":1}},{"type":"Feature","geometry":{"geodesic":false,"type":"Polygon","coordinates":[[[-93.13688033893234,17.69990504804804],[-93.1368802704358,17.69981465913296],[-93.13669166341963,17.699814790349873],[-93.1366915950219,17.699724401434796],[-93.13659729156323,17.699724466966895],[-93.13659722321042,17.699634078051815],[-93.13650291979665,17.699634143547982],[-93.13650285149775,17.69954375462392],[-93.1364085481289,17.69954382007517],[-93.13640841161192,17.69936304223603],[-93.13631410834189,17.69936310763338],[-93.13631383550558,17.699001551946115],[-93.13621953242419,17.699001617298553],[-93.13621939609587,17.698820839450427],[-93.13631369908742,17.69882077409799],[-93.13631356266926,17.698639996240882],[-93.13621925977652,17.69864006159332],[-93.13621905530199,17.69836889481215],[-93.135936147037,17.69836909059098],[-93.13593621505744,17.698459479524026],[-93.13584191225453,17.6984595446968],[-93.13584198023005,17.698549933629845],[-93.1356533745344,17.698550063840646],[-93.13565344241111,17.69864045276471],[-93.13527623082219,17.69864071264732],[-93.13527629851023,17.698731101580368],[-93.1351819955636,17.69873116643873],[-93.13518192792046,17.698640777505684],[-93.13480471633154,17.698641036472015],[-93.13480464887705,17.69855064753897],[-93.1345217403156,17.69855084129659],[-93.13452167300485,17.698460452363545],[-93.13442737020195,17.6984605168536],[-93.13442743745881,17.698550905786647],[-93.13433313461098,17.698550970240767],[-93.13433306739005,17.69846058129874],[-93.13423876458714,17.698460645707947],[-93.13423883175417,17.698551034640992],[-93.13414452889737,17.698551098996298],[-93.13414446177525,17.69846071006325],[-93.13376725054566,17.698460967044305],[-93.13376718361219,17.698370578102278],[-93.13357857808722,17.698370706318816],[-93.13357851124358,17.69828031738577],[-93.1334842085305,17.698280381426667],[-93.13348414174077,17.69818999248464],[-93.1333898390726,17.698190056471635],[-93.13338970558296,17.69800927858758],[-93.1332954030136,17.698009342538644],[-93.13329513623194,17.69764778675256],[-93.13320083385123,17.69764785065871],[-93.13320070055921,17.697467072756687],[-93.13329500285008,17.697467008850538],[-93.13329493615916,17.697376619899526],[-93.1332006339132,17.697376683805675],[-93.13320036733815,17.697015127992643],[-93.13310606528084,17.69701519185388],[-93.13310599868872,17.696924802893882],[-93.13291739466395,17.69692493047262],[-93.13291732816167,17.696834541512622],[-93.1327287242357,17.696834668902714],[-93.13272865782325,17.69674427994272],[-93.13263435590967,17.69674434357039],[-93.13263428955112,17.69665395461938],[-93.13253998768246,17.69665401819315],[-93.13253992136883,17.696563629233157],[-93.1324456195451,17.696563692770997],[-93.13244555328535,17.696473303811],[-93.13235125150652,17.696473367303923],[-93.13235118529171,17.69638297834393],[-93.1322568835578,17.696383041782955],[-93.13225675121798,17.69620226385398],[-93.13206814794779,17.69620239061525],[-93.13206821401889,17.696292779575245],[-93.13159670559186,17.696293095674427],[-93.13159663975433,17.69620270670545],[-93.13121943319598,17.696202958763735],[-93.1312193675471,17.696112569794757],[-93.13103076435776,17.6961126955589],[-93.13103069880769,17.696022306580936],[-93.13093639726243,17.696022369400122],[-93.13093652827273,17.696203147338082],[-93.13103082991681,17.696203084527877],[-93.13103109213503,17.696564640394804],[-93.13112539396776,17.696564577539686],[-93.13112578759156,17.697106911317622],[-93.13103148548035,17.697106974181725],[-93.13103161659845,17.697287752101715],[-93.13112591879948,17.697287689237612],[-93.13112611562036,17.6975588561176],[-93.1310318132756,17.697558918981702],[-93.13103207552078,17.697920474803716],[-93.13112637805419,17.697920411939613],[-93.13112650927111,17.698101189841637],[-93.13131511453555,17.698101063978683],[-93.13131518023835,17.698191452929695],[-93.13140948291549,17.698191389930845],[-93.13140954867217,17.698281778881856],[-93.13159815411628,17.698281652740423],[-93.13159821997178,17.698372041691435],[-93.13169252273875,17.698371978548856],[-93.13169258863017,17.698462367499868],[-93.13178689145104,17.69846230431237],[-93.13178702333272,17.69864308220541],[-93.13188132624342,17.698643018981983],[-93.13188159020439,17.699004574750095],[-93.13197589331271,17.69900451147277],[-93.13197622350647,17.699456456164945],[-93.13188192016457,17.699456519442275],[-93.13188198616379,17.69954690837532],[-93.13197628954163,17.699546845106976],[-93.1319765537092,17.69990840083916],[-93.13188225014272,17.699908464116486],[-93.13188231613296,17.699998853049532],[-93.13197661975333,17.699998789772202],[-93.1319768839299,17.70036034548642],[-93.13207118773892,17.700360282164176],[-93.13207131991703,17.700541060021283],[-93.13197701601817,17.70054112334353],[-93.13197728020371,17.70090267903978],[-93.13188297610724,17.70090274232609],[-93.13188310810568,17.701083520165234],[-93.13178880391938,17.70108358340663],[-93.13178886987367,17.701173972330693],[-93.13169456564245,17.70117403551819],[-93.13169463154286,17.70126442444225],[-93.13150602298158,17.70126455069148],[-93.13150608879216,17.701354939615545],[-93.131128871472,17.701355191575015],[-93.13112893710291,17.701445580490095],[-93.13084602396006,17.70144576898359],[-93.13084595848187,17.70135538006851],[-93.13075165415182,17.70135544280685],[-93.1307517195851,17.70144583173091],[-93.13065741520117,17.701445894424335],[-93.13065761137526,17.70171706118754],[-93.131034829459,17.701716810126385],[-93.13103489503601,17.70180719905045],[-93.13122350416322,17.701807073250375],[-93.13122356983905,17.701897462165455],[-93.13131787445656,17.701897399193555],[-93.1313179401773,17.701987788108635],[-93.13141224483074,17.701987725091815],[-93.13141237637105,17.702168502921975],[-93.1315066811233,17.70216843986024],[-93.13150694439256,17.702529995511576],[-93.13160124933346,17.70252993240493],[-93.13160138106241,17.702710710217122],[-93.13169568610212,17.702710647065555],[-93.13169575201151,17.702801035971653],[-93.13216727742567,17.702800719531112],[-93.13216721128272,17.702710330625013],[-93.13235582134418,17.702710203728998],[-93.13235575510241,17.7026198148229],[-93.13273297504566,17.70261956049188],[-93.13273290861524,17.70252917158578],[-93.13292151848806,17.702529044150776],[-93.13292158501729,17.70261943305687],[-93.13329880495155,17.702619177638887],[-93.13329887166044,17.702709566544982],[-93.1334874817219,17.702709438562003],[-93.13348754852962,17.7027998274681],[-93.13358185360526,17.70279976340924],[-93.13358192046687,17.702890152306352],[-93.13367622558742,17.702890088202572],[-93.13367635940047,17.7030708659968],[-93.13377066461086,17.703070801848103],[-93.13377073157129,17.703161190745217],[-93.13386503683557,17.703161126551606],[-93.13386510383192,17.70325151543974],[-93.13395940914114,17.70325145120121],[-93.1339594761914,17.703341840098325],[-93.1340537815455,17.7033417758059],[-93.13405371445035,17.70325138691777],[-93.13424232506875,17.703251258207157],[-93.13424225788376,17.703160869310043],[-93.13433656313906,17.703160804891855],[-93.13433649590915,17.70307041599474],[-93.13443080111954,17.703070351531636],[-93.13443073383573,17.702979962634522],[-93.13461934416668,17.702979833573565],[-93.13461927679303,17.70288944467645],[-93.13480788703416,17.702889315426848],[-93.13480775208923,17.702708537632624],[-93.13490205711098,17.702708472944938],[-93.13490178704147,17.702346917356486],[-93.13499609187457,17.702346852623887],[-93.13499588918769,17.702075685923564],[-93.13509019388604,17.70207562114605],[-93.13508999105544,17.701804454436743],[-93.13518429561006,17.701804389614313],[-93.1351840926447,17.701533222905006],[-93.1352783970556,17.701533158028678],[-93.13527826165253,17.70135238022547],[-93.1353725659646,17.701352315313205],[-93.13537249821367,17.701261926398125],[-93.13546680248083,17.701261861449932],[-93.13546673468498,17.701171472534853],[-93.13556103890723,17.701171407532758],[-93.13556097106645,17.701081018626663],[-93.13574957940314,17.701080888487727],[-93.13574951147254,17.70099049958163],[-93.13584381559598,17.70099043444479],[-93.13584374761147,17.700900045538692],[-93.13593805168101,17.700899980356937],[-93.13593798366057,17.700809591450838],[-93.1361265917098,17.700809460943596],[-93.13612652359055,17.700719072037497],[-93.13631513154995,17.700718941359575],[-93.13631499511384,17.700538163538397],[-93.13640929899472,17.700538098132064],[-93.13640916246875,17.700357320310886],[-93.13650346625981,17.700357254859636],[-93.13650332964403,17.70017647703846],[-93.13659763333627,17.70017641154229],[-93.13659756498345,17.70008602262721],[-93.13669186863078,17.70008595708613],[-93.13669180022407,17.699995568180032],[-93.13678610382648,17.699995502594035],[-93.13678603537485,17.699905113678955],[-93.13688033893234,17.69990504804804]]]},"id":"+19421+15263","properties":{"count":2619,"label":1}},{"type":"Feature","geometry":{"geodesic":false,"type":"Polygon","coordinates":[[[-93.13104066744833,17.709761420630965],[-93.13104053622243,17.709580642944537],[-93.13094622759844,17.709580705799656],[-93.13094609647136,17.709399928104247],[-93.1308517879372,17.709399990923433],[-93.13085172242307,17.709309602071237],[-93.13056879696433,17.709309790250323],[-93.13056886233473,17.70940017910252],[-93.13047455380057,17.70940024173306],[-93.13047461912606,17.709490630585258],[-93.13038031054698,17.709490693179866],[-93.13038037582756,17.70958108202308],[-93.13019175857059,17.70958120706857],[-93.13019182375234,17.709671595920767],[-93.12981458904079,17.70967184547275],[-93.12981465404289,17.70976223432495],[-93.1297203453111,17.709762296596164],[-93.1297202803629,17.709671907743967],[-93.12943735432025,17.7096720942971],[-93.1294374191337,17.7097624831493],[-93.1295317278565,17.709762421012833],[-93.12953185757323,17.709943198708242],[-93.12943754875161,17.70994326084471],[-93.12943780799642,17.710304816235535],[-93.12934349898616,17.71030487833607],[-93.12934362851423,17.7104856560225],[-93.12924931941414,17.710485718078118],[-93.12924944885239,17.710666495764546],[-93.1291551396445,17.71066655777525],[-93.1291552689929,17.710847335452698],[-93.12906095969518,17.710847397418483],[-93.12906108894478,17.711028175104914],[-93.12896677955723,17.7110282370168],[-93.12896684413711,17.711118625860017],[-93.12906115357858,17.711118563939145],[-93.12906121820338,17.711208952782357],[-93.12915552768975,17.71120889081657],[-93.12915559235947,17.711299279659784],[-93.12943852095333,17.711299093492926],[-93.12943858577576,17.711389482327156],[-93.12953289535196,17.711389420181703],[-93.12953276562625,17.711208642513242],[-93.12962707510364,17.711208580322875],[-93.12962681546358,17.710847024967986],[-93.1297211247613,17.710846962732703],[-93.12972099484695,17.710666185055256],[-93.12981530404586,17.71066612277506],[-93.12981523904377,17.710575733931844],[-93.12990954819776,17.71057567160673],[-93.12990935304775,17.71030450508607],[-93.13000366205802,17.71030444271604],[-93.13000353186519,17.710123665029613],[-93.13009784078561,17.710123602614665],[-93.1300977756398,17.71003321377145],[-93.13019208450632,17.71003315131159],[-93.13019201931559,17.709942762468376],[-93.13038063695882,17.709942637413903],[-93.13038057167826,17.70985224857069],[-93.13075780675811,17.709851997931743],[-93.1307577412889,17.709761609088527],[-93.13085205001171,17.709761546314258],[-93.13085211552584,17.70985193515747],[-93.13094642429355,17.709851872338284],[-93.13094635872552,17.70976148349507],[-93.13104066744833,17.709761420630965]]]},"id":"+19425+15116","properties":{"count":156,"label":1}},{"type":"Feature","geometry":{"geodesic":false,"type":"MultiPolygon","coordinates":[[[[-93.12622637240277,17.70325656871474],[-93.12613206705764,17.70325662924322],[-93.12613213019124,17.703347018167285],[-93.12603782480117,17.703347078650854],[-93.12603788788088,17.703437467574915],[-93.12584927701093,17.703437588407304],[-93.1258493400008,17.703527977331365],[-93.1254721180543,17.70352821846614],[-93.12547218085552,17.7036186073902],[-93.12537787532175,17.703618667559358],[-93.12537781256543,17.703528278635297],[-93.12528350707657,17.70352833875954],[-93.12528363249037,17.703709116607662],[-93.12518932691167,17.70370917668699],[-93.12518938956916,17.70379956560207],[-93.12509508394554,17.703799625645463],[-93.12509520917068,17.703980403484604],[-93.12500090344825,17.7039804634741],[-93.12500096601592,17.70407085238918],[-93.12509527178327,17.704070792399683],[-93.12509539701739,17.704251570238828],[-93.12518970288356,17.704251510195434],[-93.12518995353149,17.70461306585575],[-93.1252842595863,17.704613005776423],[-93.12528432229769,17.70470339468252],[-93.12519001619796,17.70470345477083],[-93.12519026685487,17.705065010413183],[-93.12509596056651,17.705065070456577],[-93.1250961484222,17.705336237174865],[-93.1251904548543,17.705336177140452],[-93.12519051752078,17.70542656604655],[-93.12509621104375,17.70542662608096],[-93.12509639890844,17.70569779279925],[-93.12519070552918,17.705697732755855],[-93.1251906428627,17.70560734384976],[-93.12556786914807,17.70560710323601],[-93.12556774343783,17.70542632542382],[-93.12566204991484,17.705426265155847],[-93.12566198700583,17.705335876249748],[-93.12575629343792,17.70533581593686],[-93.12575623049297,17.705245427030764],[-93.12585053687117,17.705245366681943],[-93.12585047387232,17.705154977775848],[-93.1260390865389,17.705154856925493],[-93.1260390234502,17.705064468019398],[-93.12641624859471,17.705064225770712],[-93.12641618531738,17.7049738368736],[-93.12669910402978,17.70497365471323],[-93.12669916745084,17.705064043619323],[-93.12679347373023,17.705063982812362],[-93.12679341026426,17.704973593906267],[-93.12707632897664,17.704973411206904],[-93.12707626536694,17.704883022300805],[-93.12698195917739,17.7048830832515],[-93.1269818956126,17.704792694345404],[-93.12660467104303,17.70479293766308],[-93.12660460767586,17.704702548756984],[-93.1264159954854,17.70470267014633],[-93.12641593219908,17.704612281240234],[-93.12632162615326,17.70461234186753],[-93.12632156292085,17.704521952961436],[-93.12622725691993,17.704522013534834],[-93.12622713055393,17.70434123571366],[-93.12613282465183,17.704341296251126],[-93.12613257210846,17.70397974059979],[-93.126038266395,17.70397980108336],[-93.12603814021764,17.7037990232532],[-93.12613244585025,17.703798962760647],[-93.12613219331585,17.703437407091347],[-93.12622649875082,17.70343734655388],[-93.12622637240277,17.70325656871474]]],[[[-93.12622637240277,17.70325656871474],[-93.12632067773893,17.703256508132355],[-93.1263206145155,17.703166119217276],[-93.12641491980673,17.70316605858998],[-93.12641485653839,17.703075669665914],[-93.12660346703105,17.70307554829454],[-93.1266033403057,17.702894770446413],[-93.12650903514921,17.70289483115456],[-93.12650897183596,17.702804442230498],[-93.12632036162178,17.702804563521028],[-93.12632055129207,17.703075730293214],[-93.12622624604575,17.703075790866613],[-93.12622637240277,17.70325656871474]]]]},"id":"+19470+15188","properties":{"count":263,"label":1}},{"type":"Feature","geometry":{"geodesic":false,"type":"Polygon","coordinates":[[[-93.1267978539425,17.711300815168066],[-93.12679772695665,17.711120037472654],[-93.1267034175062,17.711120098306566],[-93.12670335405821,17.71102970945437],[-93.12660904466166,17.711029770243364],[-93.12660891786446,17.710848992538967],[-93.12642029925104,17.71084911397323],[-93.12642023594677,17.710758725121032],[-93.12623161742317,17.71075884637563],[-93.12623155421771,17.710668457523433],[-93.12613724500982,17.710668518078865],[-93.12613737133091,17.710849295792244],[-93.1260430620242,17.71084935630276],[-93.12604331447774,17.71121091171155],[-93.12594900498239,17.711210972177152],[-93.12594913112382,17.71139174987256],[-93.12585482152966,17.71139181030223],[-93.12585494757226,17.711572587997644],[-93.12576063788826,17.711572648373412],[-93.12576070086915,17.711663037225613],[-93.12566639113125,17.711663097556464],[-93.12566645405823,17.711753486408664],[-93.1254778344926,17.711753606944608],[-93.12547789732976,17.71184399578782],[-93.12510065800984,17.711844236311737],[-93.12510072064937,17.711934625163938],[-93.12491210089509,17.711934745160892],[-93.12491203834539,17.711844356308696],[-93.12462910884423,17.71184453596277],[-93.12462917125019,17.711934924805984],[-93.12444055149591,17.71193504435378],[-93.12444080076044,17.71229659973562],[-93.12434649069016,17.712296659437655],[-93.12434661523258,17.712477437133067],[-93.1242523050635,17.712477496790186],[-93.1242523672898,17.712567885633398],[-93.12415805707579,17.7125679452456],[-93.12415811925717,17.712658334088815],[-93.12406380898926,17.712658393656103],[-93.12406387112573,17.712748782499315],[-93.12396956081291,17.71274884203067],[-93.12396962289547,17.712839230873882],[-93.12406393325323,17.71283917134253],[-93.12406399538969,17.712929560185742],[-93.12415830579233,17.712929500618458],[-93.12415836796474,17.71301988945269],[-93.12434698886887,17.713019770174384],[-93.12434686431745,17.71283899249694],[-93.12444117467518,17.712838932794906],[-93.12444111235007,17.71274854395169],[-93.1245354226629,17.71274848420474],[-93.12453536029287,17.71265809536153],[-93.1246296705518,17.71265803556068],[-93.12462960813684,17.71256764672645],[-93.12472391835085,17.712567586880684],[-93.12472385589099,17.71247719803747],[-93.12491247621121,17.71247707822018],[-93.12491241366152,17.712386689376963],[-93.1252896541223,17.71238644920339],[-93.12528959137497,17.712296060360174],[-93.12547821151553,17.712295940003894],[-93.12547814867837,17.71220555116068],[-93.1257610787275,17.712205370284895],[-93.1257610157556,17.712114981441683],[-93.12594963568955,17.71211486063624],[-93.12594957261884,17.71202447179303],[-93.12604388254537,17.712024411318442],[-93.12604381942077,17.71193402247523],[-93.12613812929341,17.71193396195573],[-93.12613806613287,17.711843573112514],[-93.12632668578833,17.71184345194775],[-93.12632662252896,17.711753063104535],[-93.1264209323028,17.711753002450287],[-93.12642086899852,17.71166261360707],[-93.12660948846535,17.71166249216383],[-93.12660936165916,17.7114817144774],[-93.12670367129824,17.711481653688406],[-93.12670354440223,17.711300876001978],[-93.1267978539425,17.711300815168066]]]},"id":"+19472+15101","properties":{"count":204,"label":1}},{"type":"Feature","geometry":{"geodesic":false,"type":"MultiPolygon","coordinates":[[[[-93.12584682070253,17.699912419838856],[-93.12575251710912,17.69991248016971],[-93.12575264296308,17.70009325808072],[-93.12584694665533,17.70009319774088],[-93.12584682070253,17.699912419838856]]],[[[-93.12584682070253,17.699912419838856],[-93.12594112429596,17.699912359454103],[-93.12594099825334,17.699731581543098],[-93.12603530175694,17.699731521113428],[-93.12603523868623,17.699641132162416],[-93.1261295421449,17.69964107168783],[-93.12612947902927,17.699550682727835],[-93.12631808583882,17.699550561652902],[-93.12631802263336,17.699460172692906],[-93.12669523606382,17.699459929995065],[-93.12669517266971,17.69936954103507],[-93.12707238591155,17.699369297609596],[-93.12707244949429,17.69945968656061],[-93.12716675285415,17.69945962559195],[-93.1271666892175,17.699369236640937],[-93.12726099252346,17.699369175627364],[-93.1272608651693,17.699188397716355],[-93.12735516837645,17.699188336657866],[-93.12735510464998,17.69909794769787],[-93.12726080148774,17.699098008765343],[-93.12726073780617,17.699007619805347],[-93.12735504092349,17.699007558746857],[-93.12735446741206,17.69819405809792],[-93.12726016471694,17.69819411915641],[-93.12726010103538,17.69810373018743],[-93.12716579839417,17.698103791201003],[-93.12716573476649,17.698013402232025],[-93.12697712955594,17.698013524115442],[-93.12697706602708,17.697923135146464],[-93.1268827634757,17.697923196025293],[-93.12688269998279,17.69783280705631],[-93.12678839747632,17.697832867881242],[-93.12678827060725,17.697652089943283],[-93.12669396819062,17.697652150723297],[-93.12669371463215,17.69729059482942],[-93.12659941240416,17.69729065556451],[-93.12659934906395,17.697200266586552],[-93.12669365124702,17.697200205851455],[-93.12669358785291,17.697109816873493],[-93.12631637932725,17.697110059544386],[-93.12631631613077,17.697019670566423],[-93.12612771195327,17.69701979162339],[-93.1261276488556,17.69692940264543],[-93.12603334681627,17.69692946311103],[-93.12603328375454,17.69683907413307],[-93.1259389817691,17.69683913454477],[-93.12593891875228,17.69674874556681],[-93.12584461681175,17.6967488059336],[-93.12584449088591,17.69656802796869],[-93.12575018903523,17.69656808829056],[-93.12574993738119,17.696206532351766],[-93.12565563571913,17.696206592628723],[-93.12565557285502,17.69611620364178],[-93.12574987447216,17.69611614335584],[-93.1257496228271,17.69575458739908],[-93.12584392425559,17.695754527068225],[-93.12584367242188,17.695392971093494],[-93.12593797366172,17.695392910726707],[-93.12593784765504,17.695212132734852],[-93.12603214880504,17.695212072323148],[-93.12603202269953,17.695031294331294],[-93.12612632375073,17.695031233874676],[-93.12612626065307,17.694940844878747],[-93.12622056165934,17.694940784377213],[-93.12622049851676,17.694850395381284],[-93.1261261975554,17.694850455873837],[-93.12612613446672,17.694760066877908],[-93.12622043537418,17.694760006376374],[-93.12622018280385,17.694398450374695],[-93.12631448352268,17.694398389828248],[-93.12631435714768,17.694217611818424],[-93.12640865776768,17.69421755122706],[-93.12640859453526,17.69412716222215],[-93.12650289511035,17.694127101594848],[-93.12650283183302,17.694036712589938],[-93.1265971323542,17.694036651908743],[-93.12659687904727,17.693675095880113],[-93.1264082783732,17.69367521718861],[-93.12640821514078,17.6935848281837],[-93.12621961455656,17.69358494930355],[-93.12621955141397,17.69349456029864],[-93.12612525117126,17.69349462079119],[-93.12612518808258,17.693404231777293],[-93.12584228748022,17.693404412994436],[-93.12584235042517,17.69349480200833],[-93.12574805018247,17.69349486232122],[-93.12574798728242,17.693404473307325],[-93.12565368708464,17.693404533575297],[-93.12565374993078,17.693494922589192],[-93.12555944968807,17.693494982812247],[-93.12555938687785,17.693404593798356],[-93.12518218606873,17.693404834250405],[-93.12518212345614,17.69331444522753],[-93.12508782329428,17.693314505226006],[-93.12508788587093,17.693404894248886],[-93.12499358566416,17.693404954193465],[-93.12499352314141,17.69331456517957],[-93.12489922298853,17.693314625088217],[-93.12489947289086,17.693676181152775],[-93.12480517254934,17.693676241016504],[-93.12480529740618,17.693857019044295],[-93.12471099696585,17.693857078863108],[-93.12471112173286,17.694037856890898],[-93.12461682120268,17.694037916664797],[-93.12461694587088,17.694218694683602],[-93.1245226452419,17.694218754412585],[-93.12452270754005,17.694309143426477],[-93.12442840685718,17.694309203110546],[-93.12442846910145,17.694399592115456],[-93.12423986765482,17.69439971135783],[-93.12423992980028,17.69449010036274],[-93.12395702748213,17.69449027887595],[-93.12395721351425,17.69476144590865],[-93.1238629125978,17.694761505323225],[-93.12386303652039,17.694942283333045],[-93.12395733753566,17.694942223918474],[-93.12395746155707,17.695123001928295],[-93.12386316045198,17.69512306134287],[-93.12386340831513,17.69548461736251],[-93.12376910702139,17.695484676732168],[-93.12376923085415,17.695665454733007],[-93.12367492947058,17.695665514057747],[-93.1236750532135,17.695846292058587],[-93.12358075173113,17.695846351347395],[-93.12358099903733,17.696207907331107],[-93.12348669736629,17.696207966575],[-93.12348682092956,17.696388744566857],[-93.12339251915972,17.69638880375685],[-93.12339264263315,17.696569581748705],[-93.12329834076449,17.696569640893784],[-93.12329840245181,17.696660029889713],[-93.12320410054721,17.696660088998858],[-93.12320416218961,17.696750477985802],[-93.12301555827263,17.69675059606036],[-93.12301561982518,17.69684098505629],[-93.1229213178128,17.696841044021706],[-93.12292150231778,17.69711221100051],[-93.12301580446491,17.697112152026108],[-93.12301586600849,17.697202541013052],[-93.12311016820054,17.697202482002723],[-93.12311022979803,17.697292870989667],[-93.12320453203499,17.697292811925436],[-93.12320459367739,17.69738320091238],[-93.12329889596826,17.697383141803236],[-93.12329895765556,17.69747353079018],[-93.12339325999135,17.69747347163612],[-93.12339332173256,17.697563860623063],[-93.12348762411325,17.697563801424085],[-93.12348774767652,17.697744579388992],[-93.12358205015603,17.6977445201451],[-93.12358217381812,17.697925298101023],[-93.12367647638746,17.697925238812214],[-93.12367672391824,17.69828679472406],[-93.12377102667624,17.698286735390337],[-93.1237712124658,17.698557902315237],[-93.12386551536753,17.698557842927613],[-93.12386576328457,17.69891939882149],[-93.12405436944735,17.6989192799115],[-93.12405443152991,17.69900966888048],[-93.1242430377915,17.69900954979082],[-93.1242429756191,17.698919160830826],[-93.12433727870048,17.69891910121862],[-93.1243373409178,17.6990094901876],[-93.12452594717938,17.69900937082845],[-93.12452588487224,17.69891898185947],[-93.12490309719777,17.698918742602178],[-93.12490315970255,17.699009131571156],[-93.12528037221674,17.699008891586228],[-93.12528043490117,17.699099280546225],[-93.1254690412526,17.699099160288757],[-93.12546910403584,17.69918954924875],[-93.12556340725197,17.69918948904366],[-93.12556347008913,17.69927987801264],[-93.12565777335018,17.699279817762633],[-93.12565789910533,17.699460595682623],[-93.12575220247419,17.6994605353877],[-93.12575245417314,17.6998220912187],[-93.12584675773064,17.699822030878863],[-93.12584682070253,17.699912419838856]]]]},"id":"+19485+15293","properties":{"count":1810,"label":1}},{"type":"Feature","geometry":{"geodesic":false,"type":"Polygon","coordinates":[[[-93.12301906701127,17.701902767301114],[-93.1230189438792,17.70172198940807],[-93.12292463932458,17.701722048400438],[-93.12292457780795,17.701631659449426],[-93.12283027329825,17.701631718396875],[-93.12283021182652,17.701541329445863],[-93.12273590737072,17.70154138833941],[-93.12273596879751,17.701631777290423],[-93.12264166428781,17.701631836139057],[-93.1226417256697,17.70172222509007],[-93.12245311656045,17.701722342661576],[-93.12245336169272,17.702083898447658],[-93.12235905694946,17.702083957170526],[-93.12235917942577,17.702264735054584],[-93.12226487459266,17.70226479373254],[-93.12226499697016,17.702445571616597],[-93.12217069203824,17.702445630249635],[-93.1221708143259,17.702626408133693],[-93.12207650930415,17.702626466712832],[-93.12207657039858,17.702716855654863],[-93.12235948562551,17.70271667976473],[-93.12235924066391,17.702355123996615],[-93.12245354555091,17.702355065282728],[-93.1224534229758,17.702174287389685],[-93.12254772777297,17.70217422863088],[-93.12254766643599,17.702083839688854],[-93.12264197117926,17.70208378087615],[-93.12264190979738,17.701993391934124],[-93.12283051919408,17.701993274182957],[-93.12283045772237,17.701902885231945],[-93.12301906701127,17.701902767301114]]]},"id":"+19508+15202","properties":{"count":35,"label":1}},{"type":"Feature","geometry":{"geodesic":false,"type":"Polygon","coordinates":[[[-93.12283783708598,17.71274955279569],[-93.12283777556935,17.712659163943492],[-93.12274346531044,17.712659222881957],[-93.12274340383871,17.71256883402976],[-93.12264909361572,17.712568892923308],[-93.12264897078009,17.7123881152279],[-93.12255466065592,17.71238817406755],[-93.12255459927403,17.712297785215352],[-93.12246028920376,17.71229784401907],[-93.12246022787576,17.712207455166872],[-93.12236591784142,17.71220751391669],[-93.12236585656734,17.712117125064495],[-93.1222715465779,17.712117183769397],[-93.12227148534873,17.7120267949172],[-93.12217717541321,17.71202685357719],[-93.12217711422896,17.711936464724992],[-93.12208280433835,17.711936523340064],[-93.12208274320798,17.711846134478883],[-93.12198843336229,17.71184619304904],[-93.12198837227685,17.711755804196844],[-93.12189406247606,17.711755862722082],[-93.12189400143554,17.711665473860904],[-93.12179969168865,17.71166553234123],[-93.12179956969744,17.711484754618866],[-93.12170526004937,17.711484813054277],[-93.12170501627355,17.711123257600573],[-93.12161070680514,17.711123315982082],[-93.12161058501157,17.710942538250737],[-93.12170489438115,17.710942479869228],[-93.12170465061432,17.710580924388573],[-93.12179895979526,17.710580865962147],[-93.12179883782201,17.710400088221817],[-93.12161021963979,17.710400205038738],[-93.12161028053657,17.7104905939089],[-93.12151597140054,17.710490652245497],[-93.12151591055765,17.710400263375334],[-93.12113867419319,17.710400496281537],[-93.12113861352996,17.71031010740239],[-93.12094999544655,17.710310223581505],[-93.12094993488213,17.710219834711342],[-93.12085562588085,17.710219892733527],[-93.12085556537033,17.71012950385438],[-93.12076125642295,17.710129561831646],[-93.12076113548277,17.709948784073354],[-93.12066682662521,17.709948842005705],[-93.12066658495145,17.709587286480136],[-93.12057227628254,17.709587344367574],[-93.12057215554897,17.709406566600297],[-93.12066646411907,17.70940650871286],[-93.12066628286598,17.709135342057454],[-93.12057197443963,17.709135399935906],[-93.12057191407284,17.709045011047778],[-93.12047760568241,17.709045068890298],[-93.12047754536054,17.70895468000217],[-93.12038323702401,17.70895473779079],[-93.12038311647909,17.708773960005548],[-93.12028880823239,17.708774017758238],[-93.12028874800933,17.708683628861124],[-93.12019443980755,17.708683686559915],[-93.12019437962941,17.708593297671783],[-93.12000576333364,17.70859341293462],[-93.12000570324533,17.708503024037505],[-93.1198170870394,17.708503139120676],[-93.1198170270499,17.708412750223562],[-93.11972271899185,17.708412807697776],[-93.11972265904727,17.708322418800662],[-93.11953404302999,17.708322533605354],[-93.11953398318421,17.70823214470824],[-93.119439675216,17.708232202047707],[-93.11943961541515,17.708141813150593],[-93.11934530750082,17.708141870436158],[-93.11934518799795,17.70796109263295],[-93.11925088017345,17.707961149882582],[-93.11925082047142,17.707870760976487],[-93.11915651270083,17.70787081817222],[-93.1191563933866,17.707690040369013],[-93.11906208570583,17.70769009751983],[-93.11906184727499,17.707328541895443],[-93.11896753978289,17.707328599001347],[-93.11896748022458,17.707238210086267],[-93.11887317277738,17.707238267147254],[-93.11887329180416,17.70741904496843],[-93.11877898425814,17.707419101984502],[-93.11877904372662,17.707509490890597],[-93.11868473613569,17.707509547861754],[-93.11868479555027,17.70759993677683],[-93.11859048791442,17.70759999370307],[-93.11859054728407,17.70769038260917],[-93.11849623960332,17.70769043949049],[-93.11849629892806,17.707780828396587],[-93.1184019911934,17.707780885232996],[-93.11840205047322,17.70787127413909],[-93.1184963582528,17.707871217302685],[-93.11849641757755,17.70796160620878],[-93.11859072540203,17.707961549327457],[-93.11859078477168,17.708051938233552],[-93.11868509265008,17.70805188129833],[-93.1186852114882,17.70823265911052],[-93.11877951945642,17.708232602130384],[-93.11877975733032,17.708594157736805],[-93.11887406548718,17.70859410071175],[-93.11887412500056,17.708684489608864],[-93.11877981679878,17.708684546633915],[-93.11878005468165,17.709046102213385],[-93.11868574629122,17.709046159193523],[-93.11868586513833,17.709226936978766],[-93.11859155665807,17.70922699391399],[-93.11859173478501,17.709498160587362],[-93.11849742616103,17.70949821746869],[-93.11849754481949,17.70967899525393],[-93.11840323609668,17.70967905209932],[-93.11840329538549,17.70976944098745],[-93.1183089866088,17.709769497787928],[-93.11830904585268,17.709859886676057],[-93.11812042820945,17.709860000133276],[-93.11812048735453,17.709950389021408],[-93.11774325188838,17.70995061540584],[-93.11774331084482,17.71004100429397],[-93.11764900192438,17.710041060780036],[-93.11764894302185,17.709950671882922],[-93.11727170754672,17.70995089736006],[-93.11727164882386,17.70986050847193],[-93.11717734000223,17.709860564724433],[-93.11717751601813,17.710131731397805],[-93.11727182498348,17.710131675145302],[-93.11727188369737,17.710222064033434],[-93.1171775746871,17.710222120285938],[-93.11717780938095,17.710583675838457],[-93.11708350018205,17.710583732046043],[-93.11708361743914,17.710764509822305],[-93.11698930814141,17.710764565984974],[-93.11698936672055,17.710854954873106],[-93.1168950573779,17.710855010990862],[-93.11689511591213,17.71094539987899],[-93.11670649713702,17.710945511988736],[-93.11670655557242,17.711035900867884],[-93.11632931781558,17.71103612454839],[-93.11632937607132,17.711126513436522],[-93.11623506657597,17.711126569239866],[-93.11623500837412,17.71103618036072],[-93.11585777060829,17.711036403133928],[-93.11585788664368,17.711217180901205],[-93.11595219617496,17.71121712527752],[-93.11595242843438,17.71157868080309],[-93.11585811870546,17.711578736426773],[-93.11585835077624,17.71194029194336],[-93.11576404086766,17.71194034753111],[-93.11576415681321,17.712121125280422],[-93.11566984679683,17.712121180823257],[-93.11567002057592,17.71239234744273],[-93.11557571042479,17.712392402940647],[-93.1155760577045,17.712934736170613],[-93.11548174726592,17.712934791614632],[-93.11548197860905,17.713296347086303],[-93.11538766798182,17.71329640249439],[-93.11538778355906,17.713477180225734],[-93.115293472842,17.713477235588908],[-93.11529358832043,17.713658013311267],[-93.11519927750454,17.713658068629524],[-93.11519939289315,17.713838846360865],[-93.11510508198744,17.713838901634205],[-93.11510513963232,17.713929290495386],[-93.11501082868169,17.71392934572381],[-93.11501088628167,17.71401973458499],[-93.11491657527715,17.7140197897685],[-93.1149166328322,17.714110178629678],[-93.11482232178277,17.71411023376827],[-93.11482237929292,17.714200622620467],[-93.11472806818956,17.714200677714146],[-93.11472812565479,17.714291066575324],[-93.11463381450655,17.714291121624086],[-93.11463387191787,17.714381510485268],[-93.11453956072471,17.714381565489113],[-93.11453961809111,17.71447195434131],[-93.11444530685303,17.714472009300238],[-93.11444553613003,17.714833564726995],[-93.1143512247033,17.714833619641006],[-93.11435139652407,17.71510478620658],[-93.1142570849536,17.71510484107568],[-93.11425719940796,17.715285618780076],[-93.11416288773867,17.715285673604257],[-93.11416294491644,17.715376062456453],[-93.11406863320225,17.71537611723572],[-93.1140686903351,17.715466506087918],[-93.11397437857599,17.715466560822268],[-93.11397443566392,17.715556949674465],[-93.11378581204688,17.715557059008418],[-93.11378586903601,17.715647447860615],[-93.11340862160431,17.715647665989533],[-93.11340867840478,17.71573805484173],[-93.11331436650194,17.715738109261668],[-93.1133143097374,17.71564772040947],[-93.11293706229672,17.71564793763109],[-93.1129370057298,17.715557548778893],[-93.11274838210379,17.715557657115717],[-93.11274832562671,17.71546726826352],[-93.11265401385862,17.715467322360066],[-93.11265395743543,17.71537693350787],[-93.11237102227487,17.715377095536997],[-93.11237096598644,17.7152867066848],[-93.11208803096962,17.715286868309686],[-93.11208797482492,17.715196479448505],[-93.1118993515672,17.71519658696786],[-93.1118994076131,17.71528697582904],[-93.1116164725873,17.71528713677121],[-93.11161686392937,17.715919858772523],[-93.11171117594,17.71591980517005],[-93.11171134380818,17.71619097172664],[-93.11161703166279,17.716191025329113],[-93.11161725529838,17.71655258072892],[-93.11152294295538,17.71655263428648],[-93.11152305468782,17.71673341198189],[-93.11142874225497,17.716733465503513],[-93.11142879806731,17.71682385434673],[-93.11133448558954,17.716823907823436],[-93.11133454135695,17.71691429666665],[-93.11114591630262,17.716914403476338],[-93.11114597198019,17.717004792319553],[-93.11076872167389,17.717005005390956],[-93.11076877715384,17.717095394243152],[-93.11039152665889,17.7170956065959],[-93.1103914713586,17.717005217743704],[-93.11029715878202,17.717005270717358],[-93.1102972140284,17.717095659569555],[-93.11020290140691,17.717095712498292],[-93.11020295660839,17.717186101341504],[-93.1100143312576,17.71718620706423],[-93.11001438636924,17.717276595916427],[-93.10982576091965,17.717276701459493],[-93.10982581594146,17.717367090302705],[-93.10944856485361,17.71736730084984],[-93.10944861968677,17.717457689693056],[-93.10925999404853,17.71745779469713],[-93.10925993931419,17.717367405853917],[-93.10888268822634,17.717367615305108],[-93.10888263368064,17.717277226461892],[-93.10869400823104,17.717277330917995],[-93.10869395378415,17.717186942065798],[-93.10859964109977,17.717186994221983],[-93.10859958670679,17.717096605369786],[-93.10850527406733,17.71709665749004],[-93.10850521971925,17.71700626863784],[-93.10822228196257,17.717006424702156],[-93.1082224988069,17.717367980110943],[-93.10812818603269,17.717368032051535],[-93.10812834852894,17.717639198599144],[-93.108034035611,17.717639250485835],[-93.10803414384901,17.717820028181244],[-93.10793983084125,17.717820080032002],[-93.10793988491083,17.717910468875218],[-93.10784557184917,17.71791052068106],[-93.10784562587385,17.718000909524275],[-93.10775131276726,17.718000961276218],[-93.10775136674704,17.718091350128415],[-93.10756274043506,17.718091453497554],[-93.10756279432499,17.718181842349754],[-93.10718554151238,17.718182048549043],[-93.10718559520468,17.71827243740124],[-93.10709128195437,17.718272488838775],[-93.10709122830698,17.71818209999556],[-93.10671397548539,17.718182305296533],[-93.10671392202664,17.718091916444337],[-93.10652529570568,17.71809201882533],[-93.10652524234575,17.71800162997313],[-93.10643092923019,17.718001681096254],[-93.10643087591517,17.717911292244057],[-93.1063365628535,17.717911343322264],[-93.10633645631331,17.71773056561787],[-93.10624214334148,17.71773061665116],[-93.10624193045872,17.717369061224407],[-93.10614761767553,17.71736911221278],[-93.10614751133296,17.71718833449042],[-93.1060531986396,17.71718838543388],[-93.10605314552222,17.7170979965727],[-93.10595883287378,17.717098047462258],[-93.10595872671986,17.7169172697399],[-93.10586441417922,17.716917320593527],[-93.10586452023432,17.717098098315887],[-93.10577020759486,17.717098149115618],[-93.10577031356013,17.717278926828996],[-93.10567600082186,17.71727897759279],[-93.1056761066973,17.71745975530617],[-93.1057704195344,17.717459704551356],[-93.10577057848229,17.71773087111693],[-93.10567626551045,17.717730921871745],[-93.10567647727032,17.718092477289517],[-93.10558216410983,17.718092527999417],[-93.10558226988647,17.71827330570381],[-93.10548795663615,17.718273356377775],[-93.10548800947505,17.71836374522099],[-93.10539369617084,17.71836379585004],[-93.10539374897381,17.718454184693254],[-93.10529943562469,17.718454235277388],[-93.10529948837376,17.718544624129585],[-93.10520517497073,17.718544674659817],[-93.10520522768387,17.718635063512018],[-93.10511091423592,17.718635113997337],[-93.10511101954543,17.718815891692746],[-93.10529964662996,17.71881579066821],[-93.10529969938801,17.718906179511425],[-93.10548832656238,17.718906078307224],[-93.10548837941028,17.71899646715044],[-93.10558269304686,17.718996416476475],[-93.10558274593967,17.719086805319687],[-93.10567705962117,17.71908675460979],[-93.1056771125589,17.71917714344402],[-93.1057714262943,17.719177092689208],[-93.10577153226855,17.719357870366654],[-93.10586584609378,17.719357819557942],[-93.1058660582489,17.71971937491283],[-93.10596037226279,17.719719324059202],[-93.10596047843467,17.719900101727664],[-93.10605479253839,17.719900050820137],[-93.10605473941202,17.719809661985906],[-93.10624336752063,17.71980956005407],[-93.1062434207548,17.7198999488883],[-93.10662067716964,17.719899744467675],[-93.10662073058347,17.71999013330191],[-93.10680935888972,17.7199900308221],[-93.10680941240236,17.72008041964735],[-93.1069037265959,17.72008036834456],[-93.10690378016244,17.72017075716981],[-93.10699809440091,17.720170705813125],[-93.10699814801235,17.720261094647356],[-93.10709246230472,17.720261043245756],[-93.10709256961746,17.72044182089625],[-93.10718688399965,17.720441769449735],[-93.10718709881378,17.720803324750726],[-93.10728141339361,17.720803273259296],[-93.10728146713981,17.72089366207556],[-93.10747009638928,17.720893558957947],[-93.1074701502343,17.72098394777421],[-93.10765877956462,17.720983844476937],[-93.10765883350845,17.7210742332932],[-93.10784746293758,17.72107412980728],[-93.10784751697125,17.721164518623546],[-93.1080361464992,17.721164414957965],[-93.1080362006227,17.72125480377423],[-93.10831914504489,17.721254647943475],[-93.10831909077766,17.72116425912721],[-93.10850772029663,17.721164155003486],[-93.10850761155555,17.720983377370956],[-93.1084132968949,17.720983429455277],[-93.1084131339315,17.7207122629975],[-93.10831881941458,17.720712315036902],[-93.1083186023277,17.720350759753877],[-93.10822428799042,17.720350811739383],[-93.1082241253235,17.72007964526364],[-93.10831843951703,17.720079593278136],[-93.10831822244813,17.71971803796816],[-93.10841253644405,17.719717985937738],[-93.10841242781977,17.71953720827826],[-93.10850674172585,17.71953715620292],[-93.10850663300275,17.71935637853446],[-93.10860094681901,17.719356326414207],[-93.10860089240805,17.71926593758896],[-93.1086952061704,17.719265885414806],[-93.10869515171453,17.71917549658956],[-93.10888377915839,17.719175392115492],[-93.1088837246037,17.71908500328126],[-93.10926097928481,17.71908479380312],[-93.10926092455045,17.71899440496889],[-93.10935523816907,17.71899435248931],[-93.10935529295733,17.71908474132354],[-93.10973254762945,17.7190845309381],[-93.10973260260634,17.71917491976335],[-93.10992123003224,17.719174814301134],[-93.10992128509896,17.719265203135368],[-93.11010991262367,17.719265097484506],[-93.11010996778921,17.719355486309755],[-93.11020428159648,17.71935543341695],[-93.11020433680694,17.719445822242196],[-93.11029865065912,17.719445769313463],[-93.11029870592348,17.71953615813871],[-93.11039301982058,17.719536105156074],[-93.11039307512985,17.71962649397234],[-93.11048738908086,17.719626440944786],[-93.11048749978923,17.71980721859528],[-93.11058181383007,17.719807165522816],[-93.11058203544444,17.72016872079686],[-93.11067634967392,17.720168667679477],[-93.11067646057992,17.720349445312007],[-93.11058214625163,17.72034949842939],[-93.110582367875,17.720711053685463],[-93.11048805335805,17.720711106766913],[-93.11048816407542,17.72089188439046],[-93.11039384946865,17.720891937426995],[-93.11039390477792,17.720982326234278],[-93.11029959011725,17.720982379225894],[-93.1102996453816,17.721072768033178],[-93.11020533067602,17.721072820970896],[-93.11020538589545,17.72116320978716],[-93.11001675639446,17.721163315536835],[-93.11001681151508,17.721253704344118],[-93.10992249671068,17.72125375714709],[-93.1099225517864,17.721344145963354],[-93.10973392209675,17.72134425143455],[-93.10973403205952,17.7215250290581],[-93.10982834699867,17.721524976335974],[-93.10982856713083,17.7218865315651],[-93.10992288225863,17.721886478798062],[-93.10992293734331,17.721976867605342],[-93.10982862216163,17.7219769203634],[-93.10982884229378,17.72233847557456],[-93.10973452692345,17.722338528296685],[-93.10973474686696,17.72270008348988],[-93.10982906242594,17.722700030767754],[-93.10982911746572,17.722790419566053],[-93.11001774867353,17.72279031398706],[-93.11001780380313,17.722880702785357],[-93.11011211945195,17.722880649928484],[-93.11011217463546,17.722971038717798],[-93.11020649032919,17.722970985816012],[-93.11020654555762,17.723061374605326],[-93.11030086129625,17.723061321658626],[-93.11030097184293,17.72324209924624],[-93.1103952876804,17.723242046245637],[-93.11039550897138,17.7236036014029],[-93.1104898249975,17.723603548366363],[-93.11048988036964,17.723693937146695],[-93.1106785125117,17.723693830929896],[-93.11067856798266,17.72378421971921],[-93.11077288409861,17.723784166538948],[-93.1107728285917,17.72369377774963],[-93.11086714466272,17.723693724533433],[-93.11086708910193,17.72360333574412],[-93.11096140512804,17.723603282483005],[-93.11096134953131,17.72351289369369],[-93.11105566550351,17.723512840378678],[-93.11105560985288,17.723422451598346],[-93.11124424171645,17.723422344833576],[-93.111244185967,17.72333195604426],[-93.11162144949651,17.723331741984712],[-93.1116213935674,17.72324135320438],[-93.11181002523334,17.723241245900617],[-93.11180996920542,17.723150857111303],[-93.11190428498898,17.72315080339205],[-93.11190422891615,17.723060414602735],[-93.1119985446548,17.723060360838563],[-93.11199843241029,17.722879583268917],[-93.11209274805013,17.72287952945983],[-93.1120926357158,17.7226987518812],[-93.1121869512658,17.722698698027198],[-93.11218689504923,17.722608309237884],[-93.11228121055431,17.722608255338965],[-93.11228115428385,17.72251786654965],[-93.11237546974402,17.72251781260582],[-93.11237541342864,17.7224274238165],[-93.11246972883491,17.722427369827756],[-93.11246967248358,17.722336981029457],[-93.11256398783596,17.72233692699579],[-93.11256393143972,17.722246538206477],[-93.11275256205464,17.7222464300044],[-93.11275250555958,17.722156041215083],[-93.11294113608467,17.722155932833346],[-93.11294107949081,17.722065544035047],[-93.11331834035232,17.72206532673258],[-93.11331828356981,17.721974937943266],[-93.11341259874251,17.721974883496376],[-93.1134125419151,17.72188449470706],[-93.11322391167748,17.721884603537955],[-93.11322385493987,17.72179421474864],[-93.11312953986598,17.721794269096716],[-93.11312948318229,17.721703880298417],[-93.11303516815332,17.721703934601578],[-93.11303511151453,17.72161354580328],[-93.11294079653946,17.72161360006152],[-93.11294068336072,17.721432822464923],[-93.11284636847546,17.72143287667825],[-93.11284614230662,17.721071321476074],[-93.11275182761003,17.721071375635503],[-93.11275177111497,17.720980986837205],[-93.11284608576666,17.720980932668795],[-93.11284585960681,17.72061937744865],[-93.11294017406087,17.720619323244307],[-93.1129400608911,17.720438545629744],[-93.11303437525532,17.7204384913715],[-93.11303431862554,17.720348102564216],[-93.11312863293585,17.72034804827004],[-93.11312857626115,17.720257659453775],[-93.11331720480095,17.720257550721694],[-93.11331714802742,17.720167161914414],[-93.1136000906889,17.720166998483915],[-93.1135999768544,17.719986220860367],[-93.11369429098505,17.719986166287715],[-93.11369417706071,17.71980538867315],[-93.11378849109256,17.719805334055582],[-93.11378832006231,17.71953416761577],[-93.11388263395942,17.71953411296227],[-93.11388240573343,17.71917255769721],[-93.1139767194419,17.71917250299879],[-93.11397660523907,17.718991725366262],[-93.11407091883973,17.718991670613946],[-93.11407086169788,17.71890128179768],[-93.11416517525363,17.718901227009432],[-93.1141651180579,17.718810838184183],[-93.11435374507954,17.71881072847294],[-93.114353687785,17.71872033964769],[-93.11473094163067,17.718720119668244],[-93.11473088415646,17.71862973085198],[-93.11501382440147,17.718629565391286],[-93.11501388201941,17.71871995420755],[-93.11510819547634,17.71871989896116],[-93.11510813781348,17.718629510144897],[-93.1152024512255,17.71862945485359],[-93.11520239350874,17.718539066037327],[-93.11529670687584,17.71853901071009],[-93.11529659135249,17.718358233068574],[-93.11491933827038,17.718358454126],[-93.11491928069735,17.718268065309736],[-93.11473065425062,17.71826817556895],[-93.11473059677641,17.718177786743706],[-93.11463628359796,17.71817784180145],[-93.11463622616867,17.718087452985184],[-93.11454191304412,17.718087507998014],[-93.11454185565974,17.717997119172765],[-93.11444754258011,17.717997174140677],[-93.11444748524065,17.717906785315428],[-93.11435317220592,17.717906840238424],[-93.11435305763479,17.71772606258793],[-93.114164431754,17.717726172299177],[-93.11416437455827,17.717635783464942],[-93.1139757487673,17.717635892996526],[-93.11397569167039,17.717545504162295],[-93.11388137882432,17.717545558860714],[-93.11388132177231,17.717455170035464],[-93.11378700897116,17.717455224679984],[-93.11378689497495,17.717274447011523],[-93.11369258226362,17.717274501620107],[-93.11369235445986,17.7169129462742],[-93.11359804193717,17.71691300083787],[-93.11359798503788,17.716822611994658],[-93.11369229750666,17.71682255743997],[-93.11369206970289,17.716461002076095],[-93.113786381992,17.71646094746751],[-93.11378626799579,17.716280169781083],[-93.11388058018609,17.716280115136563],[-93.11388052314308,17.716189726293347],[-93.11397483528846,17.716189671603914],[-93.11397477819155,17.7160992827607],[-93.1141634023835,17.7160991732381],[-93.11416334519674,17.716008784394887],[-93.11454059337406,17.716008564810696],[-93.11454053600764,17.715918175967484],[-93.11501209598897,17.715917900472153],[-93.11501215359793,17.716008289315365],[-93.11538940176625,17.71600806810523],[-93.11538945956386,17.71609845693946],[-93.11548377164635,17.716098401522387],[-93.11548371380384,17.716008012688157],[-93.11576664992558,17.716007846167454],[-93.11576670791183,17.716098235001684],[-93.11595533208582,17.716098123763302],[-93.11595527400075,17.71600773492907],[-93.11652114623527,17.71600740011798],[-93.11652120459881,17.716097788952215],[-93.11689845292884,17.716097564840517],[-93.11689851149,17.71618795368373],[-93.11746438426351,17.716187616150744],[-93.11746444310316,17.71627800498498],[-93.1175587552755,17.716277948570777],[-93.11755863750636,17.716097170911297],[-93.11765294958886,17.716097114452182],[-93.1176528906504,17.71600672561795],[-93.11774720268798,17.71600666911392],[-93.1177471437046,17.71591628027969],[-93.11793576768096,17.71591616713688],[-93.11793570860776,17.715825778302648],[-93.11831295635386,17.715825551478037],[-93.11831289709201,17.715735162643806],[-93.11840720897688,17.715735105825367],[-93.11840726828366,17.715825494659597],[-93.11878451602976,17.715825266927688],[-93.11878457552518,17.715915655761922],[-93.11897319948358,17.715915541621982],[-93.11897325907782,17.716005930456213],[-93.11906757110643,17.716005873323358],[-93.11906763074558,17.716096262148607],[-93.11916194281909,17.716096204961858],[-93.11916206219621,17.716276982621334],[-93.11925637436855,17.716276925389668],[-93.11925661331144,17.71663848069066],[-93.1193509256724,17.71663842341408],[-93.1193509854553,17.716728812239324],[-93.11925667304939,17.716728869515908],[-93.11925685226329,17.717000035973687],[-93.11935116481293,17.716999978697103],[-93.1193512245958,17.717090367513368],[-93.11944553719036,17.71709031019187],[-93.11944559702714,17.717180699017117],[-93.11953990966659,17.71718064164172],[-93.1195398497849,17.717090252825454],[-93.12020003791976,17.717089849993933],[-93.12020009813382,17.717180238810197],[-93.12057734868269,17.717180007619774],[-93.1205774090854,17.71727039643604],[-93.12086034712954,17.717270222567116],[-93.12086040767599,17.7173606113744],[-93.12095472040528,17.717360553325264],[-93.12095441745744,17.716908609261907],[-93.12104872995316,17.716908551176843],[-93.12104866931689,17.71681816236058],[-93.12095435686606,17.716818220454627],[-93.12095411451857,17.716456665180583],[-93.12085980226539,17.71645672322972],[-93.12085968118147,17.716275945588205],[-93.12095399334483,17.716275887539073],[-93.12095393276245,17.71618549872281],[-93.12085962064401,17.71618555676296],[-93.12085956010654,17.71609516794669],[-93.120765248042,17.716095225941928],[-93.1207651270569,17.715914448291432],[-93.12067081508219,17.71591450624175],[-93.12067057330961,17.715552950940758],[-93.12057626152355,17.71555300884616],[-93.12057620112982,17.71546262001193],[-93.12067051287096,17.715462562106527],[-93.12067027110737,17.71510100678757],[-93.12076458265987,17.71510094883725],[-93.12076446168375,17.71492017117777],[-93.12085877313743,17.714920113182536],[-93.12085871260895,17.714829724348306],[-93.12095302401772,17.714829666308155],[-93.12095296343533,17.714739277473925],[-93.12114158615405,17.714739161267858],[-93.12114152547286,17.714648772433627],[-93.1212358367918,17.71464871425873],[-93.12123577606567,17.7145583254245],[-93.12133008733072,17.714558267204687],[-93.12133002655969,17.714467878370453],[-93.12142433777981,17.714467820105725],[-93.12142409451603,17.714106264759817],[-93.1215184055475,17.71410620645017],[-93.12151828382578,17.713925428772725],[-93.12161259475845,17.713925370418167],[-93.1216124729469,17.71374459274072],[-93.12170678378074,17.713744534341245],[-93.12170672283004,17.71365414549803],[-93.12180103361898,17.713654087062622],[-93.12180097261438,17.713563698219406],[-93.1218952833584,17.713563639730097],[-93.1218952223089,17.713473250886885],[-93.1220838436981,17.713473133782504],[-93.12208378255878,17.713382744939288],[-93.12236671449436,17.713382568932378],[-93.1223666532113,17.713292180098144],[-93.12246096381158,17.713292121339343],[-93.12246084114663,17.713111343652916],[-93.1225551516481,17.713111284849195],[-93.1225550289023,17.712930507153782],[-93.12264933930496,17.712930448314133],[-93.12264927788713,17.712840059461936],[-93.12274358824487,17.71284000057737],[-93.12274352677316,17.712749611725172],[-93.12283783708598,17.71274955279569]],[[-93.11322220982815,17.719172939346457],[-93.11322203966029,17.71890177288868],[-93.11312772609556,17.71890182722777],[-93.1131274994057,17.718540271935762],[-93.11303318602963,17.718540326229938],[-93.11303307277902,17.71835954857046],[-93.11293875950174,17.71835960281972],[-93.11293870291688,17.71826921399447],[-93.1128443896935,17.718269268189832],[-93.11284433316253,17.718178879364586],[-93.11265570678766,17.718178987629543],[-93.11265565035549,17.718088598804297],[-93.1122783978034,17.71808881478624],[-93.11227834155089,17.717998425952008],[-93.11190108918744,17.7179986412153],[-93.11190103312359,17.71790825238107],[-93.11171240703618,17.71790835973873],[-93.11171246300123,17.71799874857296],[-93.11133521061981,17.717998962749288],[-93.11133526639621,17.71808935158352],[-93.11114664011117,17.71808945840219],[-93.11114669578875,17.71817984723642],[-93.11105238260132,17.718179900578384],[-93.11105243823398,17.718270289412615],[-93.11095812499266,17.718270342709662],[-93.11095823616816,17.718451120378123],[-93.110863922837,17.718451173630253],[-93.11086414499036,17.71881272894921],[-93.11076983147055,17.718812782156427],[-93.11076988695949,17.718903170990657],[-93.1108642005332,17.71890311778344],[-93.11086442269556,17.71926467308443],[-93.1109587364579,17.719264619832302],[-93.11095895881789,17.71962617512431],[-93.11105327276888,17.719626121827265],[-93.1110533840432,17.71980689946878],[-93.11114769808403,17.71980684612682],[-93.1111477537706,17.719897234943083],[-93.11124206785634,17.71989718154722],[-93.11124212358783,17.71998757037247],[-93.11133643772747,17.719987516931692],[-93.11133649350387,17.720077905747956],[-93.11152512187299,17.72007779874064],[-93.1115251777482,17.720168187556904],[-93.11190243465713,17.720167972985315],[-93.11190249072098,17.72025836180158],[-93.11218543354417,17.720258200401275],[-93.11218537733657,17.720167811593992],[-93.11256263423653,17.72016759575578],[-93.1125625778403,17.7200772069485],[-93.11275120619145,17.720077098755404],[-93.11275114970537,17.719986709948124],[-93.11284546383604,17.719986655779714],[-93.11284540729608,17.71989626697243],[-93.11293972138182,17.719896212759103],[-93.11293960821206,17.719715435135555],[-93.113033922199,17.719715380886296],[-93.1130338089394,17.719534603253766],[-93.11312812282752,17.71953454895959],[-93.11312789612867,17.71917299368555],[-93.11322220982815,17.719172939346457]]]},"id":"+19549+15139","properties":{"count":8605,"label":1}},{"type":"Feature","geometry":{"geodesic":false,"type":"Polygon","coordinates":[[[-93.12009820760308,17.705791299218706],[-93.12009784689356,17.705248965683314],[-93.1200035404884,17.70524902328329],[-93.12000348041806,17.70515863435923],[-93.1199091740668,17.705158691905307],[-93.11990905401595,17.70497791405718],[-93.11981474775453,17.704977971558343],[-93.11981450785943,17.704616415844125],[-93.11972020178666,17.70461647330037],[-93.11972008193344,17.704435695434277],[-93.11934285801064,17.704435924819087],[-93.11934279827268,17.70434553588604],[-93.11915418639663,17.704345650304457],[-93.11915412675746,17.70425526136243],[-93.11905982087335,17.704255318504266],[-93.1190597612791,17.70416492957122],[-93.1188711495917,17.704165043720142],[-93.11887120908712,17.704255432653188],[-93.11849398553264,17.704255660403064],[-93.11849404483941,17.70434604934509],[-93.11830543296335,17.704346162955027],[-93.11830537374641,17.704255774012996],[-93.11792815018295,17.704256000675908],[-93.11792809115465,17.70416561173388],[-93.11773947945827,17.704165724795843],[-93.11773942052878,17.704075335853812],[-93.1176451147255,17.704075392312927],[-93.11764505584094,17.7039850033709],[-93.11755075009155,17.703985059794082],[-93.11755063241225,17.703804281901043],[-93.1174563267527,17.703804338270327],[-93.11745620917222,17.703623560377284],[-93.11736190361148,17.703623616701652],[-93.11736184487064,17.70353322775064],[-93.11726753935483,17.703533284030094],[-93.1172674806589,17.703442895079082],[-93.1169845642462,17.703443063647946],[-93.11698462279838,17.703533452598958],[-93.11689031727357,17.703533508698747],[-93.11689055130267,17.70389506449381],[-93.11679624559821,17.703895120548683],[-93.1167964209763,17.704166287392738],[-93.1167021151281,17.704166343402697],[-93.11670223195401,17.704347121286755],[-93.116607926007,17.704347177251794],[-93.11660798437953,17.704437566193825],[-93.1165136783876,17.70443762211395],[-93.11651373670622,17.704528011064962],[-93.11632512462356,17.70452812277047],[-93.11632518285236,17.704618511712496],[-93.11594795849838,17.70461873458452],[-93.11594801653852,17.70470912352655],[-93.11585371039389,17.704709179132266],[-93.11585365240764,17.704618790190235],[-93.11547642804467,17.70461901215496],[-93.11547637024707,17.70452862320395],[-93.11509914606377,17.704528844450017],[-93.11509908845481,17.704438455499005],[-93.11491047646197,17.704438565848054],[-93.11491041894284,17.704348176897042],[-93.11472180703984,17.70434828706643],[-93.11472174961054,17.70425789811542],[-93.11462744370844,17.704257953128245],[-93.11462738633305,17.704167564177233],[-93.11453308047587,17.704167619145146],[-93.11453302314538,17.704077230194134],[-93.11443871733313,17.70407728511713],[-93.11443860277996,17.703896507206125],[-93.11434429705753,17.703896562084203],[-93.11434423982587,17.70380617313319],[-93.11406132281128,17.703806337488956],[-93.11406126572335,17.703715948537944],[-93.11396696009973,17.703716003227377],[-93.11396701714274,17.703806392187374],[-93.1137784057967,17.703806501449463],[-93.11377834885249,17.703716112489467],[-93.11349543197265,17.703716276036747],[-93.11349548878212,17.703806664996744],[-93.1134011831046,17.703806719425668],[-93.11340123986915,17.70389710837668],[-93.1133069341467,17.703897162760686],[-93.11330699085735,17.70398755172068],[-93.11321268509,17.703987606059773],[-93.11321274175573,17.704077995010785],[-93.11311843594348,17.70407804930496],[-93.11311866242673,17.704439605126975],[-93.11321296842763,17.7044395508328],[-93.11321302510234,17.704529939792796],[-93.11330733114816,17.704529885453702],[-93.11330744457844,17.704710663355726],[-93.11340175073207,17.70471060897172],[-93.11340197778125,17.705072164775768],[-93.11349628412351,17.705072110346844],[-93.11349651137034,17.705433666123945],[-93.1134022048484,17.70543372056185],[-93.11340243191556,17.705795276329965],[-93.11330812520498,17.705795330713972],[-93.11330823864424,17.70597610859803],[-93.11321393183484,17.705976162937123],[-93.11321398850956,17.70606655187915],[-93.11311968165525,17.706066606173327],[-93.11311973828504,17.706156995115354],[-93.11302543138582,17.706157049364617],[-93.1130254879617,17.706247438306644],[-93.11283687406444,17.7062475466794],[-93.11283693055051,17.706337935612446],[-93.11245970255835,17.706338151809984],[-93.11245981515319,17.70651892968506],[-93.11236550806532,17.706518983619908],[-93.11236562056135,17.706699761494985],[-93.11227131337466,17.7066998153939],[-93.11227142578983,17.706880593259992],[-93.11217711850433,17.70688064710501],[-93.11217717465802,17.70697103604704],[-93.1120828673276,17.70697108984714],[-93.11208292344536,17.707061478780187],[-93.11198861606104,17.707061532535374],[-93.11198867212491,17.70715192146842],[-93.11180005727542,17.707152028853027],[-93.11180011324944,17.707242417786073],[-93.11161149830116,17.70724252498204],[-93.11161155417636,17.707332913915085],[-93.11142293913824,17.707333020931383],[-93.11142299491463,17.70742340986443],[-93.1115173024876,17.707423356378737],[-93.1115173583179,17.707513745311783],[-93.11161166593577,17.707513691781173],[-93.11161172181099,17.70760408071422],[-93.11170602947378,17.707604027129715],[-93.1117060853939,17.70769441606276],[-93.11227193164913,17.70769409363944],[-93.11227187544155,17.707603704715375],[-93.11246049075815,17.707603596881608],[-93.11246043446073,17.707513207948562],[-93.11255474206962,17.707513153968797],[-93.112554629367,17.707332376102705],[-93.11264893688605,17.707332322078024],[-93.11264888048981,17.707241933144978],[-93.11274318796397,17.707241879075383],[-93.11274313152282,17.707151490142337],[-93.11283743894306,17.70715143601884],[-93.112837382457,17.70706104709478],[-93.11293168983234,17.707060992926365],[-93.11293163329236,17.70697060399332],[-93.11302594062278,17.706970549788977],[-93.11302582745303,17.706789771922885],[-93.11312013468462,17.70678971766464],[-93.11312007805483,17.706699328731595],[-93.11321438524152,17.70669927443742],[-93.1132143285668,17.706608885504373],[-93.1133086356996,17.7066088311563],[-93.11330857897997,17.706518442223253],[-93.11349719315571,17.70651833340134],[-93.11349713633726,17.70642794445931],[-93.11387436450909,17.706427726276495],[-93.113874307502,17.70633733734345],[-93.11415722847815,17.706337173221247],[-93.11415728562896,17.706427562154293],[-93.11453451378283,17.706427342704853],[-93.11453457112229,17.706517731628914],[-93.11481749237691,17.70651756656348],[-93.11481754985113,17.706607955496526],[-93.1150061641167,17.70660784521934],[-93.11500622168973,17.706698234152388],[-93.11519483604513,17.706698123695542],[-93.11519489371697,17.706788512628588],[-93.1152892009396,17.706788457328297],[-93.11528925865635,17.706878846252362],[-93.11538356593287,17.70687879091614],[-93.11538362369454,17.7069691798402],[-93.11547793100699,17.70696912445008],[-93.11547804662915,17.707149902298205],[-93.1155723540494,17.70714984686317],[-93.11557258548237,17.707511402550438],[-93.11566689308228,17.707511347070486],[-93.11566712471287,17.707872902739787],[-93.11557281692431,17.707872958210753],[-93.11557304837525,17.708234513871073],[-93.11547874039805,17.70823456930611],[-93.11547891384475,17.708505736042365],[-93.11557322196569,17.708505680598346],[-93.11557327982618,17.708596069513426],[-93.11566758799204,17.70859601402449],[-93.11566764590641,17.70868640293957],[-93.11576195411718,17.708686347405717],[-93.11576201207649,17.708776736311815],[-93.11585632034115,17.70877668074203],[-93.11585643635857,17.708957458554224],[-93.11595074471306,17.70895740293054],[-93.1159508027622,17.70904779183664],[-93.11613941957,17.70904768046351],[-93.11613947771795,17.709138069369605],[-93.11623378617126,17.709138013611174],[-93.11623384436412,17.709228402508288],[-93.11661107834804,17.709228179034394],[-93.11661113672956,17.709318567931508],[-93.11679975381584,17.709318455920574],[-93.11679963685519,17.70913767812635],[-93.11670532841086,17.70913773415427],[-93.11670515311361,17.70886656745395],[-93.11679946141422,17.708866511426027],[-93.1167992275019,17.708504955810625],[-93.11689353561385,17.708504899737786],[-93.11689336004711,17.708233733019494],[-93.11698766801533,17.708233676901738],[-93.11698755087501,17.708052899089548],[-93.11708185875341,17.708052842926875],[-93.11708180013834,17.70796245402078],[-93.1171761079718,17.70796239781319],[-93.11717599064285,17.707781619992016],[-93.11708168290819,17.707781676199602],[-93.11708162429312,17.707691287284526],[-93.11698731660337,17.707691343447195],[-93.11698719946305,17.707510565617035],[-93.11689289186315,17.70751062173479],[-93.11689265778016,17.70714906606549],[-93.11679835037788,17.707149122129348],[-93.11679823343519,17.706968344299188],[-93.11689254074764,17.70696828822635],[-93.11689230667362,17.706606732548064],[-93.11698661379742,17.706606676439293],[-93.1169864966661,17.706425898591167],[-93.11708080370006,17.70642584243748],[-93.11708074508499,17.706335453513418],[-93.11698643810493,17.706335509667106],[-93.11698626241242,17.706064342885934],[-93.11708056925775,17.706064286732246],[-93.11708033481543,17.70570273101803],[-93.1171746414721,17.70570267482841],[-93.11717452416111,17.705521896962317],[-93.11726883071897,17.705521840718795],[-93.11726877201407,17.705431451794734],[-93.11736307851804,17.7054313955063],[-93.1173630197772,17.705341006573253],[-93.1175516326953,17.705340893861635],[-93.11755157385565,17.70525050492859],[-93.1179287995032,17.705250278975345],[-93.11792874047491,17.7051598900423],[-93.11811735320437,17.705159776800674],[-93.11811741233147,17.70525016572474],[-93.11849463797004,17.70524993868453],[-93.11849469728581,17.705340327617577],[-93.1186833102039,17.705340213818996],[-93.1186833696095,17.705430602752042],[-93.11877767611347,17.70543054578987],[-93.11877773557295,17.705520934713935],[-93.11887204212184,17.705520877706846],[-93.11887216113064,17.70570165555497],[-93.11896646777834,17.705701598493985],[-93.11896670599359,17.706063154190236],[-93.11906101282095,17.706063097084332],[-93.1190611916306,17.706334263838553],[-93.11896688465053,17.706334320944457],[-93.11896694420884,17.706424709868518],[-93.11906125123382,17.706424652762617],[-93.11906143004347,17.706695819507853],[-93.11915573720322,17.706695762357036],[-93.11915561790694,17.706514984526876],[-93.11924992496786,17.706514927331142],[-93.11924980558176,17.706334149500982],[-93.11934411255285,17.706334092260335],[-93.1193440528059,17.706243703345255],[-93.11943835973209,17.70624364605969],[-93.11943829994021,17.70615325714461],[-93.11953260682148,17.70615319981413],[-93.11953254698469,17.706062810890064],[-93.1197211606484,17.706062696103338],[-93.1197211007128,17.705972307179277],[-93.12000402106013,17.705972134648842],[-93.12000390091944,17.705791356818683],[-93.12009820760308,17.705791299218706]]]},"id":"+19569+15181","properties":{"count":2069,"label":1}},{"type":"Feature","geometry":{"geodesic":false,"type":"Polygon","coordinates":[[[-93.11823583137837,17.742038335054445],[-93.11823571274685,17.74185755786209],[-93.11785841052689,17.741857784866365],[-93.11785835139979,17.741767396265693],[-93.11766970039312,17.741767509489353],[-93.11766964135583,17.741677120897666],[-93.11757531589743,17.74167717743763],[-93.11757525691404,17.741586788845947],[-93.11748093150054,17.741586845340994],[-93.11748087256207,17.741496456740325],[-93.11738654719348,17.74149651319944],[-93.11738642942434,17.74131573598912],[-93.11729210414559,17.74131579240332],[-93.11729186878699,17.740954237982674],[-93.11719754370586,17.740954294342977],[-93.11719742612537,17.740773517132656],[-93.11710310113408,17.740773573448042],[-93.11710304239324,17.74068318483839],[-93.11700871744686,17.740683241108858],[-93.11700860005503,17.740502463889552],[-93.1168199503599,17.74050257628676],[-93.11682000896599,17.740592964896415],[-93.11672568406452,17.740593021032137],[-93.11672574261671,17.74068340964179],[-93.11653709273294,17.7406835217695],[-93.11653715119529,17.740773910388135],[-93.11615985122113,17.740774134104576],[-93.11615990949484,17.74086452271423],[-93.11606558445864,17.740864578526555],[-93.11606552622983,17.740774189916905],[-93.11568822625567,17.740774412726044],[-93.11568816822451,17.74068402411639],[-93.11549951832276,17.740684135246976],[-93.11549946039041,17.740593746637323],[-93.11540513548896,17.74059380213524],[-93.1154052512728,17.740774579363528],[-93.11531092627253,17.740774634816532],[-93.11531098412404,17.740865023426185],[-93.11540530916025,17.74086496797318],[-93.1154054249441,17.741045745192487],[-93.1154997500881,17.741045689694566],[-93.11549969214677,17.740955301084917],[-93.11587699249823,17.740955078635103],[-93.11587693437723,17.74086469002545],[-93.11597125941344,17.74086463430295],[-93.11597131758833,17.740955022912605],[-93.11634861793979,17.740954799555492],[-93.11634867630333,17.74104518815616],[-93.1165373265734,17.74104507620811],[-93.11653738503574,17.741135464817763],[-93.11663171021569,17.74113540877187],[-93.11663176872297,17.741225797381524],[-93.11672609394782,17.74122574129072],[-93.11672621106118,17.741406518492056],[-93.11682053638485,17.741406462356334],[-93.11682059499094,17.741496850965987],[-93.11691492035953,17.74149679478535],[-93.11691497901053,17.741587183386017],[-93.11700930442403,17.741587127160464],[-93.11700942182486,17.74176790435282],[-93.11710374733718,17.74176784808235],[-93.11710386483682,17.741948625274706],[-93.11719819043897,17.74194856895932],[-93.11719842561791,17.74231012334403],[-93.11738707720848,17.742310010560544],[-93.11738701831493,17.74221962196886],[-93.1175756698067,17.742219509014696],[-93.11757572879007,17.742309897606383],[-93.11785870617145,17.742309727833778],[-93.11785864703535,17.74221933924209],[-93.1180472985271,17.742219225829786],[-93.11804723930118,17.7421288372381],[-93.11814156500215,17.742128780464576],[-93.1181415057313,17.74203839187289],[-93.11823583137837,17.742038335054445]]]},"id":"+19571+14771","properties":{"count":171,"label":1}},{"type":"Feature","geometry":{"geodesic":false,"type":"Polygon","coordinates":[[[-93.11813937226843,17.73878440198829],[-93.11813931301556,17.738694013369653],[-93.11804498912021,17.738694070125213],[-93.1180448706953,17.73851329287896],[-93.11813919450083,17.738513236114418],[-93.11813907599507,17.738332458868165],[-93.11804475228837,17.73833251562372],[-93.11804463387244,17.738151738368487],[-93.11795031025557,17.73815179507913],[-93.11795025109252,17.73806140645151],[-93.11785592752956,17.738061463126222],[-93.1178558684204,17.73797107448962],[-93.11776154490235,17.737971131110434],[-93.11776148583812,17.737880742482815],[-93.11757283889183,17.73788085558969],[-93.11757277991744,17.73779046695309],[-93.11728980964175,17.73779063627654],[-93.11728986846343,17.73788102491314],[-93.1167239276156,17.737881362338328],[-93.11672386907239,17.737790973701724],[-93.11662954563518,17.737791029774566],[-93.11662972113005,17.73806219568437],[-93.11672404470201,17.738062139602548],[-93.11672410324522,17.738152528239148],[-93.11662977962834,17.73815258432097],[-93.11662983811765,17.73824297294859],[-93.11672416178843,17.738242916875752],[-93.11672422033163,17.738333305503367],[-93.11662989661595,17.73833336158519],[-93.11662995511423,17.73842375021281],[-93.11672427887484,17.73842369413997],[-93.11672433742703,17.73851408276759],[-93.11663001361252,17.73851413884941],[-93.11663007211082,17.73860452747703],[-93.11672439597024,17.738604471395206],[-93.11672457160884,17.738875637278063],[-93.116818895603,17.738875581151323],[-93.11681895420011,17.738965969778942],[-93.11691327824818,17.738965913607288],[-93.11691339553222,17.73914669085354],[-93.11700771967011,17.73914663463697],[-93.11700783704399,17.739327411883224],[-93.1171021612807,17.739327355612755],[-93.11710222002154,17.739417744231393],[-93.11719654429417,17.73941768792499],[-93.11719648550843,17.739327299306353],[-93.11738513397286,17.73932718654982],[-93.11738507509727,17.739236797931184],[-93.11766804764571,17.73923662845502],[-93.1176679886264,17.739146239836387],[-93.11776231276428,17.739146183251506],[-93.11776225369108,17.739055794632872],[-93.11785657778405,17.739055738003078],[-93.11785651866593,17.73896534938444],[-93.11795084270501,17.73896529270973],[-93.11795078354196,17.738874904091094],[-93.11804510753613,17.738874847371466],[-93.11804504832817,17.738784458752832],[-93.11813937226843,17.73878440198829]]]},"id":"+19573+14801","properties":{"count":203,"label":1}},{"type":"Feature","geometry":{"geodesic":false,"type":"MultiPolygon","coordinates":[[[[-93.11060250184241,17.75352213799758],[-93.11060244631754,17.753431749486744],[-93.11050811467871,17.75343180266701],[-93.11050817015867,17.753522191177847],[-93.11060250184241,17.75352213799758]]],[[[-93.11060250184241,17.75352213799758],[-93.11060255736727,17.75361252650842],[-93.11069688910491,17.753612473274256],[-93.11069700024449,17.753793250295928],[-93.11079133208094,17.753793197025832],[-93.11079127645726,17.753702808514994],[-93.11097994002237,17.753702701831074],[-93.11097988429988,17.753612313320236],[-93.11135721123249,17.7536120994134],[-93.11135715533032,17.753521710911546],[-93.1115458186978,17.75352160367965],[-93.11154587469879,17.753611992190486],[-93.1117345381561,17.75361188478791],[-93.1117344820653,17.753521496277074],[-93.11192314543278,17.753521388685854],[-93.11192308924316,17.753431000183998],[-93.11230041578051,17.753430784462566],[-93.11230030302397,17.753250007449875],[-93.11211163994395,17.753250115400423],[-93.1121115836645,17.753159726889585],[-93.1120172521694,17.753159780797485],[-93.11201719593485,17.753069392286648],[-93.11192286449366,17.75306944614065],[-93.11192280830404,17.752979057629812],[-93.11182847690776,17.75297911144788],[-93.11182853304348,17.753069499958716],[-93.11173420160227,17.75306955373187],[-93.11173425769309,17.753159942242707],[-93.111639926198,17.753159995961962],[-93.11163998224389,17.7532503844728],[-93.11154565070387,17.75325043815612],[-93.11154570670485,17.753340826666957],[-93.111357043526,17.75334093388987],[-93.11135709942816,17.753431322400708],[-93.11097977287285,17.75343153630754],[-93.11097982858637,17.75352192481838],[-93.11060250184241,17.75352213799758]]]]},"id":"+19624+14633","properties":{"count":52,"label":1}},{"type":"Feature","geometry":{"geodesic":false,"type":"MultiPolygon","coordinates":[[[[-93.10898339029495,17.72794305260374],[-93.1088890719961,17.727943104930606],[-93.10888912657775,17.728033493683988],[-93.1089834449215,17.72803344134814],[-93.10898339029495,17.72794305260374]]],[[[-93.10898339029495,17.72794305260374],[-93.10917202690163,17.72794294780628],[-93.10917197217626,17.727852559052895],[-93.10936060868413,17.727852454075773],[-93.10936055386892,17.727762065322388],[-93.10973782668701,17.72776185482915],[-93.10973777168317,17.72767146607577],[-93.10983208983828,17.727671413344662],[-93.10983192468302,17.727400247084514],[-93.10973760667163,17.727400299824605],[-93.10973749666394,17.727219522308857],[-93.10964317874239,17.727219575004032],[-93.10964295891566,17.726858019972532],[-93.10954864118276,17.72685807261381],[-93.10954836664862,17.726406128810964],[-93.10935973164993,17.726406233958766],[-93.10935967684371,17.72631584518742],[-93.10926535938928,17.726315897693947],[-93.10926541415957,17.726406286465295],[-93.10898246166153,17.726406443706402],[-93.10898251628808,17.72649683246877],[-93.10888819873483,17.726496884795633],[-93.10888836247076,17.726768051091714],[-93.10879404478277,17.726768103373665],[-93.10879415383825,17.726948880889413],[-93.10888847162505,17.726948828607462],[-93.10888858077935,17.727129606132195],[-93.10898289865598,17.72712955380533],[-93.1089831171622,17.727491108836826],[-93.10907743522748,17.727491056456063],[-93.10907748989895,17.727581445209445],[-93.10898317178875,17.727581497590208],[-93.10898339029495,17.72794305260374]]]]},"id":"+19651+14928","properties":{"count":125,"label":1}},{"type":"Feature","geometry":{"geodesic":false,"type":"Polygon","coordinates":[[[-93.10644693860094,17.745118298774695],[-93.10644688518711,17.745027910174027],[-93.106258230686,17.74502801244722],[-93.106258177362,17.744937623846553],[-93.10616385016085,17.744937674906794],[-93.10616379689075,17.744847286306126],[-93.10597514257829,17.744847388309825],[-93.10597508939802,17.744756999700172],[-93.10578643517538,17.744757101515226],[-93.10578659441973,17.7450282673352],[-93.10569226716468,17.745028318170863],[-93.10569237322876,17.745209095381185],[-93.10578670058263,17.74520904453654],[-93.10578675366408,17.74529943313721],[-93.10588108105388,17.74529938225663],[-93.10588113418923,17.7453897708573],[-93.10606978906763,17.74538966894343],[-93.10606973584245,17.745299280342763],[-93.10616406324124,17.745299229318455],[-93.10616400997114,17.745208840717783],[-93.10625833731602,17.74520878964856],[-93.106258284001,17.745118401047893],[-93.10644693860094,17.745118298774695]]]},"id":"+19688+14724","properties":{"count":31,"label":1}},{"type":"Feature","geometry":{"geodesic":false,"type":"Polygon","coordinates":[[[-93.10105806868494,17.7233374617827],[-93.1010580180469,17.723247072966437],[-93.10096370217352,17.723247121475463],[-93.10096349980104,17.72288556620142],[-93.10086918411629,17.722885614665532],[-93.10086913357708,17.722795225840283],[-93.10096344920792,17.722795177376174],[-93.10096339861481,17.72270478855991],[-93.10068045184802,17.722704933808508],[-93.10068040139863,17.722614544992243],[-93.10058608585763,17.72261459331262],[-93.1005861362621,17.72270498213787],[-93.10049182067615,17.722705030422315],[-93.10049192138628,17.72288580806383],[-93.10039760570153,17.72288585630336],[-93.10039770632183,17.72306663394487],[-93.10030339054725,17.723066682139486],[-93.10030344080799,17.723157070964735],[-93.10020912497951,17.723157119114433],[-93.10020917519533,17.723247507930697],[-93.10002054345753,17.723247604086367],[-93.10002059357454,17.723337992911613],[-93.09983196172894,17.72333808888762],[-93.09983206178329,17.723518866529133],[-93.09992637780041,17.723518818559096],[-93.0999264278815,17.72360920737536],[-93.10020937606762,17.72360906320474],[-93.1002093258518,17.723518674388476],[-93.10039795787706,17.72351857804416],[-93.10039790756242,17.723428189227896],[-93.1007751714333,17.72342799600028],[-93.10077512093001,17.723337607184014],[-93.10105806868494,17.7233374617827]]]},"id":"+19743+14969","properties":{"count":67,"label":1}},{"type":"Feature","geometry":{"geodesic":false,"type":"Polygon","coordinates":[[[-93.09887775912486,17.703181837956084],[-93.09887766014847,17.70300105993728],[-93.09850043895656,17.703001249311125],[-93.09850048825611,17.703091638325017],[-93.09840618291096,17.703091685549452],[-93.0984062321656,17.703182074563347],[-93.09831192676656,17.703182121742866],[-93.09831197597627,17.703272510756758],[-93.09812336509735,17.703272604990033],[-93.09812341420825,17.703362993994944],[-93.09802910871937,17.7033630410487],[-93.09802920685134,17.703543819067505],[-93.09812351243004,17.70354377201375],[-93.09812356154093,17.70363416101866],[-93.09831217280613,17.703634066785387],[-93.09831222200685,17.703724455790297],[-93.0985008333619,17.70372436136838],[-93.09850078406235,17.703633972363466],[-93.09859508968597,17.703633925085132],[-93.09859499098806,17.70345314707531],[-93.09868929653084,17.703453099752064],[-93.09868919773412,17.70327232174224],[-93.09878350317807,17.703272274374076],[-93.0987834537348,17.703181885369165],[-93.09887775912486,17.703181837956084]]]},"id":"+19765+15186","properties":{"count":40,"label":1}},{"type":"Feature","geometry":{"geodesic":false,"type":"Polygon","coordinates":[[[-93.09427256709293,17.733373994334535],[-93.09427237801552,17.733012439356937],[-93.09417805702174,17.733012484632027],[-93.09417800979729,17.732922095878646],[-93.0938007259928,17.732922276529848],[-93.093800678966,17.732831887785448],[-93.09351771625413,17.732832022793254],[-93.09351766936207,17.73274163403987],[-93.09332902764397,17.732741723817497],[-93.09332898085073,17.732651335064116],[-93.0932346600366,17.73265137989005],[-93.09323461328827,17.732560991136666],[-93.09314029252805,17.7325610359087],[-93.0931401991302,17.732380258401935],[-93.0930458784598,17.732380303138036],[-93.0930457851518,17.73219952562229],[-93.09295146458022,17.73219957030449],[-93.09295137137103,17.73201879278874],[-93.09285705088928,17.73201883742603],[-93.09285700432959,17.731928448672644],[-93.09266836346491,17.731928537812472],[-93.09266831700404,17.731838149050105],[-93.0921967150624,17.73183837110466],[-93.0921967612897,17.731928759867024],[-93.09210244085287,17.731928804144985],[-93.09210248703526,17.73201919290735],[-93.09219680751701,17.73201914862939],[-93.09219699241724,17.732380703660887],[-93.09229131308764,17.732380659346994],[-93.09229159073892,17.73292299186729],[-93.09219726978107,17.73292303619017],[-93.09219745469927,17.733284591194714],[-93.09210313355277,17.733284635472675],[-93.09210327209993,17.733555801714857],[-93.09238623596165,17.73355566874623],[-93.09238628228778,17.733646057490628],[-93.09257492494909,17.733645968611313],[-93.09257497137403,17.733736357355713],[-93.0926692927541,17.73373631284419],[-93.09266933921496,17.73382670158859],[-93.09276366064893,17.733826657041135],[-93.09276375367845,17.73400743452095],[-93.09285807519328,17.734007389919597],[-93.09285816832163,17.734188167399413],[-93.09295248993526,17.734188122762127],[-93.09295244333066,17.734097734017727],[-93.09314108646808,17.734097644599427],[-93.09314103976467,17.734007255855026],[-93.09332968280329,17.734007166248077],[-93.09332963600106,17.73391677751266],[-93.09351827894983,17.733916687726047],[-93.09351823205778,17.733826298990632],[-93.09370687490774,17.733826209024354],[-93.09370682791688,17.733735820279954],[-93.09389547066802,17.733735730134015],[-93.09389542358731,17.733645341389618],[-93.09408406624864,17.733645251064015],[-93.09408401906911,17.733554862319615],[-93.09417834035037,17.73355481708944],[-93.09417824591048,17.733374039609625],[-93.09427256709293,17.733373994334535]]]},"id":"+19832+14867","properties":{"count":330,"label":1}},{"type":"Feature","geometry":{"geodesic":false,"type":"Polygon","coordinates":[[[-93.09049477479435,17.72352339109169],[-93.0904947294474,17.723433002248477],[-93.09030609744907,17.72343308907963],[-93.09030605220093,17.72334270023642],[-93.08974015649345,17.72334295963394],[-93.08974011152378,17.723252570790724],[-93.08964579562344,17.723252613864943],[-93.08964588546395,17.723433391560356],[-93.08955156946479,17.723433434589655],[-93.08955165921547,17.723614212276086],[-93.08945734312648,17.723614255260472],[-93.08945738795241,17.723704644103684],[-93.08936307180953,17.723704687052138],[-93.08936311659055,17.723795075895353],[-93.08917448421494,17.723795161639547],[-93.08917452890611,17.723885550482763],[-93.08879726395726,17.723885721423176],[-93.08879730845082,17.723976110266392],[-93.08870299217318,17.72397615289145],[-93.08870294771556,17.723885764048237],[-93.08832568276671,17.723885934090337],[-93.08832563849774,17.72379554524712],[-93.08813700611314,17.723795629994186],[-93.08813696194298,17.723705241150974],[-93.08757106506768,17.723705494305204],[-93.08757102118498,17.723615105453007],[-93.08728807289106,17.723615231423757],[-93.08728811663003,17.723705620266973],[-93.08709948433527,17.72370570402589],[-93.0870995279844,17.723796092869105],[-93.08700521178763,17.723796134676697],[-93.08700529898708,17.72397691237211],[-93.08691098270047,17.723976954134784],[-93.08691102625079,17.724067342986984],[-93.08700534259131,17.724067301224306],[-93.08700551699923,17.724428856606146],[-93.08709983352838,17.72442881478957],[-93.08709992082666,17.724609592475996],[-93.08700560420768,17.724609634283592],[-93.08700595304146,17.725332744993374],[-93.08719458703403,17.725332661324288],[-93.08719454333999,17.725242272490057],[-93.08766612808786,17.725242062526824],[-93.08766617202447,17.725332451361055],[-93.08804344000961,17.725332282567614],[-93.08804348413487,17.725422671401844],[-93.08823211822626,17.72542258673563],[-93.08823216244133,17.72551297556986],[-93.08832647953643,17.725512933169377],[-93.08832652380542,17.725603321994626],[-93.08842084093645,17.72560327954923],[-93.08842092957322,17.725784057208706],[-93.08851524680307,17.72578401470941],[-93.08851529116188,17.725874403543642],[-93.08879824299517,17.725874275794226],[-93.08879819849263,17.72578388696898],[-93.08889251572248,17.72578384429002],[-93.08889256027891,17.725874233115267],[-93.08908119482845,17.725874147631586],[-93.08908115018218,17.725783758806337],[-93.08945841910158,17.725783587299983],[-93.08945837426666,17.725693198474733],[-93.0895526914516,17.725693155481366],[-93.08955273633143,17.725783544306612],[-93.08964705356128,17.725783501268328],[-93.08964700862755,17.72569311244308],[-93.08992996017336,17.725692983067713],[-93.08992991509591,17.725602594242464],[-93.09002423222695,17.725602551024515],[-93.09002418711356,17.72551216219927],[-93.09011850419967,17.725512118936404],[-93.09011841386508,17.72533134128591],[-93.09021273086138,17.72533129797813],[-93.09021259522476,17.725060131493404],[-93.09011827837219,17.725060174801182],[-93.0901182332049,17.72496978596695],[-93.09002391640624,17.724969829229813],[-93.09002382617047,17.724789051570337],[-93.08992950947062,17.7247890947793],[-93.08992932919672,17.724427539442377],[-93.08983501267653,17.72442758261541],[-93.08983496765298,17.724337193772197],[-93.08992928412823,17.724337150608147],[-93.08992910385433,17.723975595253254],[-93.09002342014095,17.72397555204429],[-93.09002332991416,17.723794774357863],[-93.09011764610196,17.72379473110398],[-93.09011760093468,17.723704342260767],[-93.09021191707755,17.72370429895299],[-93.09021187187433,17.723613910109773],[-93.09030618796332,17.72361386676606],[-93.0903061427062,17.723523477922846],[-93.09049477479435,17.72352339109169]]]},"id":"+19859+14962","properties":{"count":674,"label":1}}]}