{
  "type": "FeatureCollection",
  "metadata": {
    "generated_at": "2026-10-10T05:45:11.539536+00:00",
    "source": "Computed from Open-Meteo data using Canadian Forest Service FWI System",
    "description": "Fire Weather Index (FWI) grid. FWI integrates temperature, relative humidity, wind speed, and precipitation into a single fire danger rating. Higher values indicate greater fire danger.",
    "fwi_classes": {
      "low": {
        "range": "0\u20135",
        "color": "#38A800",
        "label": "Low"
      },
      "moderate": {
        "range": "5\u201312",
        "color": "#FFFF00",
        "label": "Moderate"
      },
      "high": {
        "range": "12\u201320",
        "color": "#FFAA00",
        "label": "High"
      },
      "very_high": {
        "range": "20\u201330",
        "color": "#FF0000",
        "label": "Very High"
      },
      "extreme": {
        "range": "30\u2013999",
        "color": "#7A0000",
        "label": "Extreme"
      }
    },
    "grid_step_deg": 10.0,
    "total_points": 147
  },
  "features": [
    {
      "type": "Feature",
      "geometry": {
        "type": "Point",
        "coordinates": [
          -70.0,
          -50.0
        ]
      },
      "properties": {
        "lat": -50.0,
        "lon": -70.0,
        "temp_c": 8.1,
        "rh_pct": 70,
        "wind_kmh": 16.5,
        "wind_dir_deg": 329,
        "rain_mm": 0.0,
        "weather_code": 0,
        "alerts": [],
        "fwi": 9.2,
        "risk_class": "moderate",
        "risk_label": "Moderate",
        "risk_color": "#FFFF00",
        "trend": "escalating",
        "forecast": [
          {
            "date": "2026-10-10",
            "fwi": 16.6,
            "risk_class": "high",
            "risk_label": "High",
            "color": "#FFAA00",
            "temp_max": 18.3,
            "rh_min": 37,
            "wind_max": 19.7,
            "rain": 0
          },
          {
            "date": "2026-10-11",
            "fwi": 18.2,
            "risk_class": "high",
            "risk_label": "High",
            "color": "#FFAA00",
            "temp_max": 18.9,
            "rh_min": 39,
            "wind_max": 22.5,
            "rain": 0
          },
          {
            "date": "2026-10-12",
            "fwi": 22.0,
            "risk_class": "very_high",
            "risk_label": "Very High",
            "color": "#FF0000",
            "temp_max": 17.7,
            "rh_min": 29,
            "wind_max": 26.5,
            "rain": 0.6
          },
          {
            "date": "2026-10-13",
            "fwi": 11.3,
            "risk_class": "moderate",
            "risk_label": "Moderate",
            "color": "#FFFF00",
            "temp_max": 12.8,
            "rh_min": 53,
            "wind_max": 19.6,
            "rain": 0.6
          },
          {
            "date": "2026-10-14",
            "fwi": 24.9,
            "risk_class": "very_high",
            "risk_label": "Very High",
            "color": "#FF0000",
            "temp_max": 18.0,
            "rh_min": 28,
            "wind_max": 27.4,
            "rain": 0
          }
        ],
        "fetched_at": "2026-10-10T05:45:11.534380+00:00"
      }
    },
    {
      "type": "Feature",
      "geometry": {
        "type": "Point",
        "coordinates": [
          -70.0,
          -40.0
        ]
      },
      "properties": {
        "lat": -40.0,
        "lon": -70.0,
        "temp_c": 6.8,
        "rh_pct": 90,
        "wind_kmh": 13.4,
        "wind_dir_deg": 51,
        "rain_mm": 0.0,
        "weather_code": 3,
        "alerts": [],
        "fwi": 6.8,
        "risk_class": "moderate",
        "risk_label": "Moderate",
        "risk_color": "#FFFF00",
        "trend": "de-escalating",
        "forecast": [
          {
            "date": "2026-10-10",
            "fwi": 13.3,
            "risk_class": "high",
            "risk_label": "High",
            "color": "#FFAA00",
            "temp_max": 12.2,
            "rh_min": 62,
            "wind_max": 26.7,
            "rain": 0.6
          },
          {
            "date": "2026-10-11",
            "fwi": 4.4,
            "risk_class": "low",
            "risk_label": "Low",
            "color": "#38A800",
            "temp_max": 15.6,
            "rh_min": 61,
            "wind_max": 23.6,
            "rain": 5.0
          },
          {
            "date": "2026-10-12",
            "fwi": 1.9,
            "risk_class": "low",
            "risk_label": "Low",
            "color": "#38A800",
            "temp_max": 16.6,
            "rh_min": 61,
            "wind_max": 12.5,
            "rain": 5.1
          },
          {
            "date": "2026-10-13",
            "fwi": 2.1,
            "risk_class": "low",
            "risk_label": "Low",
            "color": "#38A800",
            "temp_max": 15.4,
            "rh_min": 66,
            "wind_max": 14.6,
            "rain": 5.9
          },
          {
            "date": "2026-10-14",
            "fwi": 0.9,
            "risk_class": "low",
            "risk_label": "Low",
            "color": "#38A800",
            "temp_max": 14.8,
            "rh_min": 66,
            "wind_max": 10.6,
            "rain": 7.3
          }
        ],
        "fetched_at": "2026-10-10T05:45:11.534483+00:00"
      }
    },
    {
      "type": "Feature",
      "geometry": {
        "type": "Point",
        "coordinates": [
          -70.0,
          -30.0
        ]
      },
      "properties": {
        "lat": -30.0,
        "lon": -70.0,
        "temp_c": -11.8,
        "rh_pct": 47,
        "wind_kmh": 9.4,
        "wind_dir_deg": 85,
        "rain_mm": 0.0,
        "weather_code": 3,
        "alerts": [
          "cold"
        ],
        "fwi": 7.2,
        "risk_class": "moderate",
        "risk_label": "Moderate",
        "risk_color": "#FFFF00",
        "trend": "steady",
        "forecast": [
          {
            "date": "2026-10-10",
            "fwi": 0.2,
            "risk_class": "low",
            "risk_label": "Low",
            "color": "#38A800",
            "temp_max": -1.3,
            "rh_min": 35,
            "wind_max": 11.4,
            "rain": 6.4
          },
          {
            "date": "2026-10-11",
            "fwi": 0.2,
            "risk_class": "low",
            "risk_label": "Low",
            "color": "#38A800",
            "temp_max": -2.8,
            "rh_min": 58,
            "wind_max": 6.0,
            "rain": 5.7
          },
          {
            "date": "2026-10-12",
            "fwi": 3.4,
            "risk_class": "low",
            "risk_label": "Low",
            "color": "#38A800",
            "temp_max": -6.0,
            "rh_min": 59,
            "wind_max": 11.3,
            "rain": 1.0
          },
          {
            "date": "2026-10-13",
            "fwi": 8.3,
            "risk_class": "moderate",
            "risk_label": "Moderate",
            "color": "#FFFF00",
            "temp_max": -5.9,
            "rh_min": 38,
            "wind_max": 11.5,
            "rain": 0
          },
          {
            "date": "2026-10-14",
            "fwi": 7.5,
            "risk_class": "moderate",
            "risk_label": "Moderate",
            "color": "#FFFF00",
            "temp_max": -6.3,
            "rh_min": 47,
            "wind_max": 9.8,
            "rain": 0
          }
        ],
        "fetched_at": "2026-10-10T05:45:11.534528+00:00"
      }
    },
    {
      "type": "Feature",
      "geometry": {
        "type": "Point",
        "coordinates": [
          -60.0,
          -30.0
        ]
      },
      "properties": {
        "lat": -30.0,
        "lon": -60.0,
        "temp_c": 13.8,
        "rh_pct": 96,
        "wind_kmh": 16.4,
        "wind_dir_deg": 197,
        "rain_mm": 0.0,
        "weather_code": 3,
        "alerts": [],
        "fwi": 8.0,
        "risk_class": "moderate",
        "risk_label": "Moderate",
        "risk_color": "#FFFF00",
        "trend": "escalating",
        "forecast": [
          {
            "date": "2026-10-10",
            "fwi": 11.5,
            "risk_class": "moderate",
            "risk_label": "Moderate",
            "color": "#FFFF00",
            "temp_max": 19.0,
            "rh_min": 66,
            "wind_max": 19.6,
            "rain": 0.4
          },
          {
            "date": "2026-10-11",
            "fwi": 12.5,
            "risk_class": "high",
            "risk_label": "High",
            "color": "#FFAA00",
            "temp_max": 22.3,
            "rh_min": 49,
            "wind_max": 15.1,
            "rain": 0.1
          },
          {
            "date": "2026-10-12",
            "fwi": 2.5,
            "risk_class": "low",
            "risk_label": "Low",
            "color": "#38A800",
            "temp_max": 19.9,
            "rh_min": 62,
            "wind_max": 15.3,
            "rain": 8.3
          },
          {
            "date": "2026-10-13",
            "fwi": 10.9,
            "risk_class": "moderate",
            "risk_label": "Moderate",
            "color": "#FFFF00",
            "temp_max": 21.4,
            "rh_min": 52,
            "wind_max": 13.4,
            "rain": 0
          },
          {
            "date": "2026-10-14",
            "fwi": 11.9,
            "risk_class": "moderate",
            "risk_label": "Moderate",
            "color": "#FFFF00",
            "temp_max": 22.6,
            "rh_min": 54,
            "wind_max": 15.6,
            "rain": 0
          }
        ],
        "fetched_at": "2026-10-10T05:45:11.534568+00:00"
      }
    },
    {
      "type": "Feature",
      "geometry": {
        "type": "Point",
        "coordinates": [
          20.0,
          -30.0
        ]
      },
      "properties": {
        "lat": -30.0,
        "lon": 20.0,
        "temp_c": 18.4,
        "rh_pct": 26,
        "wind_kmh": 8.8,
        "wind_dir_deg": 168,
        "rain_mm": 0.0,
        "weather_code": 1,
        "alerts": [],
        "fwi": 11.7,
        "risk_class": "moderate",
        "risk_label": "Moderate",
        "risk_color": "#FFFF00",
        "trend": "escalating",
        "forecast": [
          {
            "date": "2026-10-10",
            "fwi": 36.9,
            "risk_class": "extreme",
            "risk_label": "Extreme",
            "color": "#7A0000",
            "temp_max": 35.3,
            "rh_min": 9,
            "wind_max": 26.1,
            "rain": 0
          },
          {
            "date": "2026-10-11",
            "fwi": 62.4,
            "risk_class": "extreme",
            "risk_label": "Extreme",
            "color": "#7A0000",
            "temp_max": 34.9,
            "rh_min": 15,
            "wind_max": 39.7,
            "rain": 0.1
          },
          {
            "date": "2026-10-12",
            "fwi": 73.4,
            "risk_class": "extreme",
            "risk_label": "Extreme",
            "color": "#7A0000",
            "temp_max": 35.3,
            "rh_min": 9,
            "wind_max": 45.2,
            "rain": 0
          },
          {
            "date": "2026-10-13",
            "fwi": 36.0,
            "risk_class": "extreme",
            "risk_label": "Extreme",
            "color": "#7A0000",
            "temp_max": 29.1,
            "rh_min": 16,
            "wind_max": 27.9,
            "rain": 0
          },
          {
            "date": "2026-10-14",
            "fwi": 63.2,
            "risk_class": "extreme",
            "risk_label": "Extreme",
            "color": "#7A0000",
            "temp_max": 33.1,
            "rh_min": 10,
            "wind_max": 41.7,
            "rain": 0
          }
        ],
        "fetched_at": "2026-10-10T05:45:11.534608+00:00"
      }
    },
    {
      "type": "Feature",
      "geometry": {
        "type": "Point",
        "coordinates": [
          30.0,
          -30.0
        ]
      },
      "properties": {
        "lat": -30.0,
        "lon": 30.0,
        "temp_c": 15.0,
        "rh_pct": 89,
        "wind_kmh": 5.0,
        "wind_dir_deg": 49,
        "rain_mm": 0.0,
        "weather_code": 3,
        "alerts": [],
        "fwi": 4.8,
        "risk_class": "low",
        "risk_label": "Low",
        "risk_color": "#38A800",
        "trend": "de-escalating",
        "forecast": [
          {
            "date": "2026-10-10",
            "fwi": 10.3,
            "risk_class": "moderate",
            "risk_label": "Moderate",
            "color": "#FFFF00",
            "temp_max": 25.1,
            "rh_min": 60,
            "wind_max": 13.4,
            "rain": 0
          },
          {
            "date": "2026-10-11",
            "fwi": 10.4,
            "risk_class": "moderate",
            "risk_label": "Moderate",
            "color": "#FFFF00",
            "temp_max": 29.5,
            "rh_min": 31,
            "wind_max": 13.9,
            "rain": 1.6
          },
          {
            "date": "2026-10-12",
            "fwi": 9.1,
            "risk_class": "moderate",
            "risk_label": "Moderate",
            "color": "#FFFF00",
            "temp_max": 30.8,
            "rh_min": 28,
            "wind_max": 8.7,
            "rain": 1.3
          },
          {
            "date": "2026-10-13",
            "fwi": 2.8,
            "risk_class": "low",
            "risk_label": "Low",
            "color": "#38A800",
            "temp_max": 25.2,
            "rh_min": 51,
            "wind_max": 15.4,
            "rain": 14.5
          },
          {
            "date": "2026-10-14",
            "fwi": 7.8,
            "risk_class": "moderate",
            "risk_label": "Moderate",
            "color": "#FFFF00",
            "temp_max": 24.5,
            "rh_min": 60,
            "wind_max": 11.6,
            "rain": 0.9
          }
        ],
        "fetched_at": "2026-10-10T05:45:11.534650+00:00"
      }
    },
    {
      "type": "Feature",
      "geometry": {
        "type": "Point",
        "coordinates": [
          120.0,
          -30.0
        ]
      },
      "properties": {
        "lat": -30.0,
        "lon": 120.0,
        "temp_c": 23.8,
        "rh_pct": 30,
        "wind_kmh": 20.5,
        "wind_dir_deg": 298,
        "rain_mm": 0.0,
        "weather_code": 2,
        "alerts": [],
        "fwi": 21.0,
        "risk_class": "very_high",
        "risk_label": "Very High",
        "risk_color": "#FF0000",
        "trend": "steady",
        "forecast": [
          {
            "date": "2026-10-10",
            "fwi": 23.2,
            "risk_class": "very_high",
            "risk_label": "Very High",
            "color": "#FF0000",
            "temp_max": 23.9,
            "rh_min": 26,
            "wind_max": 21.7,
            "rain": 0
          },
          {
            "date": "2026-10-11",
            "fwi": 20.9,
            "risk_class": "very_high",
            "risk_label": "Very High",
            "color": "#FF0000",
            "temp_max": 22.1,
            "rh_min": 29,
            "wind_max": 21.0,
            "rain": 0
          },
          {
            "date": "2026-10-12",
            "fwi": 21.0,
            "risk_class": "very_high",
            "risk_label": "Very High",
            "color": "#FF0000",
            "temp_max": 22.7,
            "rh_min": 33,
            "wind_max": 22.1,
            "rain": 0
          },
          {
            "date": "2026-10-13",
            "fwi": 23.9,
            "risk_class": "very_high",
            "risk_label": "Very High",
            "color": "#FF0000",
            "temp_max": 23.7,
            "rh_min": 27,
            "wind_max": 22.9,
            "rain": 0
          },
          {
            "date": "2026-10-14",
            "fwi": 22.1,
            "risk_class": "very_high",
            "risk_label": "Very High",
            "color": "#FF0000",
            "temp_max": 26.0,
            "rh_min": 32,
            "wind_max": 21.2,
            "rain": 0
          }
        ],
        "fetched_at": "2026-10-10T05:45:11.534687+00:00"
      }
    },
    {
      "type": "Feature",
      "geometry": {
        "type": "Point",
        "coordinates": [
          130.0,
          -30.0
        ]
      },
      "properties": {
        "lat": -30.0,
        "lon": 130.0,
        "temp_c": 30.0,
        "rh_pct": 20,
        "wind_kmh": 15.7,
        "wind_dir_deg": 314,
        "rain_mm": 0.0,
        "weather_code": 0,
        "alerts": [],
        "fwi": 22.2,
        "risk_class": "very_high",
        "risk_label": "Very High",
        "risk_color": "#FF0000",
        "trend": "steady",
        "forecast": [
          {
            "date": "2026-10-10",
            "fwi": 26.0,
            "risk_class": "very_high",
            "risk_label": "Very High",
            "color": "#FF0000",
            "temp_max": 30.3,
            "rh_min": 19,
            "wind_max": 19.2,
            "rain": 0
          },
          {
            "date": "2026-10-11",
            "fwi": 51.2,
            "risk_class": "extreme",
            "risk_label": "Extreme",
            "color": "#7A0000",
            "temp_max": 33.5,
            "rh_min": 20,
            "wind_max": 35.8,
            "rain": 0
          },
          {
            "date": "2026-10-12",
            "fwi": 6.6,
            "risk_class": "moderate",
            "risk_label": "Moderate",
            "color": "#FFFF00",
            "temp_max": 17.7,
            "rh_min": 61,
            "wind_max": 27.6,
            "rain": 3.7
          },
          {
            "date": "2026-10-13",
            "fwi": 19.4,
            "risk_class": "high",
            "risk_label": "High",
            "color": "#FFAA00",
            "temp_max": 20.2,
            "rh_min": 45,
            "wind_max": 29.2,
            "rain": 0.8
          },
          {
            "date": "2026-10-14",
            "fwi": 18.6,
            "risk_class": "high",
            "risk_label": "High",
            "color": "#FFAA00",
            "temp_max": 22.2,
            "rh_min": 41,
            "wind_max": 23.3,
            "rain": 0.6
          }
        ],
        "fetched_at": "2026-10-10T05:45:11.534723+00:00"
      }
    },
    {
      "type": "Feature",
      "geometry": {
        "type": "Point",
        "coordinates": [
          140.0,
          -30.0
        ]
      },
      "properties": {
        "lat": -30.0,
        "lon": 140.0,
        "temp_c": 27.7,
        "rh_pct": 38,
        "wind_kmh": 11.5,
        "wind_dir_deg": 320,
        "rain_mm": 0.0,
        "weather_code": 0,
        "alerts": [],
        "fwi": 14.1,
        "risk_class": "high",
        "risk_label": "High",
        "risk_color": "#FFAA00",
        "trend": "escalating",
        "forecast": [
          {
            "date": "2026-10-10",
            "fwi": 21.0,
            "risk_class": "very_high",
            "risk_label": "Very High",
            "color": "#FF0000",
            "temp_max": 28.3,
            "rh_min": 30,
            "wind_max": 18.0,
            "rain": 0
          },
          {
            "date": "2026-10-11",
            "fwi": 30.4,
            "risk_class": "extreme",
            "risk_label": "Extreme",
            "color": "#7A0000",
            "temp_max": 32.7,
            "rh_min": 27,
            "wind_max": 23.9,
            "rain": 0.3
          },
          {
            "date": "2026-10-12",
            "fwi": 9.4,
            "risk_class": "moderate",
            "risk_label": "Moderate",
            "color": "#FFFF00",
            "temp_max": 28.2,
            "rh_min": 55,
            "wind_max": 28.6,
            "rain": 8.2
          },
          {
            "date": "2026-10-13",
            "fwi": 19.8,
            "risk_class": "high",
            "risk_label": "High",
            "color": "#FFAA00",
            "temp_max": 20.7,
            "rh_min": 47,
            "wind_max": 32.8,
            "rain": 1.1
          },
          {
            "date": "2026-10-14",
            "fwi": 20.4,
            "risk_class": "very_high",
            "risk_label": "Very High",
            "color": "#FF0000",
            "temp_max": 21.3,
            "rh_min": 36,
            "wind_max": 23.1,
            "rain": 0
          }
        ],
        "fetched_at": "2026-10-10T05:45:11.534760+00:00"
      }
    },
    {
      "type": "Feature",
      "geometry": {
        "type": "Point",
        "coordinates": [
          150.0,
          -30.0
        ]
      },
      "properties": {
        "lat": -30.0,
        "lon": 150.0,
        "temp_c": 27.9,
        "rh_pct": 33,
        "wind_kmh": 18.1,
        "wind_dir_deg": 279,
        "rain_mm": 0.0,
        "weather_code": 0,
        "alerts": [],
        "fwi": 20.1,
        "risk_class": "very_high",
        "risk_label": "Very High",
        "risk_color": "#FF0000",
        "trend": "de-escalating",
        "forecast": [
          {
            "date": "2026-10-10",
            "fwi": 5.1,
            "risk_class": "moderate",
            "risk_label": "Moderate",
            "color": "#FFFF00",
            "temp_max": 28.1,
            "rh_min": 33,
            "wind_max": 21.2,
            "rain": 7.7
          },
          {
            "date": "2026-10-11",
            "fwi": 19.0,
            "risk_class": "high",
            "risk_label": "High",
            "color": "#FFAA00",
            "temp_max": 30.4,
            "rh_min": 26,
            "wind_max": 13.2,
            "rain": 0
          },
          {
            "date": "2026-10-12",
            "fwi": 22.4,
            "risk_class": "very_high",
            "risk_label": "Very High",
            "color": "#FF0000",
            "temp_max": 32.5,
            "rh_min": 26,
            "wind_max": 15.8,
            "rain": 0
          },
          {
            "date": "2026-10-13",
            "fwi": 3.6,
            "risk_class": "low",
            "risk_label": "Low",
            "color": "#38A800",
            "temp_max": 26.4,
            "rh_min": 43,
            "wind_max": 18.3,
            "rain": 13.0
          },
          {
            "date": "2026-10-14",
            "fwi": 23.3,
            "risk_class": "very_high",
            "risk_label": "Very High",
            "color": "#FF0000",
            "temp_max": 26.1,
            "rh_min": 35,
            "wind_max": 23.7,
            "rain": 0
          }
        ],
        "fetched_at": "2026-10-10T05:45:11.534798+00:00"
      }
    },
    {
      "type": "Feature",
      "geometry": {
        "type": "Point",
        "coordinates": [
          -70.0,
          -20.0
        ]
      },
      "properties": {
        "lat": -20.0,
        "lon": -70.0,
        "temp_c": 13.1,
        "rh_pct": 83,
        "wind_kmh": 4.8,
        "wind_dir_deg": 25,
        "rain_mm": 0.0,
        "weather_code": 0,
        "alerts": [],
        "fwi": 4.9,
        "risk_class": "low",
        "risk_label": "Low",
        "risk_color": "#38A800",
        "trend": "escalating",
        "forecast": [
          {
            "date": "2026-10-10",
            "fwi": 10.4,
            "risk_class": "moderate",
            "risk_label": "Moderate",
            "color": "#FFFF00",
            "temp_max": 21.4,
            "rh_min": 56,
            "wind_max": 13.7,
            "rain": 0
          },
          {
            "date": "2026-10-11",
            "fwi": 10.1,
            "risk_class": "moderate",
            "risk_label": "Moderate",
            "color": "#FFFF00",
            "temp_max": 20.5,
            "rh_min": 59,
            "wind_max": 14.6,
            "rain": 0
          },
          {
            "date": "2026-10-12",
            "fwi": 12.3,
            "risk_class": "high",
            "risk_label": "High",
            "color": "#FFAA00",
            "temp_max": 20.4,
            "rh_min": 57,
            "wind_max": 18.6,
            "rain": 0
          },
          {
            "date": "2026-10-13",
            "fwi": 10.1,
            "risk_class": "moderate",
            "risk_label": "Moderate",
            "color": "#FFFF00",
            "temp_max": 20.2,
            "rh_min": 59,
            "wind_max": 14.6,
            "rain": 0
          },
          {
            "date": "2026-10-14",
            "fwi": 9.6,
            "risk_class": "moderate",
            "risk_label": "Moderate",
            "color": "#FFFF00",
            "temp_max": 19.6,
            "rh_min": 61,
            "wind_max": 14.3,
            "rain": 0
          }
        ],
        "fetched_at": "2026-10-10T05:45:11.534832+00:00"
      }
    },
    {
      "type": "Feature",
      "geometry": {
        "type": "Point",
        "coordinates": [
          -60.0,
          -20.0
        ]
      },
      "properties": {
        "lat": -20.0,
        "lon": -60.0,
        "temp_c": 21.7,
        "rh_pct": 99,
        "wind_kmh": 9.1,
        "wind_dir_deg": 218,
        "rain_mm": 0.2,
        "weather_code": 53,
        "alerts": [],
        "fwi": 6.7,
        "risk_class": "moderate",
        "risk_label": "Moderate",
        "risk_color": "#FFFF00",
        "trend": "escalating",
        "forecast": [
          {
            "date": "2026-10-10",
            "fwi": 2.8,
            "risk_class": "low",
            "risk_label": "Low",
            "color": "#38A800",
            "temp_max": 26.0,
            "rh_min": 66,
            "wind_max": 14.8,
            "rain": 18.4
          },
          {
            "date": "2026-10-11",
            "fwi": 8.0,
            "risk_class": "moderate",
            "risk_label": "Moderate",
            "color": "#FFFF00",
            "temp_max": 26.0,
            "rh_min": 60,
            "wind_max": 14.0,
            "rain": 1.3
          },
          {
            "date": "2026-10-12",
            "fwi": 3.4,
            "risk_class": "low",
            "risk_label": "Low",
            "color": "#38A800",
            "temp_max": 30.5,
            "rh_min": 57,
            "wind_max": 10.4,
            "rain": 5.5
          },
          {
            "date": "2026-10-13",
            "fwi": 8.6,
            "risk_class": "moderate",
            "risk_label": "Moderate",
            "color": "#FFFF00",
            "temp_max": 30.6,
            "rh_min": 56,
            "wind_max": 16.4,
            "rain": 2.5
          },
          {
            "date": "2026-10-14",
            "fwi": 2.9,
            "risk_class": "low",
            "risk_label": "Low",
            "color": "#38A800",
            "temp_max": 28.1,
            "rh_min": 62,
            "wind_max": 13.6,
            "rain": 14.2
          }
        ],
        "fetched_at": "2026-10-10T05:45:11.534867+00:00"
      }
    },
    {
      "type": "Feature",
      "geometry": {
        "type": "Point",
        "coordinates": [
          -50.0,
          -20.0
        ]
      },
      "properties": {
        "lat": -20.0,
        "lon": -50.0,
        "temp_c": 24.3,
        "rh_pct": 81,
        "wind_kmh": 9.7,
        "wind_dir_deg": 165,
        "rain_mm": 0.0,
        "weather_code": 0,
        "alerts": [],
        "fwi": 6.8,
        "risk_class": "moderate",
        "risk_label": "Moderate",
        "risk_color": "#FFFF00",
        "trend": "de-escalating",
        "forecast": [
          {
            "date": "2026-10-10",
            "fwi": 36.0,
            "risk_class": "extreme",
            "risk_label": "Extreme",
            "color": "#7A0000",
            "temp_max": 35.0,
            "rh_min": 33,
            "wind_max": 32.0,
            "rain": 1.0
          },
          {
            "date": "2026-10-11",
            "fwi": 19.7,
            "risk_class": "high",
            "risk_label": "High",
            "color": "#FFAA00",
            "temp_max": 32.8,
            "rh_min": 47,
            "wind_max": 22.5,
            "rain": 0.9
          },
          {
            "date": "2026-10-12",
            "fwi": 19.9,
            "risk_class": "high",
            "risk_label": "High",
            "color": "#FFAA00",
            "temp_max": 33.3,
            "rh_min": 36,
            "wind_max": 16.0,
            "rain": 0.5
          },
          {
            "date": "2026-10-13",
            "fwi": 4.1,
            "risk_class": "low",
            "risk_label": "Low",
            "color": "#38A800",
            "temp_max": 33.2,
            "rh_min": 41,
            "wind_max": 12.1,
            "rain": 7.3
          },
          {
            "date": "2026-10-14",
            "fwi": 5.9,
            "risk_class": "moderate",
            "risk_label": "Moderate",
            "color": "#FFFF00",
            "temp_max": 32.5,
            "rh_min": 48,
            "wind_max": 8.9,
            "rain": 2.6
          }
        ],
        "fetched_at": "2026-10-10T05:45:11.534902+00:00"
      }
    },
    {
      "type": "Feature",
      "geometry": {
        "type": "Point",
        "coordinates": [
          20.0,
          -20.0
        ]
      },
      "properties": {
        "lat": -20.0,
        "lon": 20.0,
        "temp_c": 22.6,
        "rh_pct": 54,
        "wind_kmh": 15.7,
        "wind_dir_deg": 158,
        "rain_mm": 0.0,
        "weather_code": 3,
        "alerts": [],
        "fwi": 11.9,
        "risk_class": "moderate",
        "risk_label": "Moderate",
        "risk_color": "#FFFF00",
        "trend": "escalating",
        "forecast": [
          {
            "date": "2026-10-10",
            "fwi": 37.6,
            "risk_class": "extreme",
            "risk_label": "Extreme",
            "color": "#7A0000",
            "temp_max": 35.4,
            "rh_min": 16,
            "wind_max": 25.1,
            "rain": 0
          },
          {
            "date": "2026-10-11",
            "fwi": 35.6,
            "risk_class": "extreme",
            "risk_label": "Extreme",
            "color": "#7A0000",
            "temp_max": 34.5,
            "rh_min": 17,
            "wind_max": 24.3,
            "rain": 0
          },
          {
            "date": "2026-10-12",
            "fwi": 33.7,
            "risk_class": "extreme",
            "risk_label": "Extreme",
            "color": "#7A0000",
            "temp_max": 35.0,
            "rh_min": 17,
            "wind_max": 22.6,
            "rain": 0
          },
          {
            "date": "2026-10-13",
            "fwi": 25.1,
            "risk_class": "very_high",
            "risk_label": "Very High",
            "color": "#FF0000",
            "temp_max": 35.1,
            "rh_min": 16,
            "wind_max": 15.2,
            "rain": 0
          },
          {
            "date": "2026-10-14",
            "fwi": 30.7,
            "risk_class": "extreme",
            "risk_label": "Extreme",
            "color": "#7A0000",
            "temp_max": 36.5,
            "rh_min": 12,
            "wind_max": 19.6,
            "rain": 0
          }
        ],
        "fetched_at": "2026-10-10T05:45:11.534938+00:00"
      }
    },
    {
      "type": "Feature",
      "geometry": {
        "type": "Point",
        "coordinates": [
          30.0,
          -20.0
        ]
      },
      "properties": {
        "lat": -20.0,
        "lon": 30.0,
        "temp_c": 21.1,
        "rh_pct": 67,
        "wind_kmh": 2.2,
        "wind_dir_deg": 114,
        "rain_mm": 0.0,
        "weather_code": 0,
        "alerts": [],
        "fwi": 5.3,
        "risk_class": "moderate",
        "risk_label": "Moderate",
        "risk_color": "#FFFF00",
        "trend": "escalating",
        "forecast": [
          {
            "date": "2026-10-10",
            "fwi": 28.8,
            "risk_class": "very_high",
            "risk_label": "Very High",
            "color": "#FF0000",
            "temp_max": 30.6,
            "rh_min": 26,
            "wind_max": 23.4,
            "rain": 0
          },
          {
            "date": "2026-10-11",
            "fwi": 19.9,
            "risk_class": "high",
            "risk_label": "High",
            "color": "#FFAA00",
            "temp_max": 28.2,
            "rh_min": 39,
            "wind_max": 20.0,
            "rain": 0
          },
          {
            "date": "2026-10-12",
            "fwi": 15.5,
            "risk_class": "high",
            "risk_label": "High",
            "color": "#FFAA00",
            "temp_max": 28.4,
            "rh_min": 37,
            "wind_max": 12.9,
            "rain": 0
          },
          {
            "date": "2026-10-13",
            "fwi": 16.3,
            "risk_class": "high",
            "risk_label": "High",
            "color": "#FFAA00",
            "temp_max": 31.7,
            "rh_min": 25,
            "wind_max": 8.9,
            "rain": 0
          },
          {
            "date": "2026-10-14",
            "fwi": 19.1,
            "risk_class": "high",
            "risk_label": "High",
            "color": "#FFAA00",
            "temp_max": 33.0,
            "rh_min": 22,
            "wind_max": 10.9,
            "rain": 0
          }
        ],
        "fetched_at": "2026-10-10T05:45:11.534974+00:00"
      }
    },
    {
      "type": "Feature",
      "geometry": {
        "type": "Point",
        "coordinates": [
          120.0,
          -20.0
        ]
      },
      "properties": {
        "lat": -20.0,
        "lon": 120.0,
        "temp_c": 29.6,
        "rh_pct": 55,
        "wind_kmh": 21.6,
        "wind_dir_deg": 324,
        "rain_mm": 0.0,
        "weather_code": 0,
        "alerts": [],
        "fwi": 16.9,
        "risk_class": "high",
        "risk_label": "High",
        "risk_color": "#FFAA00",
        "trend": "steady",
        "forecast": [
          {
            "date": "2026-10-10",
            "fwi": 20.3,
            "risk_class": "very_high",
            "risk_label": "Very High",
            "color": "#FF0000",
            "temp_max": 30.4,
            "rh_min": 45,
            "wind_max": 21.7,
            "rain": 0
          },
          {
            "date": "2026-10-11",
            "fwi": 19.8,
            "risk_class": "high",
            "risk_label": "High",
            "color": "#FFAA00",
            "temp_max": 28.4,
            "rh_min": 49,
            "wind_max": 23.8,
            "rain": 0
          },
          {
            "date": "2026-10-12",
            "fwi": 19.2,
            "risk_class": "high",
            "risk_label": "High",
            "color": "#FFAA00",
            "temp_max": 28.1,
            "rh_min": 48,
            "wind_max": 22.7,
            "rain": 0
          },
          {
            "date": "2026-10-13",
            "fwi": 20.1,
            "risk_class": "very_high",
            "risk_label": "Very High",
            "color": "#FF0000",
            "temp_max": 29.2,
            "rh_min": 47,
            "wind_max": 22.9,
            "rain": 0
          },
          {
            "date": "2026-10-14",
            "fwi": 20.9,
            "risk_class": "very_high",
            "risk_label": "Very High",
            "color": "#FF0000",
            "temp_max": 30.3,
            "rh_min": 45,
            "wind_max": 22.5,
            "rain": 0
          }
        ],
        "fetched_at": "2026-10-10T05:45:11.535046+00:00"
      }
    },
    {
      "type": "Feature",
      "geometry": {
        "type": "Point",
        "coordinates": [
          130.0,
          -20.0
        ]
      },
      "properties": {
        "lat": -20.0,
        "lon": 130.0,
        "temp_c": 37.8,
        "rh_pct": 18,
        "wind_kmh": 7.3,
        "wind_dir_deg": 351,
        "rain_mm": 0.0,
        "weather_code": 1,
        "alerts": [
          "heat"
        ],
        "fwi": 18.5,
        "risk_class": "high",
        "risk_label": "High",
        "risk_color": "#FFAA00",
        "trend": "escalating",
        "forecast": [
          {
            "date": "2026-10-10",
            "fwi": 34.2,
            "risk_class": "extreme",
            "risk_label": "Extreme",
            "color": "#7A0000",
            "temp_max": 37.9,
            "rh_min": 18,
            "wind_max": 21.3,
            "rain": 0
          },
          {
            "date": "2026-10-11",
            "fwi": 19.7,
            "risk_class": "high",
            "risk_label": "High",
            "color": "#FFAA00",
            "temp_max": 35.0,
            "rh_min": 32,
            "wind_max": 27.4,
            "rain": 3.8
          },
          {
            "date": "2026-10-12",
            "fwi": 27.8,
            "risk_class": "very_high",
            "risk_label": "Very High",
            "color": "#FF0000",
            "temp_max": 37.6,
            "rh_min": 23,
            "wind_max": 17.3,
            "rain": 0.2
          },
          {
            "date": "2026-10-13",
            "fwi": 44.9,
            "risk_class": "extreme",
            "risk_label": "Extreme",
            "color": "#7A0000",
            "temp_max": 37.7,
            "rh_min": 25,
            "wind_max": 31.2,
            "rain": 0.3
          },
          {
            "date": "2026-10-14",
            "fwi": 9.6,
            "risk_class": "moderate",
            "risk_label": "Moderate",
            "color": "#FFFF00",
            "temp_max": 34.8,
            "rh_min": 34,
            "wind_max": 23.8,
            "rain": 14.6
          }
        ],
        "fetched_at": "2026-10-10T05:45:11.535085+00:00"
      }
    },
    {
      "type": "Feature",
      "geometry": {
        "type": "Point",
        "coordinates": [
          140.0,
          -20.0
        ]
      },
      "properties": {
        "lat": -20.0,
        "lon": 140.0,
        "temp_c": 31.2,
        "rh_pct": 54,
        "wind_kmh": 7.8,
        "wind_dir_deg": 7,
        "rain_mm": 0.0,
        "weather_code": 0,
        "alerts": [],
        "fwi": 10.1,
        "risk_class": "moderate",
        "risk_label": "Moderate",
        "risk_color": "#FFFF00",
        "trend": "escalating",
        "forecast": [
          {
            "date": "2026-10-10",
            "fwi": 7.2,
            "risk_class": "moderate",
            "risk_label": "Moderate",
            "color": "#FFFF00",
            "temp_max": 31.2,
            "rh_min": 54,
            "wind_max": 17.5,
            "rain": 4.6
          },
          {
            "date": "2026-10-11",
            "fwi": 21.6,
            "risk_class": "very_high",
            "risk_label": "Very High",
            "color": "#FF0000",
            "temp_max": 35.2,
            "rh_min": 29,
            "wind_max": 14.3,
            "rain": 0
          },
          {
            "date": "2026-10-12",
            "fwi": 28.5,
            "risk_class": "very_high",
            "risk_label": "Very High",
            "color": "#FF0000",
            "temp_max": 38.4,
            "rh_min": 18,
            "wind_max": 16.4,
            "rain": 0
          },
          {
            "date": "2026-10-13",
            "fwi": 23.2,
            "risk_class": "very_high",
            "risk_label": "Very High",
            "color": "#FF0000",
            "temp_max": 38.7,
            "rh_min": 19,
            "wind_max": 11.5,
            "rain": 0
          },
          {
            "date": "2026-10-14",
            "fwi": 27.1,
            "risk_class": "very_high",
            "risk_label": "Very High",
            "color": "#FF0000",
            "temp_max": 35.9,
            "rh_min": 30,
            "wind_max": 20.1,
            "rain": 0
          }
        ],
        "fetched_at": "2026-10-10T05:45:11.535122+00:00"
      }
    },
    {
      "type": "Feature",
      "geometry": {
        "type": "Point",
        "coordinates": [
          -70.0,
          -10.0
        ]
      },
      "properties": {
        "lat": -10.0,
        "lon": -70.0,
        "temp_c": 23.2,
        "rh_pct": 98,
        "wind_kmh": 4.6,
        "wind_dir_deg": 301,
        "rain_mm": 0.0,
        "weather_code": 1,
        "alerts": [],
        "fwi": 5.1,
        "risk_class": "moderate",
        "risk_label": "Moderate",
        "risk_color": "#FFFF00",
        "trend": "escalating",
        "forecast": [
          {
            "date": "2026-10-10",
            "fwi": 12.8,
            "risk_class": "high",
            "risk_label": "High",
            "color": "#FFAA00",
            "temp_max": 33.9,
            "rh_min": 48,
            "wind_max": 9.6,
            "rain": 0.2
          },
          {
            "date": "2026-10-11",
            "fwi": 5.9,
            "risk_class": "moderate",
            "risk_label": "Moderate",
            "color": "#FFFF00",
            "temp_max": 31.6,
            "rh_min": 59,
            "wind_max": 13.6,
            "rain": 3.9
          },
          {
            "date": "2026-10-12",
            "fwi": 5.0,
            "risk_class": "moderate",
            "risk_label": "Moderate",
            "color": "#FFFF00",
            "temp_max": 32.2,
            "rh_min": 58,
            "wind_max": 10.6,
            "rain": 3.7
          },
          {
            "date": "2026-10-13",
            "fwi": 8.2,
            "risk_class": "moderate",
            "risk_label": "Moderate",
            "color": "#FFFF00",
            "temp_max": 33.6,
            "rh_min": 54,
            "wind_max": 11.1,
            "rain": 2.1
          },
          {
            "date": "2026-10-14",
            "fwi": 7.7,
            "risk_class": "moderate",
            "risk_label": "Moderate",
            "color": "#FFFF00",
            "temp_max": 31.4,
            "rh_min": 63,
            "wind_max": 14.6,
            "rain": 2.4
          }
        ],
        "fetched_at": "2026-10-10T05:45:11.535157+00:00"
      }
    },
    {
      "type": "Feature",
      "geometry": {
        "type": "Point",
        "coordinates": [
          -60.0,
          -10.0
        ]
      },
      "properties": {
        "lat": -10.0,
        "lon": -60.0,
        "temp_c": 24.7,
        "rh_pct": 87,
        "wind_kmh": 7.0,
        "wind_dir_deg": 122,
        "rain_mm": 0.0,
        "weather_code": 0,
        "alerts": [],
        "fwi": 5.4,
        "risk_class": "moderate",
        "risk_label": "Moderate",
        "risk_color": "#FFFF00",
        "trend": "steady",
        "forecast": [
          {
            "date": "2026-10-10",
            "fwi": 15.4,
            "risk_class": "high",
            "risk_label": "High",
            "color": "#FFAA00",
            "temp_max": 36.6,
            "rh_min": 36,
            "wind_max": 9.4,
            "rain": 0.7
          },
          {
            "date": "2026-10-11",
            "fwi": 15.5,
            "risk_class": "high",
            "risk_label": "High",
            "color": "#FFAA00",
            "temp_max": 36.8,
            "rh_min": 36,
            "wind_max": 8.7,
            "rain": 0.6
          },
          {
            "date": "2026-10-12",
            "fwi": 13.6,
            "risk_class": "high",
            "risk_label": "High",
            "color": "#FFAA00",
            "temp_max": 36.4,
            "rh_min": 39,
            "wind_max": 10.3,
            "rain": 1.1
          },
          {
            "date": "2026-10-13",
            "fwi": 6.0,
            "risk_class": "moderate",
            "risk_label": "Moderate",
            "color": "#FFFF00",
            "temp_max": 35.6,
            "rh_min": 45,
            "wind_max": 6.7,
            "rain": 2.7
          },
          {
            "date": "2026-10-14",
            "fwi": 4.7,
            "risk_class": "low",
            "risk_label": "Low",
            "color": "#38A800",
            "temp_max": 35.7,
            "rh_min": 42,
            "wind_max": 11.6,
            "rain": 9.0
          }
        ],
        "fetched_at": "2026-10-10T05:45:11.535191+00:00"
      }
    },
    {
      "type": "Feature",
      "geometry": {
        "type": "Point",
        "coordinates": [
          -50.0,
          -10.0
        ]
      },
      "properties": {
        "lat": -10.0,
        "lon": -50.0,
        "temp_c": 24.2,
        "rh_pct": 89,
        "wind_kmh": 4.5,
        "wind_dir_deg": 331,
        "rain_mm": 0.0,
        "weather_code": 0,
        "alerts": [],
        "fwi": 4.7,
        "risk_class": "low",
        "risk_label": "Low",
        "risk_color": "#38A800",
        "trend": "escalating",
        "forecast": [
          {
            "date": "2026-10-10",
            "fwi": 14.9,
            "risk_class": "high",
            "risk_label": "High",
            "color": "#FFAA00",
            "temp_max": 35.5,
            "rh_min": 40,
            "wind_max": 9.3,
            "rain": 0.2
          },
          {
            "date": "2026-10-11",
            "fwi": 17.6,
            "risk_class": "high",
            "risk_label": "High",
            "color": "#FFAA00",
            "temp_max": 36.3,
            "rh_min": 37,
            "wind_max": 11.6,
            "rain": 0.1
          },
          {
            "date": "2026-10-12",
            "fwi": 22.2,
            "risk_class": "very_high",
            "risk_label": "Very High",
            "color": "#FF0000",
            "temp_max": 37.1,
            "rh_min": 37,
            "wind_max": 17.0,
            "rain": 0
          },
          {
            "date": "2026-10-13",
            "fwi": 15.7,
            "risk_class": "high",
            "risk_label": "High",
            "color": "#FFAA00",
            "temp_max": 37.2,
            "rh_min": 38,
            "wind_max": 9.5,
            "rain": 0.6
          },
          {
            "date": "2026-10-14",
            "fwi": 7.3,
            "risk_class": "moderate",
            "risk_label": "Moderate",
            "color": "#FFFF00",
            "temp_max": 38.3,
            "rh_min": 33,
            "wind_max": 8.6,
            "rain": 3.3
          }
        ],
        "fetched_at": "2026-10-10T05:45:11.535228+00:00"
      }
    },
    {
      "type": "Feature",
      "geometry": {
        "type": "Point",
        "coordinates": [
          -40.0,
          -10.0
        ]
      },
      "properties": {
        "lat": -10.0,
        "lon": -40.0,
        "temp_c": 21.9,
        "rh_pct": 75,
        "wind_kmh": 18.2,
        "wind_dir_deg": 153,
        "rain_mm": 0.0,
        "weather_code": 0,
        "alerts": [],
        "fwi": 10.6,
        "risk_class": "moderate",
        "risk_label": "Moderate",
        "risk_color": "#FFFF00",
        "trend": "escalating",
        "forecast": [
          {
            "date": "2026-10-10",
            "fwi": 32.6,
            "risk_class": "extreme",
            "risk_label": "Extreme",
            "color": "#7A0000",
            "temp_max": 35.3,
            "rh_min": 22,
            "wind_max": 22.6,
            "rain": 0
          },
          {
            "date": "2026-10-11",
            "fwi": 33.9,
            "risk_class": "extreme",
            "risk_label": "Extreme",
            "color": "#7A0000",
            "temp_max": 35.2,
            "rh_min": 21,
            "wind_max": 23.4,
            "rain": 0
          },
          {
            "date": "2026-10-12",
            "fwi": 38.6,
            "risk_class": "extreme",
            "risk_label": "Extreme",
            "color": "#7A0000",
            "temp_max": 36.3,
            "rh_min": 20,
            "wind_max": 26.0,
            "rain": 0
          },
          {
            "date": "2026-10-13",
            "fwi": 30.3,
            "risk_class": "extreme",
            "risk_label": "Extreme",
            "color": "#7A0000",
            "temp_max": 36.2,
            "rh_min": 24,
            "wind_max": 20.7,
            "rain": 0
          },
          {
            "date": "2026-10-14",
            "fwi": 26.9,
            "risk_class": "very_high",
            "risk_label": "Very High",
            "color": "#FF0000",
            "temp_max": 36.9,
            "rh_min": 19,
            "wind_max": 16.0,
            "rain": 0
          }
        ],
        "fetched_at": "2026-10-10T05:45:11.535265+00:00"
      }
    },
    {
      "type": "Feature",
      "geometry": {
        "type": "Point",
        "coordinates": [
          20.0,
          -10.0
        ]
      },
      "properties": {
        "lat": -10.0,
        "lon": 20.0,
        "temp_c": 19.3,
        "rh_pct": 96,
        "wind_kmh": 10.6,
        "wind_dir_deg": 184,
        "rain_mm": 0.0,
        "weather_code": 3,
        "alerts": [],
        "fwi": 6.2,
        "risk_class": "moderate",
        "risk_label": "Moderate",
        "risk_color": "#FFFF00",
        "trend": "de-escalating",
        "forecast": [
          {
            "date": "2026-10-10",
            "fwi": 6.6,
            "risk_class": "moderate",
            "risk_label": "Moderate",
            "color": "#FFFF00",
            "temp_max": 30.3,
            "rh_min": 44,
            "wind_max": 15.1,
            "rain": 3.5
          },
          {
            "date": "2026-10-11",
            "fwi": 6.1,
            "risk_class": "moderate",
            "risk_label": "Moderate",
            "color": "#FFFF00",
            "temp_max": 31.2,
            "rh_min": 42,
            "wind_max": 9.3,
            "rain": 2.3
          },
          {
            "date": "2026-10-12",
            "fwi": 2.2,
            "risk_class": "low",
            "risk_label": "Low",
            "color": "#38A800",
            "temp_max": 29.6,
            "rh_min": 49,
            "wind_max": 11.0,
            "rain": 18.2
          },
          {
            "date": "2026-10-13",
            "fwi": 2.4,
            "risk_class": "low",
            "risk_label": "Low",
            "color": "#38A800",
            "temp_max": 29.5,
            "rh_min": 51,
            "wind_max": 9.2,
            "rain": 6.7
          },
          {
            "date": "2026-10-14",
            "fwi": 1.7,
            "risk_class": "low",
            "risk_label": "Low",
            "color": "#38A800",
            "temp_max": 29.7,
            "rh_min": 54,
            "wind_max": 6.5,
            "rain": 7.2
          }
        ],
        "fetched_at": "2026-10-10T05:45:11.535300+00:00"
      }
    },
    {
      "type": "Feature",
      "geometry": {
        "type": "Point",
        "coordinates": [
          30.0,
          -10.0
        ]
      },
      "properties": {
        "lat": -10.0,
        "lon": 30.0,
        "temp_c": 22.1,
        "rh_pct": 56,
        "wind_kmh": 13.6,
        "wind_dir_deg": 108,
        "rain_mm": 0.0,
        "weather_code": 3,
        "alerts": [],
        "fwi": 10.5,
        "risk_class": "moderate",
        "risk_label": "Moderate",
        "risk_color": "#FFFF00",
        "trend": "escalating",
        "forecast": [
          {
            "date": "2026-10-10",
            "fwi": 24.0,
            "risk_class": "very_high",
            "risk_label": "Very High",
            "color": "#FF0000",
            "temp_max": 30.6,
            "rh_min": 26,
            "wind_max": 18.7,
            "rain": 0
          },
          {
            "date": "2026-10-11",
            "fwi": 22.1,
            "risk_class": "very_high",
            "risk_label": "Very High",
            "color": "#FF0000",
            "temp_max": 30.3,
            "rh_min": 30,
            "wind_max": 18.1,
            "rain": 0.1
          },
          {
            "date": "2026-10-12",
            "fwi": 12.2,
            "risk_class": "high",
            "risk_label": "High",
            "color": "#FFAA00",
            "temp_max": 30.4,
            "rh_min": 34,
            "wind_max": 18.7,
            "rain": 2.1
          },
          {
            "date": "2026-10-13",
            "fwi": 19.0,
            "risk_class": "high",
            "risk_label": "High",
            "color": "#FFAA00",
            "temp_max": 30.1,
            "rh_min": 32,
            "wind_max": 15.1,
            "rain": 0.1
          },
          {
            "date": "2026-10-14",
            "fwi": 19.6,
            "risk_class": "high",
            "risk_label": "High",
            "color": "#FFAA00",
            "temp_max": 30.1,
            "rh_min": 29,
            "wind_max": 14.9,
            "rain": 0
          }
        ],
        "fetched_at": "2026-10-10T05:45:11.535335+00:00"
      }
    },
    {
      "type": "Feature",
      "geometry": {
        "type": "Point",
        "coordinates": [
          120.0,
          -10.0
        ]
      },
      "properties": {
        "lat": -10.0,
        "lon": 120.0,
        "temp_c": 29.4,
        "rh_pct": 73,
        "wind_kmh": 14.8,
        "wind_dir_deg": 186,
        "rain_mm": 0.0,
        "weather_code": 1,
        "alerts": [],
        "fwi": 9.4,
        "risk_class": "moderate",
        "risk_label": "Moderate",
        "risk_color": "#FFFF00",
        "trend": "escalating",
        "forecast": [
          {
            "date": "2026-10-10",
            "fwi": 8.5,
            "risk_class": "moderate",
            "risk_label": "Moderate",
            "color": "#FFFF00",
            "temp_max": 30.1,
            "rh_min": 62,
            "wind_max": 15.1,
            "rain": 1.8
          },
          {
            "date": "2026-10-11",
            "fwi": 5.4,
            "risk_class": "moderate",
            "risk_label": "Moderate",
            "color": "#FFFF00",
            "temp_max": 30.3,
            "rh_min": 61,
            "wind_max": 11.3,
            "rain": 2.8
          },
          {
            "date": "2026-10-12",
            "fwi": 7.9,
            "risk_class": "moderate",
            "risk_label": "Moderate",
            "color": "#FFFF00",
            "temp_max": 29.9,
            "rh_min": 65,
            "wind_max": 15.8,
            "rain": 2.1
          },
          {
            "date": "2026-10-13",
            "fwi": 11.8,
            "risk_class": "moderate",
            "risk_label": "Moderate",
            "color": "#FFFF00",
            "temp_max": 30.5,
            "rh_min": 62,
            "wind_max": 15.2,
            "rain": 0.4
          },
          {
            "date": "2026-10-14",
            "fwi": 11.8,
            "risk_class": "moderate",
            "risk_label": "Moderate",
            "color": "#FFFF00",
            "temp_max": 31.1,
            "rh_min": 64,
            "wind_max": 16.3,
            "rain": 0.6
          }
        ],
        "fetched_at": "2026-10-10T05:45:11.535374+00:00"
      }
    },
    {
      "type": "Feature",
      "geometry": {
        "type": "Point",
        "coordinates": [
          150.0,
          -10.0
        ]
      },
      "properties": {
        "lat": -10.0,
        "lon": 150.0,
        "temp_c": 28.6,
        "rh_pct": 69,
        "wind_kmh": 9.7,
        "wind_dir_deg": 47,
        "rain_mm": 0.0,
        "weather_code": 3,
        "alerts": [],
        "fwi": 7.9,
        "risk_class": "moderate",
        "risk_label": "Moderate",
        "risk_color": "#FFFF00",
        "trend": "escalating",
        "forecast": [
          {
            "date": "2026-10-10",
            "fwi": 9.8,
            "risk_class": "moderate",
            "risk_label": "Moderate",
            "color": "#FFFF00",
            "temp_max": 29.8,
            "rh_min": 63,
            "wind_max": 11.6,
            "rain": 0
          },
          {
            "date": "2026-10-11",
            "fwi": 11.4,
            "risk_class": "moderate",
            "risk_label": "Moderate",
            "color": "#FFFF00",
            "temp_max": 30.3,
            "rh_min": 51,
            "wind_max": 10.0,
            "rain": 0
          },
          {
            "date": "2026-10-12",
            "fwi": 9.4,
            "risk_class": "moderate",
            "risk_label": "Moderate",
            "color": "#FFFF00",
            "temp_max": 30.6,
            "rh_min": 64,
            "wind_max": 14.6,
            "rain": 1.2
          },
          {
            "date": "2026-10-13",
            "fwi": 9.7,
            "risk_class": "moderate",
            "risk_label": "Moderate",
            "color": "#FFFF00",
            "temp_max": 30.3,
            "rh_min": 67,
            "wind_max": 12.9,
            "rain": 0.2
          },
          {
            "date": "2026-10-14",
            "fwi": 6.4,
            "risk_class": "moderate",
            "risk_label": "Moderate",
            "color": "#FFFF00",
            "temp_max": 29.7,
            "rh_min": 69,
            "wind_max": 11.0,
            "rain": 1.5
          }
        ],
        "fetched_at": "2026-10-10T05:45:11.535411+00:00"
      }
    },
    {
      "type": "Feature",
      "geometry": {
        "type": "Point",
        "coordinates": [
          -80.0,
          0.0
        ]
      },
      "properties": {
        "lat": 0.0,
        "lon": -80.0,
        "temp_c": 22.3,
        "rh_pct": 99,
        "wind_kmh": 0.3,
        "wind_dir_deg": 315,
        "rain_mm": 0.3,
        "weather_code": 55,
        "alerts": [],
        "fwi": 4.5,
        "risk_class": "low",
        "risk_label": "Low",
        "risk_color": "#38A800",
        "trend": "steady",
        "forecast": [
          {
            "date": "2026-10-10",
            "fwi": 2.3,
            "risk_class": "low",
            "risk_label": "Low",
            "color": "#38A800",
            "temp_max": 29.1,
            "rh_min": 60,
            "wind_max": 11.1,
            "rain": 20.0
          },
          {
            "date": "2026-10-11",
            "fwi": 1.7,
            "risk_class": "low",
            "risk_label": "Low",
            "color": "#38A800",
            "temp_max": 26.7,
            "rh_min": 73,
            "wind_max": 9.8,
            "rain": 27.3
          },
          {
            "date": "2026-10-12",
            "fwi": 3.4,
            "risk_class": "low",
            "risk_label": "Low",
            "color": "#38A800",
            "temp_max": 28.3,
            "rh_min": 62,
            "wind_max": 11.6,
            "rain": 4.9
          },
          {
            "date": "2026-10-13",
            "fwi": 5.3,
            "risk_class": "moderate",
            "risk_label": "Moderate",
            "color": "#FFFF00",
            "temp_max": 28.3,
            "rh_min": 62,
            "wind_max": 14.3,
            "rain": 3.3
          },
          {
            "date": "2026-10-14",
            "fwi": 2.4,
            "risk_class": "low",
            "risk_label": "Low",
            "color": "#38A800",
            "temp_max": 28.6,
            "rh_min": 64,
            "wind_max": 9.7,
            "rain": 7.2
          }
        ],
        "fetched_at": "2026-10-10T05:45:11.535446+00:00"
      }
    },
    {
      "type": "Feature",
      "geometry": {
        "type": "Point",
        "coordinates": [
          -70.0,
          0.0
        ]
      },
      "properties": {
        "lat": 0.0,
        "lon": -70.0,
        "temp_c": 24.2,
        "rh_pct": 100,
        "wind_kmh": 0.8,
        "wind_dir_deg": 333,
        "rain_mm": 0.0,
        "weather_code": 3,
        "alerts": [],
        "fwi": 4.9,
        "risk_class": "low",
        "risk_label": "Low",
        "risk_color": "#38A800",
        "trend": "de-escalating",
        "forecast": [
          {
            "date": "2026-10-10",
            "fwi": 9.8,
            "risk_class": "moderate",
            "risk_label": "Moderate",
            "color": "#FFFF00",
            "temp_max": 32.9,
            "rh_min": 56,
            "wind_max": 7.1,
            "rain": 0.4
          },
          {
            "date": "2026-10-11",
            "fwi": 1.0,
            "risk_class": "low",
            "risk_label": "Low",
            "color": "#38A800",
            "temp_max": 26.8,
            "rh_min": 92,
            "wind_max": 7.3,
            "rain": 13.7
          },
          {
            "date": "2026-10-12",
            "fwi": 2.5,
            "risk_class": "low",
            "risk_label": "Low",
            "color": "#38A800",
            "temp_max": 32.4,
            "rh_min": 58,
            "wind_max": 7.8,
            "rain": 8.2
          },
          {
            "date": "2026-10-13",
            "fwi": 2.2,
            "risk_class": "low",
            "risk_label": "Low",
            "color": "#38A800",
            "temp_max": 31.6,
            "rh_min": 64,
            "wind_max": 7.4,
            "rain": 8.6
          },
          {
            "date": "2026-10-14",
            "fwi": 4.6,
            "risk_class": "low",
            "risk_label": "Low",
            "color": "#38A800",
            "temp_max": 31.7,
            "rh_min": 62,
            "wind_max": 7.9,
            "rain": 2.7
          }
        ],
        "fetched_at": "2026-10-10T05:45:11.535482+00:00"
      }
    },
    {
      "type": "Feature",
      "geometry": {
        "type": "Point",
        "coordinates": [
          -60.0,
          0.0
        ]
      },
      "properties": {
        "lat": 0.0,
        "lon": -60.0,
        "temp_c": 26.5,
        "rh_pct": 71,
        "wind_kmh": 1.8,
        "wind_dir_deg": 186,
        "rain_mm": 0.0,
        "weather_code": 1,
        "alerts": [],
        "fwi": 5.1,
        "risk_class": "moderate",
        "risk_label": "Moderate",
        "risk_color": "#FFFF00",
        "trend": "escalating",
        "forecast": [
          {
            "date": "2026-10-10",
            "fwi": 16.9,
            "risk_class": "high",
            "risk_label": "High",
            "color": "#FFAA00",
            "temp_max": 37.2,
            "rh_min": 36,
            "wind_max": 9.7,
            "rain": 0.3
          },
          {
            "date": "2026-10-11",
            "fwi": 4.8,
            "risk_class": "low",
            "risk_label": "Low",
            "color": "#38A800",
            "temp_max": 36.0,
            "rh_min": 42,
            "wind_max": 10.4,
            "rain": 6.8
          },
          {
            "date": "2026-10-12",
            "fwi": 9.8,
            "risk_class": "moderate",
            "risk_label": "Moderate",
            "color": "#FFFF00",
            "temp_max": 34.8,
            "rh_min": 44,
            "wind_max": 7.8,
            "rain": 1.3
          },
          {
            "date": "2026-10-13",
            "fwi": 6.9,
            "risk_class": "moderate",
            "risk_label": "Moderate",
            "color": "#FFFF00",
            "temp_max": 34.0,
            "rh_min": 48,
            "wind_max": 7.4,
            "rain": 2.0
          },
          {
            "date": "2026-10-14",
            "fwi": 13.0,
            "risk_class": "high",
            "risk_label": "High",
            "color": "#FFAA00",
            "temp_max": 36.3,
            "rh_min": 40,
            "wind_max": 8.5,
            "rain": 0.9
          }
        ],
        "fetched_at": "2026-10-10T05:45:11.535516+00:00"
      }
    },
    {
      "type": "Feature",
      "geometry": {
        "type": "Point",
        "coordinates": [
          10.0,
          0.0
        ]
      },
      "properties": {
        "lat": 0.0,
        "lon": 10.0,
        "temp_c": 23.2,
        "rh_pct": 100,
        "wind_kmh": 3.2,
        "wind_dir_deg": 214,
        "rain_mm": 0.2,
        "weather_code": 53,
        "alerts": [],
        "fwi": 5.5,
        "risk_class": "moderate",
        "risk_label": "Moderate",
        "risk_color": "#FFFF00",
        "trend": "de-escalating",
        "forecast": [
          {
            "date": "2026-10-10",
            "fwi": 1.9,
            "risk_class": "low",
            "risk_label": "Low",
            "color": "#38A800",
            "temp_max": 33.0,
            "rh_min": 52,
            "wind_max": 6.8,
            "rain": 13.8
          },
          {
            "date": "2026-10-11",
            "fwi": 7.4,
            "risk_class": "moderate",
            "risk_label": "Moderate",
            "color": "#FFFF00",
            "temp_max": 33.3,
            "rh_min": 52,
            "wind_max": 18.6,
            "rain": 8.3
          },
          {
            "date": "2026-10-12",
            "fwi": 1.5,
            "risk_class": "low",
            "risk_label": "Low",
            "color": "#38A800",
            "temp_max": 28.4,
            "rh_min": 78,
            "wind_max": 8.1,
            "rain": 37.3
          },
          {
            "date": "2026-10-13",
            "fwi": 3.1,
            "risk_class": "low",
            "risk_label": "Low",
            "color": "#38A800",
            "temp_max": 30.5,
            "rh_min": 60,
            "wind_max": 10.3,
            "rain": 6.5
          },
          {
            "date": "2026-10-14",
            "fwi": 2.9,
            "risk_class": "low",
            "risk_label": "Low",
            "color": "#38A800",
            "temp_max": 28.5,
            "rh_min": 73,
            "wind_max": 13.4,
            "rain": 15.9
          }
        ],
        "fetched_at": "2026-10-10T05:45:11.535550+00:00"
      }
    },
    {
      "type": "Feature",
      "geometry": {
        "type": "Point",
        "coordinates": [
          20.0,
          0.0
        ]
      },
      "properties": {
        "lat": 0.0,
        "lon": 20.0,
        "temp_c": 23.3,
        "rh_pct": 99,
        "wind_kmh": 1.6,
        "wind_dir_deg": 297,
        "rain_mm": 0.3,
        "weather_code": 55,
        "alerts": [],
        "fwi": 4.8,
        "risk_class": "low",
        "risk_label": "Low",
        "risk_color": "#38A800",
        "trend": "de-escalating",
        "forecast": [
          {
            "date": "2026-10-10",
            "fwi": 2.3,
            "risk_class": "low",
            "risk_label": "Low",
            "color": "#38A800",
            "temp_max": 29.7,
            "rh_min": 62,
            "wind_max": 8.6,
            "rain": 7.9
          },
          {
            "date": "2026-10-11",
            "fwi": 3.2,
            "risk_class": "low",
            "risk_label": "Low",
            "color": "#38A800",
            "temp_max": 30.6,
            "rh_min": 64,
            "wind_max": 11.6,
            "rain": 8.9
          },
          {
            "date": "2026-10-12",
            "fwi": 2.0,
            "risk_class": "low",
            "risk_label": "Low",
            "color": "#38A800",
            "temp_max": 30.5,
            "rh_min": 63,
            "wind_max": 8.8,
            "rain": 19.2
          },
          {
            "date": "2026-10-13",
            "fwi": 1.0,
            "risk_class": "low",
            "risk_label": "Low",
            "color": "#38A800",
            "temp_max": 27.8,
            "rh_min": 81,
            "wind_max": 5.0,
            "rain": 9.5
          },
          {
            "date": "2026-10-14",
            "fwi": 6.1,
            "risk_class": "moderate",
            "risk_label": "Moderate",
            "color": "#FFFF00",
            "temp_max": 31.3,
            "rh_min": 61,
            "wind_max": 9.7,
            "rain": 2.1
          }
        ],
        "fetched_at": "2026-10-10T05:45:11.535585+00:00"
      }
    },
    {
      "type": "Feature",
      "geometry": {
        "type": "Point",
        "coordinates": [
          30.0,
          0.0
        ]
      },
      "properties": {
        "lat": 0.0,
        "lon": 30.0,
        "temp_c": 25.0,
        "rh_pct": 46,
        "wind_kmh": 1.1,
        "wind_dir_deg": 288,
        "rain_mm": 0.0,
        "weather_code": 0,
        "alerts": [],
        "fwi": 7.1,
        "risk_class": "moderate",
        "risk_label": "Moderate",
        "risk_color": "#FFFF00",
        "trend": "de-escalating",
        "forecast": [
          {
            "date": "2026-10-10",
            "fwi": 4.5,
            "risk_class": "low",
            "risk_label": "Low",
            "color": "#38A800",
            "temp_max": 30.9,
            "rh_min": 42,
            "wind_max": 17.3,
            "rain": 12.3
          },
          {
            "date": "2026-10-11",
            "fwi": 10.8,
            "risk_class": "moderate",
            "risk_label": "Moderate",
            "color": "#FFFF00",
            "temp_max": 27.0,
            "rh_min": 58,
            "wind_max": 14.7,
            "rain": 0.7
          },
          {
            "date": "2026-10-12",
            "fwi": 6.6,
            "risk_class": "moderate",
            "risk_label": "Moderate",
            "color": "#FFFF00",
            "temp_max": 28.7,
            "rh_min": 48,
            "wind_max": 13.5,
            "rain": 2.5
          },
          {
            "date": "2026-10-13",
            "fwi": 2.6,
            "risk_class": "low",
            "risk_label": "Low",
            "color": "#38A800",
            "temp_max": 29.3,
            "rh_min": 53,
            "wind_max": 11.4,
            "rain": 10.7
          },
          {
            "date": "2026-10-14",
            "fwi": 4.8,
            "risk_class": "low",
            "risk_label": "Low",
            "color": "#38A800",
            "temp_max": 28.8,
            "rh_min": 51,
            "wind_max": 9.1,
            "rain": 2.4
          }
        ],
        "fetched_at": "2026-10-10T05:45:11.535619+00:00"
      }
    },
    {
      "type": "Feature",
      "geometry": {
        "type": "Point",
        "coordinates": [
          40.0,
          0.0
        ]
      },
      "properties": {
        "lat": 0.0,
        "lon": 40.0,
        "temp_c": 27.9,
        "rh_pct": 69,
        "wind_kmh": 17.8,
        "wind_dir_deg": 181,
        "rain_mm": 0.0,
        "weather_code": 1,
        "alerts": [],
        "fwi": 11.0,
        "risk_class": "moderate",
        "risk_label": "Moderate",
        "risk_color": "#FFFF00",
        "trend": "escalating",
        "forecast": [
          {
            "date": "2026-10-10",
            "fwi": 8.1,
            "risk_class": "moderate",
            "risk_label": "Moderate",
            "color": "#FFFF00",
            "temp_max": 32.1,
            "rh_min": 52,
            "wind_max": 19.4,
            "rain": 5.6
          },
          {
            "date": "2026-10-11",
            "fwi": 11.1,
            "risk_class": "moderate",
            "risk_label": "Moderate",
            "color": "#FFFF00",
            "temp_max": 33.0,
            "rh_min": 48,
            "wind_max": 21.2,
            "rain": 4.3
          },
          {
            "date": "2026-10-12",
            "fwi": 19.8,
            "risk_class": "high",
            "risk_label": "High",
            "color": "#FFAA00",
            "temp_max": 32.2,
            "rh_min": 46,
            "wind_max": 20.5,
            "rain": 0.1
          },
          {
            "date": "2026-10-13",
            "fwi": 19.7,
            "risk_class": "high",
            "risk_label": "High",
            "color": "#FFAA00",
            "temp_max": 33.6,
            "rh_min": 45,
            "wind_max": 21.6,
            "rain": 1.0
          },
          {
            "date": "2026-10-14",
            "fwi": 9.2,
            "risk_class": "moderate",
            "risk_label": "Moderate",
            "color": "#FFFF00",
            "temp_max": 32.4,
            "rh_min": 51,
            "wind_max": 19.5,
            "rain": 4.5
          }
        ],
        "fetched_at": "2026-10-10T05:45:11.535653+00:00"
      }
    },
    {
      "type": "Feature",
      "geometry": {
        "type": "Point",
        "coordinates": [
          100.0,
          0.0
        ]
      },
      "properties": {
        "lat": 0.0,
        "lon": 100.0,
        "temp_c": 22.9,
        "rh_pct": 98,
        "wind_kmh": 6.5,
        "wind_dir_deg": 214,
        "rain_mm": 1.2,
        "weather_code": 81,
        "alerts": [],
        "fwi": 1.7,
        "risk_class": "low",
        "risk_label": "Low",
        "risk_color": "#38A800",
        "trend": "steady",
        "forecast": [
          {
            "date": "2026-10-10",
            "fwi": 0.8,
            "risk_class": "low",
            "risk_label": "Low",
            "color": "#38A800",
            "temp_max": 24.1,
            "rh_min": 90,
            "wind_max": 6.7,
            "rain": 45.0
          },
          {
            "date": "2026-10-11",
            "fwi": 1.9,
            "risk_class": "low",
            "risk_label": "Low",
            "color": "#38A800",
            "temp_max": 26.7,
            "rh_min": 77,
            "wind_max": 8.4,
            "rain": 6.5
          },
          {
            "date": "2026-10-12",
            "fwi": 1.0,
            "risk_class": "low",
            "risk_label": "Low",
            "color": "#38A800",
            "temp_max": 28.2,
            "rh_min": 68,
            "wind_max": 5.2,
            "rain": 12.9
          },
          {
            "date": "2026-10-13",
            "fwi": 1.9,
            "risk_class": "low",
            "risk_label": "Low",
            "color": "#38A800",
            "temp_max": 28.9,
            "rh_min": 66,
            "wind_max": 8.8,
            "rain": 13.5
          },
          {
            "date": "2026-10-14",
            "fwi": 1.6,
            "risk_class": "low",
            "risk_label": "Low",
            "color": "#38A800",
            "temp_max": 27.8,
            "rh_min": 73,
            "wind_max": 5.8,
            "rain": 5.7
          }
        ],
        "fetched_at": "2026-10-10T05:45:11.535686+00:00"
      }
    },
    {
      "type": "Feature",
      "geometry": {
        "type": "Point",
        "coordinates": [
          110.0,
          0.0
        ]
      },
      "properties": {
        "lat": 0.0,
        "lon": 110.0,
        "temp_c": 30.1,
        "rh_pct": 76,
        "wind_kmh": 1.9,
        "wind_dir_deg": 61,
        "rain_mm": 0.1,
        "weather_code": 51,
        "alerts": [],
        "fwi": 5.2,
        "risk_class": "moderate",
        "risk_label": "Moderate",
        "risk_color": "#FFFF00",
        "trend": "de-escalating",
        "forecast": [
          {
            "date": "2026-10-10",
            "fwi": 2.7,
            "risk_class": "low",
            "risk_label": "Low",
            "color": "#38A800",
            "temp_max": 30.9,
            "rh_min": 69,
            "wind_max": 10.6,
            "rain": 13.0
          },
          {
            "date": "2026-10-11",
            "fwi": 3.4,
            "risk_class": "low",
            "risk_label": "Low",
            "color": "#38A800",
            "temp_max": 30.7,
            "rh_min": 71,
            "wind_max": 10.1,
            "rain": 5.0
          },
          {
            "date": "2026-10-12",
            "fwi": 2.0,
            "risk_class": "low",
            "risk_label": "Low",
            "color": "#38A800",
            "temp_max": 30.8,
            "rh_min": 72,
            "wind_max": 7.4,
            "rain": 10.0
          },
          {
            "date": "2026-10-13",
            "fwi": 2.6,
            "risk_class": "low",
            "risk_label": "Low",
            "color": "#38A800",
            "temp_max": 31.2,
            "rh_min": 70,
            "wind_max": 8.0,
            "rain": 6.6
          },
          {
            "date": "2026-10-14",
            "fwi": 1.5,
            "risk_class": "low",
            "risk_label": "Low",
            "color": "#38A800",
            "temp_max": 30.9,
            "rh_min": 67,
            "wind_max": 5.1,
            "rain": 9.6
          }
        ],
        "fetched_at": "2026-10-10T05:45:11.535720+00:00"
      }
    },
    {
      "type": "Feature",
      "geometry": {
        "type": "Point",
        "coordinates": [
          120.0,
          0.0
        ]
      },
      "properties": {
        "lat": 0.0,
        "lon": 120.0,
        "temp_c": 28.2,
        "rh_pct": 71,
        "wind_kmh": 4.6,
        "wind_dir_deg": 79,
        "rain_mm": 0.3,
        "weather_code": 55,
        "alerts": [],
        "fwi": 5.9,
        "risk_class": "moderate",
        "risk_label": "Moderate",
        "risk_color": "#FFFF00",
        "trend": "escalating",
        "forecast": [
          {
            "date": "2026-10-10",
            "fwi": 2.9,
            "risk_class": "low",
            "risk_label": "Low",
            "color": "#38A800",
            "temp_max": 28.9,
            "rh_min": 66,
            "wind_max": 11.7,
            "rain": 8.6
          },
          {
            "date": "2026-10-11",
            "fwi": 5.5,
            "risk_class": "moderate",
            "risk_label": "Moderate",
            "color": "#FFFF00",
            "temp_max": 29.8,
            "rh_min": 56,
            "wind_max": 12.5,
            "rain": 3.1
          },
          {
            "date": "2026-10-12",
            "fwi": 9.6,
            "risk_class": "moderate",
            "risk_label": "Moderate",
            "color": "#FFFF00",
            "temp_max": 29.3,
            "rh_min": 55,
            "wind_max": 13.8,
            "rain": 1.3
          },
          {
            "date": "2026-10-13",
            "fwi": 11.2,
            "risk_class": "moderate",
            "risk_label": "Moderate",
            "color": "#FFFF00",
            "temp_max": 29.1,
            "rh_min": 57,
            "wind_max": 12.4,
            "rain": 0
          },
          {
            "date": "2026-10-14",
            "fwi": 8.6,
            "risk_class": "moderate",
            "risk_label": "Moderate",
            "color": "#FFFF00",
            "temp_max": 29.5,
            "rh_min": 56,
            "wind_max": 13.0,
            "rain": 1.5
          }
        ],
        "fetched_at": "2026-10-10T05:45:11.535757+00:00"
      }
    },
    {
      "type": "Feature",
      "geometry": {
        "type": "Point",
        "coordinates": [
          -70.0,
          10.0
        ]
      },
      "properties": {
        "lat": 10.0,
        "lon": -70.0,
        "temp_c": 21.7,
        "rh_pct": 81,
        "wind_kmh": 10.4,
        "wind_dir_deg": 107,
        "rain_mm": 0.0,
        "weather_code": 2,
        "alerts": [],
        "fwi": 6.8,
        "risk_class": "moderate",
        "risk_label": "Moderate",
        "risk_color": "#FFFF00",
        "trend": "de-escalating",
        "forecast": [
          {
            "date": "2026-10-10",
            "fwi": 17.3,
            "risk_class": "high",
            "risk_label": "High",
            "color": "#FFAA00",
            "temp_max": 33.0,
            "rh_min": 34,
            "wind_max": 11.9,
            "rain": 0.2
          },
          {
            "date": "2026-10-11",
            "fwi": 9.1,
            "risk_class": "moderate",
            "risk_label": "Moderate",
            "color": "#FFFF00",
            "temp_max": 32.1,
            "rh_min": 38,
            "wind_max": 9.8,
            "rain": 1.6
          },
          {
            "date": "2026-10-12",
            "fwi": 17.2,
            "risk_class": "high",
            "risk_label": "High",
            "color": "#FFAA00",
            "temp_max": 30.3,
            "rh_min": 41,
            "wind_max": 17.5,
            "rain": 0.7
          },
          {
            "date": "2026-10-13",
            "fwi": 1.8,
            "risk_class": "low",
            "risk_label": "Low",
            "color": "#38A800",
            "temp_max": 29.5,
            "rh_min": 41,
            "wind_max": 8.8,
            "rain": 9.3
          },
          {
            "date": "2026-10-14",
            "fwi": 2.7,
            "risk_class": "low",
            "risk_label": "Low",
            "color": "#38A800",
            "temp_max": 29.5,
            "rh_min": 52,
            "wind_max": 9.5,
            "rain": 5.7
          }
        ],
        "fetched_at": "2026-10-10T05:45:11.535791+00:00"
      }
    },
    {
      "type": "Feature",
      "geometry": {
        "type": "Point",
        "coordinates": [
          -10.0,
          10.0
        ]
      },
      "properties": {
        "lat": 10.0,
        "lon": -10.0,
        "temp_c": 21.4,
        "rh_pct": 98,
        "wind_kmh": 2.6,
        "wind_dir_deg": 282,
        "rain_mm": 0.0,
        "weather_code": 0,
        "alerts": [],
        "fwi": 4.8,
        "risk_class": "low",
        "risk_label": "Low",
        "risk_color": "#38A800",
        "trend": "de-escalating",
        "forecast": [
          {
            "date": "2026-10-10",
            "fwi": 3.1,
            "risk_class": "low",
            "risk_label": "Low",
            "color": "#38A800",
            "temp_max": 29.3,
            "rh_min": 65,
            "wind_max": 13.3,
            "rain": 12.4
          },
          {
            "date": "2026-10-11",
            "fwi": 3.4,
            "risk_class": "low",
            "risk_label": "Low",
            "color": "#38A800",
            "temp_max": 28.7,
            "rh_min": 66,
            "wind_max": 14.3,
            "rain": 10.7
          },
          {
            "date": "2026-10-12",
            "fwi": 5.6,
            "risk_class": "moderate",
            "risk_label": "Moderate",
            "color": "#FFFF00",
            "temp_max": 28.7,
            "rh_min": 73,
            "wind_max": 10.7,
            "rain": 1.5
          },
          {
            "date": "2026-10-13",
            "fwi": 3.7,
            "risk_class": "low",
            "risk_label": "Low",
            "color": "#38A800",
            "temp_max": 27.7,
            "rh_min": 78,
            "wind_max": 7.7,
            "rain": 1.8
          },
          {
            "date": "2026-10-14",
            "fwi": 3.7,
            "risk_class": "low",
            "risk_label": "Low",
            "color": "#38A800",
            "temp_max": 28.2,
            "rh_min": 80,
            "wind_max": 8.2,
            "rain": 1.8
          }
        ],
        "fetched_at": "2026-10-10T05:45:11.535825+00:00"
      }
    },
    {
      "type": "Feature",
      "geometry": {
        "type": "Point",
        "coordinates": [
          0.0,
          10.0
        ]
      },
      "properties": {
        "lat": 10.0,
        "lon": 0.0,
        "temp_c": 23.6,
        "rh_pct": 93,
        "wind_kmh": 5.2,
        "wind_dir_deg": 192,
        "rain_mm": 0.0,
        "weather_code": 0,
        "alerts": [],
        "fwi": 4.7,
        "risk_class": "low",
        "risk_label": "Low",
        "risk_color": "#38A800",
        "trend": "escalating",
        "forecast": [
          {
            "date": "2026-10-10",
            "fwi": 10.5,
            "risk_class": "moderate",
            "risk_label": "Moderate",
            "color": "#FFFF00",
            "temp_max": 32.3,
            "rh_min": 61,
            "wind_max": 11.2,
            "rain": 0
          },
          {
            "date": "2026-10-11",
            "fwi": 12.3,
            "risk_class": "high",
            "risk_label": "High",
            "color": "#FFAA00",
            "temp_max": 31.4,
            "rh_min": 61,
            "wind_max": 22.3,
            "rain": 2.2
          },
          {
            "date": "2026-10-12",
            "fwi": 8.1,
            "risk_class": "moderate",
            "risk_label": "Moderate",
            "color": "#FFFF00",
            "temp_max": 32.4,
            "rh_min": 63,
            "wind_max": 12.2,
            "rain": 1.7
          },
          {
            "date": "2026-10-13",
            "fwi": 9.2,
            "risk_class": "moderate",
            "risk_label": "Moderate",
            "color": "#FFFF00",
            "temp_max": 32.4,
            "rh_min": 60,
            "wind_max": 13.7,
            "rain": 1.7
          },
          {
            "date": "2026-10-14",
            "fwi": 9.6,
            "risk_class": "moderate",
            "risk_label": "Moderate",
            "color": "#FFFF00",
            "temp_max": 32.3,
            "rh_min": 62,
            "wind_max": 10.2,
            "rain": 0.6
          }
        ],
        "fetched_at": "2026-10-10T05:45:11.535858+00:00"
      }
    },
    {
      "type": "Feature",
      "geometry": {
        "type": "Point",
        "coordinates": [
          10.0,
          10.0
        ]
      },
      "properties": {
        "lat": 10.0,
        "lon": 10.0,
        "temp_c": 22.1,
        "rh_pct": 91,
        "wind_kmh": 6.7,
        "wind_dir_deg": 234,
        "rain_mm": 0.0,
        "weather_code": 0,
        "alerts": [],
        "fwi": 5.1,
        "risk_class": "moderate",
        "risk_label": "Moderate",
        "risk_color": "#FFFF00",
        "trend": "escalating",
        "forecast": [
          {
            "date": "2026-10-10",
            "fwi": 16.6,
            "risk_class": "high",
            "risk_label": "High",
            "color": "#FFAA00",
            "temp_max": 33.5,
            "rh_min": 41,
            "wind_max": 13.3,
            "rain": 0
          },
          {
            "date": "2026-10-11",
            "fwi": 16.2,
            "risk_class": "high",
            "risk_label": "High",
            "color": "#FFAA00",
            "temp_max": 33.2,
            "rh_min": 40,
            "wind_max": 12.5,
            "rain": 0.1
          },
          {
            "date": "2026-10-12",
            "fwi": 14.0,
            "risk_class": "high",
            "risk_label": "High",
            "color": "#FFAA00",
            "temp_max": 33.4,
            "rh_min": 39,
            "wind_max": 8.6,
            "rain": 0
          },
          {
            "date": "2026-10-13",
            "fwi": 18.6,
            "risk_class": "high",
            "risk_label": "High",
            "color": "#FFAA00",
            "temp_max": 33.4,
            "rh_min": 41,
            "wind_max": 16.2,
            "rain": 0
          },
          {
            "date": "2026-10-14",
            "fwi": 17.5,
            "risk_class": "high",
            "risk_label": "High",
            "color": "#FFAA00",
            "temp_max": 33.7,
            "rh_min": 37,
            "wind_max": 12.9,
            "rain": 0
          }
        ],
        "fetched_at": "2026-10-10T05:45:11.535893+00:00"
      }
    },
    {
      "type": "Feature",
      "geometry": {
        "type": "Point",
        "coordinates": [
          20.0,
          10.0
        ]
      },
      "properties": {
        "lat": 10.0,
        "lon": 20.0,
        "temp_c": 28.0,
        "rh_pct": 66,
        "wind_kmh": 9.5,
        "wind_dir_deg": 245,
        "rain_mm": 0.0,
        "weather_code": 0,
        "alerts": [],
        "fwi": 8.2,
        "risk_class": "moderate",
        "risk_label": "Moderate",
        "risk_color": "#FFFF00",
        "trend": "steady",
        "forecast": [
          {
            "date": "2026-10-10",
            "fwi": 32.2,
            "risk_class": "extreme",
            "risk_label": "Extreme",
            "color": "#7A0000",
            "temp_max": 38.4,
            "rh_min": 26,
            "wind_max": 24.3,
            "rain": 1.0
          },
          {
            "date": "2026-10-11",
            "fwi": 25.9,
            "risk_class": "very_high",
            "risk_label": "Very High",
            "color": "#FF0000",
            "temp_max": 36.5,
            "rh_min": 35,
            "wind_max": 20.6,
            "rain": 0
          },
          {
            "date": "2026-10-12",
            "fwi": 31.0,
            "risk_class": "extreme",
            "risk_label": "Extreme",
            "color": "#7A0000",
            "temp_max": 37.2,
            "rh_min": 34,
            "wind_max": 24.7,
            "rain": 0.4
          },
          {
            "date": "2026-10-13",
            "fwi": 6.9,
            "risk_class": "moderate",
            "risk_label": "Moderate",
            "color": "#FFFF00",
            "temp_max": 27.8,
            "rh_min": 70,
            "wind_max": 27.1,
            "rain": 26.4
          },
          {
            "date": "2026-10-14",
            "fwi": 11.5,
            "risk_class": "moderate",
            "risk_label": "Moderate",
            "color": "#FFFF00",
            "temp_max": 31.5,
            "rh_min": 61,
            "wind_max": 13.6,
            "rain": 0.3
          }
        ],
        "fetched_at": "2026-10-10T05:45:11.535928+00:00"
      }
    },
    {
      "type": "Feature",
      "geometry": {
        "type": "Point",
        "coordinates": [
          30.0,
          10.0
        ]
      },
      "properties": {
        "lat": 10.0,
        "lon": 30.0,
        "temp_c": 31.8,
        "rh_pct": 45,
        "wind_kmh": 9.0,
        "wind_dir_deg": 296,
        "rain_mm": 0.0,
        "weather_code": 2,
        "alerts": [],
        "fwi": 12.5,
        "risk_class": "high",
        "risk_label": "High",
        "risk_color": "#FFAA00",
        "trend": "de-escalating",
        "forecast": [
          {
            "date": "2026-10-10",
            "fwi": 30.5,
            "risk_class": "extreme",
            "risk_label": "Extreme",
            "color": "#7A0000",
            "temp_max": 40.1,
            "rh_min": 22,
            "wind_max": 17.9,
            "rain": 0.4
          },
          {
            "date": "2026-10-11",
            "fwi": 5.9,
            "risk_class": "moderate",
            "risk_label": "Moderate",
            "color": "#FFFF00",
            "temp_max": 34.8,
            "rh_min": 40,
            "wind_max": 17.3,
            "rain": 17.5
          },
          {
            "date": "2026-10-12",
            "fwi": 8.1,
            "risk_class": "moderate",
            "risk_label": "Moderate",
            "color": "#FFFF00",
            "temp_max": 33.2,
            "rh_min": 53,
            "wind_max": 13.7,
            "rain": 2.9
          },
          {
            "date": "2026-10-13",
            "fwi": 6.3,
            "risk_class": "moderate",
            "risk_label": "Moderate",
            "color": "#FFFF00",
            "temp_max": 34.0,
            "rh_min": 51,
            "wind_max": 11.7,
            "rain": 4.0
          },
          {
            "date": "2026-10-14",
            "fwi": 4.7,
            "risk_class": "low",
            "risk_label": "Low",
            "color": "#38A800",
            "temp_max": 32.2,
            "rh_min": 55,
            "wind_max": 11.7,
            "rain": 5.1
          }
        ],
        "fetched_at": "2026-10-10T05:45:11.535962+00:00"
      }
    },
    {
      "type": "Feature",
      "geometry": {
        "type": "Point",
        "coordinates": [
          40.0,
          10.0
        ]
      },
      "properties": {
        "lat": 10.0,
        "lon": 40.0,
        "temp_c": 25.8,
        "rh_pct": 52,
        "wind_kmh": 1.5,
        "wind_dir_deg": 54,
        "rain_mm": 0.0,
        "weather_code": 2,
        "alerts": [],
        "fwi": 6.8,
        "risk_class": "moderate",
        "risk_label": "Moderate",
        "risk_color": "#FFFF00",
        "trend": "de-escalating",
        "forecast": [
          {
            "date": "2026-10-10",
            "fwi": 27.0,
            "risk_class": "very_high",
            "risk_label": "Very High",
            "color": "#FF0000",
            "temp_max": 32.9,
            "rh_min": 18,
            "wind_max": 18.4,
            "rain": 0.1
          },
          {
            "date": "2026-10-11",
            "fwi": 24.6,
            "risk_class": "very_high",
            "risk_label": "Very High",
            "color": "#FF0000",
            "temp_max": 33.8,
            "rh_min": 18,
            "wind_max": 15.6,
            "rain": 0
          },
          {
            "date": "2026-10-12",
            "fwi": 25.2,
            "risk_class": "very_high",
            "risk_label": "Very High",
            "color": "#FF0000",
            "temp_max": 33.4,
            "rh_min": 22,
            "wind_max": 19.2,
            "rain": 0.7
          },
          {
            "date": "2026-10-13",
            "fwi": 5.4,
            "risk_class": "moderate",
            "risk_label": "Moderate",
            "color": "#FFFF00",
            "temp_max": 31.4,
            "rh_min": 30,
            "wind_max": 16.7,
            "rain": 5.0
          },
          {
            "date": "2026-10-14",
            "fwi": 2.8,
            "risk_class": "low",
            "risk_label": "Low",
            "color": "#38A800",
            "temp_max": 31.2,
            "rh_min": 25,
            "wind_max": 14.8,
            "rain": 10.6
          }
        ],
        "fetched_at": "2026-10-10T05:45:11.536037+00:00"
      }
    },
    {
      "type": "Feature",
      "geometry": {
        "type": "Point",
        "coordinates": [
          50.0,
          10.0
        ]
      },
      "properties": {
        "lat": 10.0,
        "lon": 50.0,
        "temp_c": 26.3,
        "rh_pct": 66,
        "wind_kmh": 2.0,
        "wind_dir_deg": 270,
        "rain_mm": 0.0,
        "weather_code": 1,
        "alerts": [],
        "fwi": 5.5,
        "risk_class": "moderate",
        "risk_label": "Moderate",
        "risk_color": "#FFFF00",
        "trend": "escalating",
        "forecast": [
          {
            "date": "2026-10-10",
            "fwi": 24.4,
            "risk_class": "very_high",
            "risk_label": "Very High",
            "color": "#FF0000",
            "temp_max": 31.5,
            "rh_min": 31,
            "wind_max": 20.3,
            "rain": 0.3
          },
          {
            "date": "2026-10-11",
            "fwi": 29.4,
            "risk_class": "very_high",
            "risk_label": "Very High",
            "color": "#FF0000",
            "temp_max": 31.9,
            "rh_min": 29,
            "wind_max": 24.3,
            "rain": 0.2
          },
          {
            "date": "2026-10-12",
            "fwi": 22.4,
            "risk_class": "very_high",
            "risk_label": "Very High",
            "color": "#FF0000",
            "temp_max": 31.6,
            "rh_min": 41,
            "wind_max": 22.0,
            "rain": 0.5
          },
          {
            "date": "2026-10-13",
            "fwi": 16.7,
            "risk_class": "high",
            "risk_label": "High",
            "color": "#FFAA00",
            "temp_max": 29.4,
            "rh_min": 53,
            "wind_max": 24.4,
            "rain": 1.2
          },
          {
            "date": "2026-10-14",
            "fwi": 9.7,
            "risk_class": "moderate",
            "risk_label": "Moderate",
            "color": "#FFFF00",
            "temp_max": 29.6,
            "rh_min": 48,
            "wind_max": 24.2,
            "rain": 4.8
          }
        ],
        "fetched_at": "2026-10-10T05:45:11.536079+00:00"
      }
    },
    {
      "type": "Feature",
      "geometry": {
        "type": "Point",
        "coordinates": [
          -100.0,
          20.0
        ]
      },
      "properties": {
        "lat": 20.0,
        "lon": -100.0,
        "temp_c": 9.4,
        "rh_pct": 99,
        "wind_kmh": 4.3,
        "wind_dir_deg": 90,
        "rain_mm": 0.0,
        "weather_code": 3,
        "alerts": [],
        "fwi": 5.5,
        "risk_class": "moderate",
        "risk_label": "Moderate",
        "risk_color": "#FFFF00",
        "trend": "de-escalating",
        "forecast": [
          {
            "date": "2026-10-09",
            "fwi": 0.6,
            "risk_class": "low",
            "risk_label": "Low",
            "color": "#38A800",
            "temp_max": 13.2,
            "rh_min": 81,
            "wind_max": 10.3,
            "rain": 11.7
          },
          {
            "date": "2026-10-10",
            "fwi": 0.7,
            "risk_class": "low",
            "risk_label": "Low",
            "color": "#38A800",
            "temp_max": 14.7,
            "rh_min": 76,
            "wind_max": 9.5,
            "rain": 10.9
          },
          {
            "date": "2026-10-11",
            "fwi": 1.8,
            "risk_class": "low",
            "risk_label": "Low",
            "color": "#38A800",
            "temp_max": 18.2,
            "rh_min": 53,
            "wind_max": 10.9,
            "rain": 4.7
          },
          {
            "date": "2026-10-12",
            "fwi": 0.9,
            "risk_class": "low",
            "risk_label": "Low",
            "color": "#38A800",
            "temp_max": 17.0,
            "rh_min": 63,
            "wind_max": 9.1,
            "rain": 6.8
          },
          {
            "date": "2026-10-13",
            "fwi": 0.5,
            "risk_class": "low",
            "risk_label": "Low",
            "color": "#38A800",
            "temp_max": 17.8,
            "rh_min": 64,
            "wind_max": 4.7,
            "rain": 13.2
          }
        ],
        "fetched_at": "2026-10-10T05:45:11.536113+00:00"
      }
    },
    {
      "type": "Feature",
      "geometry": {
        "type": "Point",
        "coordinates": [
          -90.0,
          20.0
        ]
      },
      "properties": {
        "lat": 20.0,
        "lon": -90.0,
        "temp_c": 24.3,
        "rh_pct": 97,
        "wind_kmh": 8.0,
        "wind_dir_deg": 155,
        "rain_mm": 0.0,
        "weather_code": 0,
        "alerts": [],
        "fwi": 5.7,
        "risk_class": "moderate",
        "risk_label": "Moderate",
        "risk_color": "#FFFF00",
        "trend": "escalating",
        "forecast": [
          {
            "date": "2026-10-09",
            "fwi": 9.9,
            "risk_class": "moderate",
            "risk_label": "Moderate",
            "color": "#FFFF00",
            "temp_max": 31.1,
            "rh_min": 64,
            "wind_max": 12.3,
            "rain": 0.6
          },
          {
            "date": "2026-10-10",
            "fwi": 5.0,
            "risk_class": "moderate",
            "risk_label": "Moderate",
            "color": "#FFFF00",
            "temp_max": 31.6,
            "rh_min": 65,
            "wind_max": 12.7,
            "rain": 4.5
          },
          {
            "date": "2026-10-11",
            "fwi": 3.6,
            "risk_class": "low",
            "risk_label": "Low",
            "color": "#38A800",
            "temp_max": 30.9,
            "rh_min": 69,
            "wind_max": 11.9,
            "rain": 6.8
          },
          {
            "date": "2026-10-12",
            "fwi": 7.7,
            "risk_class": "moderate",
            "risk_label": "Moderate",
            "color": "#FFFF00",
            "temp_max": 31.5,
            "rh_min": 66,
            "wind_max": 12.8,
            "rain": 1.7
          },
          {
            "date": "2026-10-13",
            "fwi": 12.1,
            "risk_class": "high",
            "risk_label": "High",
            "color": "#FFAA00",
            "temp_max": 32.1,
            "rh_min": 54,
            "wind_max": 11.6,
            "rain": 0
          }
        ],
        "fetched_at": "2026-10-10T05:45:11.536148+00:00"
      }
    },
    {
      "type": "Feature",
      "geometry": {
        "type": "Point",
        "coordinates": [
          -10.0,
          20.0
        ]
      },
      "properties": {
        "lat": 20.0,
        "lon": -10.0,
        "temp_c": 23.7,
        "rh_pct": 67,
        "wind_kmh": 24.5,
        "wind_dir_deg": 25,
        "rain_mm": 0.0,
        "weather_code": 3,
        "alerts": [],
        "fwi": 14.0,
        "risk_class": "high",
        "risk_label": "High",
        "risk_color": "#FFAA00",
        "trend": "escalating",
        "forecast": [
          {
            "date": "2026-10-10",
            "fwi": 24.2,
            "risk_class": "very_high",
            "risk_label": "Very High",
            "color": "#FF0000",
            "temp_max": 28.2,
            "rh_min": 39,
            "wind_max": 25.1,
            "rain": 0
          },
          {
            "date": "2026-10-11",
            "fwi": 21.0,
            "risk_class": "very_high",
            "risk_label": "Very High",
            "color": "#FF0000",
            "temp_max": 30.9,
            "rh_min": 43,
            "wind_max": 21.5,
            "rain": 0
          },
          {
            "date": "2026-10-12",
            "fwi": 24.7,
            "risk_class": "very_high",
            "risk_label": "Very High",
            "color": "#FF0000",
            "temp_max": 31.2,
            "rh_min": 21,
            "wind_max": 17.7,
            "rain": 0
          },
          {
            "date": "2026-10-13",
            "fwi": 24.8,
            "risk_class": "very_high",
            "risk_label": "Very High",
            "color": "#FF0000",
            "temp_max": 30.5,
            "rh_min": 25,
            "wind_max": 19.3,
            "rain": 0
          },
          {
            "date": "2026-10-14",
            "fwi": 25.8,
            "risk_class": "very_high",
            "risk_label": "Very High",
            "color": "#FF0000",
            "temp_max": 31.3,
            "rh_min": 22,
            "wind_max": 19.0,
            "rain": 0
          }
        ],
        "fetched_at": "2026-10-10T05:45:11.536183+00:00"
      }
    },
    {
      "type": "Feature",
      "geometry": {
        "type": "Point",
        "coordinates": [
          0.0,
          20.0
        ]
      },
      "properties": {
        "lat": 20.0,
        "lon": 0.0,
        "temp_c": 25.9,
        "rh_pct": 22,
        "wind_kmh": 11.5,
        "wind_dir_deg": 117,
        "rain_mm": 0.0,
        "weather_code": 1,
        "alerts": [],
        "fwi": 16.4,
        "risk_class": "high",
        "risk_label": "High",
        "risk_color": "#FFAA00",
        "trend": "escalating",
        "forecast": [
          {
            "date": "2026-10-10",
            "fwi": 24.8,
            "risk_class": "very_high",
            "risk_label": "Very High",
            "color": "#FF0000",
            "temp_max": 39.4,
            "rh_min": 10,
            "wind_max": 13.8,
            "rain": 0
          },
          {
            "date": "2026-10-11",
            "fwi": 56.3,
            "risk_class": "extreme",
            "risk_label": "Extreme",
            "color": "#7A0000",
            "temp_max": 38.7,
            "rh_min": 13,
            "wind_max": 34.2,
            "rain": 0
          },
          {
            "date": "2026-10-12",
            "fwi": 39.7,
            "risk_class": "extreme",
            "risk_label": "Extreme",
            "color": "#7A0000",
            "temp_max": 34.9,
            "rh_min": 23,
            "wind_max": 28.6,
            "rain": 0
          },
          {
            "date": "2026-10-13",
            "fwi": 24.2,
            "risk_class": "very_high",
            "risk_label": "Very High",
            "color": "#FF0000",
            "temp_max": 33.7,
            "rh_min": 28,
            "wind_max": 17.7,
            "rain": 0
          },
          {
            "date": "2026-10-14",
            "fwi": 24.4,
            "risk_class": "very_high",
            "risk_label": "Very High",
            "color": "#FF0000",
            "temp_max": 32.6,
            "rh_min": 29,
            "wind_max": 18.9,
            "rain": 0
          }
        ],
        "fetched_at": "2026-10-10T05:45:11.536219+00:00"
      }
    },
    {
      "type": "Feature",
      "geometry": {
        "type": "Point",
        "coordinates": [
          10.0,
          20.0
        ]
      },
      "properties": {
        "lat": 20.0,
        "lon": 10.0,
        "temp_c": 21.6,
        "rh_pct": 32,
        "wind_kmh": 9.3,
        "wind_dir_deg": 27,
        "rain_mm": 0.0,
        "weather_code": 0,
        "alerts": [],
        "fwi": 12.1,
        "risk_class": "high",
        "risk_label": "High",
        "risk_color": "#FFAA00",
        "trend": "escalating",
        "forecast": [
          {
            "date": "2026-10-10",
            "fwi": 22.1,
            "risk_class": "very_high",
            "risk_label": "Very High",
            "color": "#FF0000",
            "temp_max": 34.7,
            "rh_min": 14,
            "wind_max": 12.8,
            "rain": 0
          },
          {
            "date": "2026-10-11",
            "fwi": 25.7,
            "risk_class": "very_high",
            "risk_label": "Very High",
            "color": "#FF0000",
            "temp_max": 36.1,
            "rh_min": 15,
            "wind_max": 15.2,
            "rain": 0
          },
          {
            "date": "2026-10-12",
            "fwi": 30.6,
            "risk_class": "extreme",
            "risk_label": "Extreme",
            "color": "#7A0000",
            "temp_max": 36.3,
            "rh_min": 14,
            "wind_max": 19.3,
            "rain": 0
          },
          {
            "date": "2026-10-13",
            "fwi": 35.8,
            "risk_class": "extreme",
            "risk_label": "Extreme",
            "color": "#7A0000",
            "temp_max": 35.7,
            "rh_min": 12,
            "wind_max": 23.9,
            "rain": 0
          },
          {
            "date": "2026-10-14",
            "fwi": 36.1,
            "risk_class": "extreme",
            "risk_label": "Extreme",
            "color": "#7A0000",
            "temp_max": 35.4,
            "rh_min": 13,
            "wind_max": 24.1,
            "rain": 0
          }
        ],
        "fetched_at": "2026-10-10T05:45:11.536252+00:00"
      }
    },
    {
      "type": "Feature",
      "geometry": {
        "type": "Point",
        "coordinates": [
          20.0,
          20.0
        ]
      },
      "properties": {
        "lat": 20.0,
        "lon": 20.0,
        "temp_c": 21.1,
        "rh_pct": 29,
        "wind_kmh": 11.0,
        "wind_dir_deg": 356,
        "rain_mm": 0.0,
        "weather_code": 0,
        "alerts": [],
        "fwi": 13.4,
        "risk_class": "high",
        "risk_label": "High",
        "risk_color": "#FFAA00",
        "trend": "escalating",
        "forecast": [
          {
            "date": "2026-10-10",
            "fwi": 25.9,
            "risk_class": "very_high",
            "risk_label": "Very High",
            "color": "#FF0000",
            "temp_max": 32.3,
            "rh_min": 14,
            "wind_max": 17.7,
            "rain": 0
          },
          {
            "date": "2026-10-11",
            "fwi": 26.5,
            "risk_class": "very_high",
            "risk_label": "Very High",
            "color": "#FF0000",
            "temp_max": 32.6,
            "rh_min": 12,
            "wind_max": 18.4,
            "rain": 0
          },
          {
            "date": "2026-10-12",
            "fwi": 30.7,
            "risk_class": "extreme",
            "risk_label": "Extreme",
            "color": "#7A0000",
            "temp_max": 31.9,
            "rh_min": 16,
            "wind_max": 22.0,
            "rain": 0
          },
          {
            "date": "2026-10-13",
            "fwi": 35.6,
            "risk_class": "extreme",
            "risk_label": "Extreme",
            "color": "#7A0000",
            "temp_max": 32.4,
            "rh_min": 14,
            "wind_max": 25.5,
            "rain": 0
          },
          {
            "date": "2026-10-14",
            "fwi": 32.0,
            "risk_class": "extreme",
            "risk_label": "Extreme",
            "color": "#7A0000",
            "temp_max": 32.4,
            "rh_min": 20,
            "wind_max": 23.4,
            "rain": 0
          }
        ],
        "fetched_at": "2026-10-10T05:45:11.536286+00:00"
      }
    },
    {
      "type": "Feature",
      "geometry": {
        "type": "Point",
        "coordinates": [
          30.0,
          20.0
        ]
      },
      "properties": {
        "lat": 20.0,
        "lon": 30.0,
        "temp_c": 24.6,
        "rh_pct": 34,
        "wind_kmh": 22.0,
        "wind_dir_deg": 351,
        "rain_mm": 0.0,
        "weather_code": 0,
        "alerts": [],
        "fwi": 21.5,
        "risk_class": "very_high",
        "risk_label": "Very High",
        "risk_color": "#FF0000",
        "trend": "escalating",
        "forecast": [
          {
            "date": "2026-10-10",
            "fwi": 38.6,
            "risk_class": "extreme",
            "risk_label": "Extreme",
            "color": "#7A0000",
            "temp_max": 34.8,
            "rh_min": 20,
            "wind_max": 26.9,
            "rain": 0
          },
          {
            "date": "2026-10-11",
            "fwi": 36.0,
            "risk_class": "extreme",
            "risk_label": "Extreme",
            "color": "#7A0000",
            "temp_max": 35.7,
            "rh_min": 20,
            "wind_max": 24.5,
            "rain": 0
          },
          {
            "date": "2026-10-12",
            "fwi": 35.9,
            "risk_class": "extreme",
            "risk_label": "Extreme",
            "color": "#7A0000",
            "temp_max": 35.4,
            "rh_min": 16,
            "wind_max": 23.9,
            "rain": 0
          },
          {
            "date": "2026-10-13",
            "fwi": 33.5,
            "risk_class": "extreme",
            "risk_label": "Extreme",
            "color": "#7A0000",
            "temp_max": 35.4,
            "rh_min": 16,
            "wind_max": 22.1,
            "rain": 0
          },
          {
            "date": "2026-10-14",
            "fwi": 34.4,
            "risk_class": "extreme",
            "risk_label": "Extreme",
            "color": "#7A0000",
            "temp_max": 36.0,
            "rh_min": 14,
            "wind_max": 22.4,
            "rain": 0
          }
        ],
        "fetched_at": "2026-10-10T05:45:11.536331+00:00"
      }
    },
    {
      "type": "Feature",
      "geometry": {
        "type": "Point",
        "coordinates": [
          50.0,
          20.0
        ]
      },
      "properties": {
        "lat": 20.0,
        "lon": 50.0,
        "temp_c": 32.5,
        "rh_pct": 24,
        "wind_kmh": 8.0,
        "wind_dir_deg": 174,
        "rain_mm": 0.0,
        "weather_code": 0,
        "alerts": [],
        "fwi": 16.1,
        "risk_class": "high",
        "risk_label": "High",
        "risk_color": "#FFAA00",
        "trend": "escalating",
        "forecast": [
          {
            "date": "2026-10-10",
            "fwi": 27.5,
            "risk_class": "very_high",
            "risk_label": "Very High",
            "color": "#FF0000",
            "temp_max": 39.1,
            "rh_min": 17,
            "wind_max": 15.0,
            "rain": 0
          },
          {
            "date": "2026-10-11",
            "fwi": 39.8,
            "risk_class": "extreme",
            "risk_label": "Extreme",
            "color": "#7A0000",
            "temp_max": 36.6,
            "rh_min": 18,
            "wind_max": 26.2,
            "rain": 0
          },
          {
            "date": "2026-10-12",
            "fwi": 42.9,
            "risk_class": "extreme",
            "risk_label": "Extreme",
            "color": "#7A0000",
            "temp_max": 37.1,
            "rh_min": 16,
            "wind_max": 27.6,
            "rain": 0
          },
          {
            "date": "2026-10-13",
            "fwi": 28.9,
            "risk_class": "very_high",
            "risk_label": "Very High",
            "color": "#FF0000",
            "temp_max": 36.2,
            "rh_min": 23,
            "wind_max": 19.2,
            "rain": 0
          },
          {
            "date": "2026-10-14",
            "fwi": 26.9,
            "risk_class": "very_high",
            "risk_label": "Very High",
            "color": "#FF0000",
            "temp_max": 35.3,
            "rh_min": 18,
            "wind_max": 16.9,
            "rain": 0
          }
        ],
        "fetched_at": "2026-10-10T05:45:11.536365+00:00"
      }
    },
    {
      "type": "Feature",
      "geometry": {
        "type": "Point",
        "coordinates": [
          80.0,
          20.0
        ]
      },
      "properties": {
        "lat": 20.0,
        "lon": 80.0,
        "temp_c": 32.0,
        "rh_pct": 51,
        "wind_kmh": 2.4,
        "wind_dir_deg": 333,
        "rain_mm": 0.0,
        "weather_code": 0,
        "alerts": [],
        "fwi": 8.3,
        "risk_class": "moderate",
        "risk_label": "Moderate",
        "risk_color": "#FFFF00",
        "trend": "escalating",
        "forecast": [
          {
            "date": "2026-10-10",
            "fwi": 14.2,
            "risk_class": "high",
            "risk_label": "High",
            "color": "#FFAA00",
            "temp_max": 33.2,
            "rh_min": 40,
            "wind_max": 9.3,
            "rain": 0
          },
          {
            "date": "2026-10-11",
            "fwi": 13.6,
            "risk_class": "high",
            "risk_label": "High",
            "color": "#FFAA00",
            "temp_max": 32.9,
            "rh_min": 42,
            "wind_max": 9.2,
            "rain": 0.1
          },
          {
            "date": "2026-10-12",
            "fwi": 14.2,
            "risk_class": "high",
            "risk_label": "High",
            "color": "#FFAA00",
            "temp_max": 32.5,
            "rh_min": 44,
            "wind_max": 11.2,
            "rain": 0
          },
          {
            "date": "2026-10-13",
            "fwi": 11.9,
            "risk_class": "moderate",
            "risk_label": "Moderate",
            "color": "#FFFF00",
            "temp_max": 31.7,
            "rh_min": 47,
            "wind_max": 8.6,
            "rain": 0
          },
          {
            "date": "2026-10-14",
            "fwi": 11.9,
            "risk_class": "moderate",
            "risk_label": "Moderate",
            "color": "#FFFF00",
            "temp_max": 31.9,
            "rh_min": 47,
            "wind_max": 8.5,
            "rain": 0
          }
        ],
        "fetched_at": "2026-10-10T05:45:11.536398+00:00"
      }
    },
    {
      "type": "Feature",
      "geometry": {
        "type": "Point",
        "coordinates": [
          100.0,
          20.0
        ]
      },
      "properties": {
        "lat": 20.0,
        "lon": 100.0,
        "temp_c": 30.3,
        "rh_pct": 55,
        "wind_kmh": 10.7,
        "wind_dir_deg": 36,
        "rain_mm": 0.0,
        "weather_code": 0,
        "alerts": [],
        "fwi": 11.0,
        "risk_class": "moderate",
        "risk_label": "Moderate",
        "risk_color": "#FFFF00",
        "trend": "de-escalating",
        "forecast": [
          {
            "date": "2026-10-10",
            "fwi": 13.3,
            "risk_class": "high",
            "risk_label": "High",
            "color": "#FFAA00",
            "temp_max": 30.6,
            "rh_min": 53,
            "wind_max": 14.2,
            "rain": 0.5
          },
          {
            "date": "2026-10-11",
            "fwi": 7.9,
            "risk_class": "moderate",
            "risk_label": "Moderate",
            "color": "#FFFF00",
            "temp_max": 28.9,
            "rh_min": 65,
            "wind_max": 10.7,
            "rain": 0.9
          },
          {
            "date": "2026-10-12",
            "fwi": 8.3,
            "risk_class": "moderate",
            "risk_label": "Moderate",
            "color": "#FFFF00",
            "temp_max": 30.2,
            "rh_min": 61,
            "wind_max": 6.7,
            "rain": 0.3
          },
          {
            "date": "2026-10-13",
            "fwi": 7.9,
            "risk_class": "moderate",
            "risk_label": "Moderate",
            "color": "#FFFF00",
            "temp_max": 30.6,
            "rh_min": 59,
            "wind_max": 4.7,
            "rain": 0.4
          },
          {
            "date": "2026-10-14",
            "fwi": 8.0,
            "risk_class": "moderate",
            "risk_label": "Moderate",
            "color": "#FFFF00",
            "temp_max": 30.2,
            "rh_min": 66,
            "wind_max": 8.0,
            "rain": 0.3
          }
        ],
        "fetched_at": "2026-10-10T05:45:11.536434+00:00"
      }
    },
    {
      "type": "Feature",
      "geometry": {
        "type": "Point",
        "coordinates": [
          110.0,
          20.0
        ]
      },
      "properties": {
        "lat": 20.0,
        "lon": 110.0,
        "temp_c": 29.5,
        "rh_pct": 62,
        "wind_kmh": 21.0,
        "wind_dir_deg": 55,
        "rain_mm": 0.0,
        "weather_code": 2,
        "alerts": [],
        "fwi": 14.6,
        "risk_class": "high",
        "risk_label": "High",
        "risk_color": "#FFAA00",
        "trend": "steady",
        "forecast": [
          {
            "date": "2026-10-10",
            "fwi": 15.7,
            "risk_class": "high",
            "risk_label": "High",
            "color": "#FFAA00",
            "temp_max": 29.8,
            "rh_min": 60,
            "wind_max": 21.8,
            "rain": 0.1
          },
          {
            "date": "2026-10-11",
            "fwi": 12.0,
            "risk_class": "high",
            "risk_label": "High",
            "color": "#FFAA00",
            "temp_max": 29.3,
            "rh_min": 66,
            "wind_max": 20.9,
            "rain": 1.1
          },
          {
            "date": "2026-10-12",
            "fwi": 13.3,
            "risk_class": "high",
            "risk_label": "High",
            "color": "#FFAA00",
            "temp_max": 30.5,
            "rh_min": 66,
            "wind_max": 20.9,
            "rain": 0.7
          },
          {
            "date": "2026-10-13",
            "fwi": 12.4,
            "risk_class": "high",
            "risk_label": "High",
            "color": "#FFAA00",
            "temp_max": 30.3,
            "rh_min": 68,
            "wind_max": 19.3,
            "rain": 0.2
          },
          {
            "date": "2026-10-14",
            "fwi": 12.0,
            "risk_class": "high",
            "risk_label": "High",
            "color": "#FFAA00",
            "temp_max": 30.4,
            "rh_min": 64,
            "wind_max": 16.6,
            "rain": 0.3
          }
        ],
        "fetched_at": "2026-10-10T05:45:11.536469+00:00"
      }
    },
    {
      "type": "Feature",
      "geometry": {
        "type": "Point",
        "coordinates": [
          -110.0,
          30.0
        ]
      },
      "properties": {
        "lat": 30.0,
        "lon": -110.0,
        "temp_c": 22.2,
        "rh_pct": 43,
        "wind_kmh": 2.0,
        "wind_dir_deg": 307,
        "rain_mm": 0.0,
        "weather_code": 0,
        "alerts": [],
        "fwi": 7.3,
        "risk_class": "moderate",
        "risk_label": "Moderate",
        "risk_color": "#FFFF00",
        "trend": "de-escalating",
        "forecast": [
          {
            "date": "2026-10-09",
            "fwi": 19.6,
            "risk_class": "high",
            "risk_label": "High",
            "color": "#FFAA00",
            "temp_max": 30.9,
            "rh_min": 36,
            "wind_max": 16.9,
            "rain": 0
          },
          {
            "date": "2026-10-10",
            "fwi": 32.0,
            "risk_class": "extreme",
            "risk_label": "Extreme",
            "color": "#7A0000",
            "temp_max": 29.4,
            "rh_min": 39,
            "wind_max": 32.2,
            "rain": 0
          },
          {
            "date": "2026-10-11",
            "fwi": 20.9,
            "risk_class": "very_high",
            "risk_label": "Very High",
            "color": "#FF0000",
            "temp_max": 24.2,
            "rh_min": 59,
            "wind_max": 31.5,
            "rain": 0.4
          },
          {
            "date": "2026-10-12",
            "fwi": 4.5,
            "risk_class": "low",
            "risk_label": "Low",
            "color": "#38A800",
            "temp_max": 23.7,
            "rh_min": 57,
            "wind_max": 16.6,
            "rain": 3.6
          },
          {
            "date": "2026-10-13",
            "fwi": 19.5,
            "risk_class": "high",
            "risk_label": "High",
            "color": "#FFAA00",
            "temp_max": 26.1,
            "rh_min": 40,
            "wind_max": 20.9,
            "rain": 0
          }
        ],
        "fetched_at": "2026-10-10T05:45:11.536504+00:00"
      }
    },
    {
      "type": "Feature",
      "geometry": {
        "type": "Point",
        "coordinates": [
          -100.0,
          30.0
        ]
      },
      "properties": {
        "lat": 30.0,
        "lon": -100.0,
        "temp_c": 18.2,
        "rh_pct": 49,
        "wind_kmh": 7.3,
        "wind_dir_deg": 80,
        "rain_mm": 0.0,
        "weather_code": 0,
        "alerts": [],
        "fwi": 8.2,
        "risk_class": "moderate",
        "risk_label": "Moderate",
        "risk_color": "#FFFF00",
        "trend": "escalating",
        "forecast": [
          {
            "date": "2026-10-10",
            "fwi": 21.3,
            "risk_class": "very_high",
            "risk_label": "Very High",
            "color": "#FF0000",
            "temp_max": 28.3,
            "rh_min": 35,
            "wind_max": 20.1,
            "rain": 0
          },
          {
            "date": "2026-10-11",
            "fwi": 31.5,
            "risk_class": "extreme",
            "risk_label": "Extreme",
            "color": "#7A0000",
            "temp_max": 27.7,
            "rh_min": 44,
            "wind_max": 34.9,
            "rain": 0
          },
          {
            "date": "2026-10-12",
            "fwi": 23.2,
            "risk_class": "very_high",
            "risk_label": "Very High",
            "color": "#FF0000",
            "temp_max": 29.5,
            "rh_min": 47,
            "wind_max": 26.6,
            "rain": 0
          },
          {
            "date": "2026-10-13",
            "fwi": 30.9,
            "risk_class": "extreme",
            "risk_label": "Extreme",
            "color": "#7A0000",
            "temp_max": 31.6,
            "rh_min": 41,
            "wind_max": 30.9,
            "rain": 0
          },
          {
            "date": "2026-10-14",
            "fwi": 30.2,
            "risk_class": "extreme",
            "risk_label": "Extreme",
            "color": "#7A0000",
            "temp_max": 31.0,
            "rh_min": 46,
            "wind_max": 32.8,
            "rain": 0.3
          }
        ],
        "fetched_at": "2026-10-10T05:45:11.536539+00:00"
      }
    },
    {
      "type": "Feature",
      "geometry": {
        "type": "Point",
        "coordinates": [
          -90.0,
          30.0
        ]
      },
      "properties": {
        "lat": 30.0,
        "lon": -90.0,
        "temp_c": 21.5,
        "rh_pct": 68,
        "wind_kmh": 17.0,
        "wind_dir_deg": 18,
        "rain_mm": 0.0,
        "weather_code": 1,
        "alerts": [],
        "fwi": 10.3,
        "risk_class": "moderate",
        "risk_label": "Moderate",
        "risk_color": "#FFFF00",
        "trend": "escalating",
        "forecast": [
          {
            "date": "2026-10-10",
            "fwi": 19.8,
            "risk_class": "high",
            "risk_label": "High",
            "color": "#FFAA00",
            "temp_max": 25.6,
            "rh_min": 43,
            "wind_max": 31.3,
            "rain": 1.6
          },
          {
            "date": "2026-10-11",
            "fwi": 18.0,
            "risk_class": "high",
            "risk_label": "High",
            "color": "#FFAA00",
            "temp_max": 31.0,
            "rh_min": 42,
            "wind_max": 17.1,
            "rain": 0
          },
          {
            "date": "2026-10-12",
            "fwi": 19.3,
            "risk_class": "high",
            "risk_label": "High",
            "color": "#FFAA00",
            "temp_max": 30.9,
            "rh_min": 38,
            "wind_max": 17.3,
            "rain": 0
          },
          {
            "date": "2026-10-13",
            "fwi": 16.8,
            "risk_class": "high",
            "risk_label": "High",
            "color": "#FFAA00",
            "temp_max": 32.0,
            "rh_min": 37,
            "wind_max": 12.9,
            "rain": 0
          },
          {
            "date": "2026-10-14",
            "fwi": 16.2,
            "risk_class": "high",
            "risk_label": "High",
            "color": "#FFAA00",
            "temp_max": 31.4,
            "rh_min": 37,
            "wind_max": 12.4,
            "rain": 0
          }
        ],
        "fetched_at": "2026-10-10T05:45:11.536573+00:00"
      }
    },
    {
      "type": "Feature",
      "geometry": {
        "type": "Point",
        "coordinates": [
          0.0,
          30.0
        ]
      },
      "properties": {
        "lat": 30.0,
        "lon": 0.0,
        "temp_c": 22.9,
        "rh_pct": 58,
        "wind_kmh": 1.3,
        "wind_dir_deg": 56,
        "rain_mm": 0.0,
        "weather_code": 3,
        "alerts": [],
        "fwi": 5.8,
        "risk_class": "moderate",
        "risk_label": "Moderate",
        "risk_color": "#FFFF00",
        "trend": "steady",
        "forecast": [
          {
            "date": "2026-10-10",
            "fwi": 24.0,
            "risk_class": "very_high",
            "risk_label": "Very High",
            "color": "#FF0000",
            "temp_max": 29.6,
            "rh_min": 37,
            "wind_max": 23.3,
            "rain": 0
          },
          {
            "date": "2026-10-11",
            "fwi": 5.7,
            "risk_class": "moderate",
            "risk_label": "Moderate",
            "color": "#FFFF00",
            "temp_max": 24.2,
            "rh_min": 58,
            "wind_max": 23.4,
            "rain": 6.1
          },
          {
            "date": "2026-10-12",
            "fwi": 1.5,
            "risk_class": "low",
            "risk_label": "Low",
            "color": "#38A800",
            "temp_max": 20.6,
            "rh_min": 77,
            "wind_max": 12.1,
            "rain": 17.1
          },
          {
            "date": "2026-10-13",
            "fwi": 4.8,
            "risk_class": "low",
            "risk_label": "Low",
            "color": "#38A800",
            "temp_max": 23.5,
            "rh_min": 59,
            "wind_max": 19.9,
            "rain": 4.8
          },
          {
            "date": "2026-10-14",
            "fwi": 8.0,
            "risk_class": "moderate",
            "risk_label": "Moderate",
            "color": "#FFFF00",
            "temp_max": 24.8,
            "rh_min": 60,
            "wind_max": 23.8,
            "rain": 3.2
          }
        ],
        "fetched_at": "2026-10-10T05:45:11.536608+00:00"
      }
    },
    {
      "type": "Feature",
      "geometry": {
        "type": "Point",
        "coordinates": [
          10.0,
          30.0
        ]
      },
      "properties": {
        "lat": 30.0,
        "lon": 10.0,
        "temp_c": 22.3,
        "rh_pct": 30,
        "wind_kmh": 4.5,
        "wind_dir_deg": 256,
        "rain_mm": 0.0,
        "weather_code": 0,
        "alerts": [],
        "fwi": 9.8,
        "risk_class": "moderate",
        "risk_label": "Moderate",
        "risk_color": "#FFFF00",
        "trend": "escalating",
        "forecast": [
          {
            "date": "2026-10-10",
            "fwi": 21.5,
            "risk_class": "very_high",
            "risk_label": "Very High",
            "color": "#FF0000",
            "temp_max": 32.5,
            "rh_min": 12,
            "wind_max": 13.8,
            "rain": 0
          },
          {
            "date": "2026-10-11",
            "fwi": 19.8,
            "risk_class": "high",
            "risk_label": "High",
            "color": "#FFAA00",
            "temp_max": 31.0,
            "rh_min": 28,
            "wind_max": 14.3,
            "rain": 0
          },
          {
            "date": "2026-10-12",
            "fwi": 5.9,
            "risk_class": "moderate",
            "risk_label": "Moderate",
            "color": "#FFFF00",
            "temp_max": 24.8,
            "rh_min": 47,
            "wind_max": 19.7,
            "rain": 3.6
          },
          {
            "date": "2026-10-13",
            "fwi": 13.2,
            "risk_class": "high",
            "risk_label": "High",
            "color": "#FFAA00",
            "temp_max": 28.7,
            "rh_min": 43,
            "wind_max": 11.2,
            "rain": 0
          },
          {
            "date": "2026-10-14",
            "fwi": 16.7,
            "risk_class": "high",
            "risk_label": "High",
            "color": "#FFAA00",
            "temp_max": 30.5,
            "rh_min": 36,
            "wind_max": 13.2,
            "rain": 0
          }
        ],
        "fetched_at": "2026-10-10T05:45:11.536641+00:00"
      }
    },
    {
      "type": "Feature",
      "geometry": {
        "type": "Point",
        "coordinates": [
          20.0,
          30.0
        ]
      },
      "properties": {
        "lat": 30.0,
        "lon": 20.0,
        "temp_c": 18.8,
        "rh_pct": 54,
        "wind_kmh": 7.9,
        "wind_dir_deg": 141,
        "rain_mm": 0.0,
        "weather_code": 3,
        "alerts": [],
        "fwi": 7.9,
        "risk_class": "moderate",
        "risk_label": "Moderate",
        "risk_color": "#FFFF00",
        "trend": "escalating",
        "forecast": [
          {
            "date": "2026-10-10",
            "fwi": 18.6,
            "risk_class": "high",
            "risk_label": "High",
            "color": "#FFAA00",
            "temp_max": 30.4,
            "rh_min": 22,
            "wind_max": 11.8,
            "rain": 0
          },
          {
            "date": "2026-10-11",
            "fwi": 32.4,
            "risk_class": "extreme",
            "risk_label": "Extreme",
            "color": "#7A0000",
            "temp_max": 32.5,
            "rh_min": 19,
            "wind_max": 23.4,
            "rain": 0
          },
          {
            "date": "2026-10-12",
            "fwi": 18.2,
            "risk_class": "high",
            "risk_label": "High",
            "color": "#FFAA00",
            "temp_max": 29.0,
            "rh_min": 47,
            "wind_max": 20.4,
            "rain": 0
          },
          {
            "date": "2026-10-13",
            "fwi": 18.8,
            "risk_class": "high",
            "risk_label": "High",
            "color": "#FFAA00",
            "temp_max": 28.7,
            "rh_min": 48,
            "wind_max": 21.9,
            "rain": 0
          },
          {
            "date": "2026-10-14",
            "fwi": 16.9,
            "risk_class": "high",
            "risk_label": "High",
            "color": "#FFAA00",
            "temp_max": 27.7,
            "rh_min": 51,
            "wind_max": 20.9,
            "rain": 0
          }
        ],
        "fetched_at": "2026-10-10T05:45:11.536676+00:00"
      }
    },
    {
      "type": "Feature",
      "geometry": {
        "type": "Point",
        "coordinates": [
          30.0,
          30.0
        ]
      },
      "properties": {
        "lat": 30.0,
        "lon": 30.0,
        "temp_c": 19.4,
        "rh_pct": 78,
        "wind_kmh": 7.9,
        "wind_dir_deg": 3,
        "rain_mm": 0.0,
        "weather_code": 1,
        "alerts": [],
        "fwi": 6.3,
        "risk_class": "moderate",
        "risk_label": "Moderate",
        "risk_color": "#FFFF00",
        "trend": "escalating",
        "forecast": [
          {
            "date": "2026-10-10",
            "fwi": 19.2,
            "risk_class": "high",
            "risk_label": "High",
            "color": "#FFAA00",
            "temp_max": 27.2,
            "rh_min": 36,
            "wind_max": 18.4,
            "rain": 0
          },
          {
            "date": "2026-10-11",
            "fwi": 14.5,
            "risk_class": "high",
            "risk_label": "High",
            "color": "#FFAA00",
            "temp_max": 27.0,
            "rh_min": 40,
            "wind_max": 13.2,
            "rain": 0
          },
          {
            "date": "2026-10-12",
            "fwi": 15.3,
            "risk_class": "high",
            "risk_label": "High",
            "color": "#FFAA00",
            "temp_max": 28.3,
            "rh_min": 39,
            "wind_max": 13.3,
            "rain": 0
          },
          {
            "date": "2026-10-13",
            "fwi": 16.9,
            "risk_class": "high",
            "risk_label": "High",
            "color": "#FFAA00",
            "temp_max": 29.7,
            "rh_min": 33,
            "wind_max": 12.9,
            "rain": 0
          },
          {
            "date": "2026-10-14",
            "fwi": 24.2,
            "risk_class": "very_high",
            "risk_label": "Very High",
            "color": "#FF0000",
            "temp_max": 28.3,
            "rh_min": 37,
            "wind_max": 24.2,
            "rain": 0
          }
        ],
        "fetched_at": "2026-10-10T05:45:11.536711+00:00"
      }
    },
    {
      "type": "Feature",
      "geometry": {
        "type": "Point",
        "coordinates": [
          40.0,
          30.0
        ]
      },
      "properties": {
        "lat": 30.0,
        "lon": 40.0,
        "temp_c": 26.2,
        "rh_pct": 29,
        "wind_kmh": 2.2,
        "wind_dir_deg": 90,
        "rain_mm": 0.0,
        "weather_code": 2,
        "alerts": [],
        "fwi": 9.5,
        "risk_class": "moderate",
        "risk_label": "Moderate",
        "risk_color": "#FFFF00",
        "trend": "escalating",
        "forecast": [
          {
            "date": "2026-10-10",
            "fwi": 30.2,
            "risk_class": "extreme",
            "risk_label": "Extreme",
            "color": "#7A0000",
            "temp_max": 37.5,
            "rh_min": 13,
            "wind_max": 18.4,
            "rain": 0
          },
          {
            "date": "2026-10-11",
            "fwi": 42.0,
            "risk_class": "extreme",
            "risk_label": "Extreme",
            "color": "#7A0000",
            "temp_max": 34.5,
            "rh_min": 17,
            "wind_max": 28.8,
            "rain": 0.1
          },
          {
            "date": "2026-10-12",
            "fwi": 38.8,
            "risk_class": "extreme",
            "risk_label": "Extreme",
            "color": "#7A0000",
            "temp_max": 31.1,
            "rh_min": 27,
            "wind_max": 31.7,
            "rain": 0.2
          },
          {
            "date": "2026-10-13",
            "fwi": 40.1,
            "risk_class": "extreme",
            "risk_label": "Extreme",
            "color": "#7A0000",
            "temp_max": 36.4,
            "rh_min": 16,
            "wind_max": 26.2,
            "rain": 0
          },
          {
            "date": "2026-10-14",
            "fwi": 26.4,
            "risk_class": "very_high",
            "risk_label": "Very High",
            "color": "#FF0000",
            "temp_max": 34.2,
            "rh_min": 22,
            "wind_max": 17.8,
            "rain": 0
          }
        ],
        "fetched_at": "2026-10-10T05:45:11.536745+00:00"
      }
    },
    {
      "type": "Feature",
      "geometry": {
        "type": "Point",
        "coordinates": [
          60.0,
          30.0
        ]
      },
      "properties": {
        "lat": 30.0,
        "lon": 60.0,
        "temp_c": 29.0,
        "rh_pct": 15,
        "wind_kmh": 7.9,
        "wind_dir_deg": 141,
        "rain_mm": 0.0,
        "weather_code": 3,
        "alerts": [],
        "fwi": 15.0,
        "risk_class": "high",
        "risk_label": "High",
        "risk_color": "#FFAA00",
        "trend": "escalating",
        "forecast": [
          {
            "date": "2026-10-10",
            "fwi": 28.2,
            "risk_class": "very_high",
            "risk_label": "Very High",
            "color": "#FF0000",
            "temp_max": 33.0,
            "rh_min": 11,
            "wind_max": 19.9,
            "rain": 0
          },
          {
            "date": "2026-10-11",
            "fwi": 32.6,
            "risk_class": "extreme",
            "risk_label": "Extreme",
            "color": "#7A0000",
            "temp_max": 32.1,
            "rh_min": 12,
            "wind_max": 23.7,
            "rain": 0
          },
          {
            "date": "2026-10-12",
            "fwi": 29.2,
            "risk_class": "very_high",
            "risk_label": "Very High",
            "color": "#FF0000",
            "temp_max": 29.4,
            "rh_min": 18,
            "wind_max": 22.5,
            "rain": 0
          },
          {
            "date": "2026-10-13",
            "fwi": 29.0,
            "risk_class": "very_high",
            "risk_label": "Very High",
            "color": "#FF0000",
            "temp_max": 29.4,
            "rh_min": 15,
            "wind_max": 22.1,
            "rain": 0
          },
          {
            "date": "2026-10-14",
            "fwi": 30.8,
            "risk_class": "extreme",
            "risk_label": "Extreme",
            "color": "#7A0000",
            "temp_max": 30.6,
            "rh_min": 14,
            "wind_max": 22.9,
            "rain": 0
          }
        ],
        "fetched_at": "2026-10-10T05:45:11.536780+00:00"
      }
    },
    {
      "type": "Feature",
      "geometry": {
        "type": "Point",
        "coordinates": [
          70.0,
          30.0
        ]
      },
      "properties": {
        "lat": 30.0,
        "lon": 70.0,
        "temp_c": 23.9,
        "rh_pct": 48,
        "wind_kmh": 6.3,
        "wind_dir_deg": 145,
        "rain_mm": 0.0,
        "weather_code": 0,
        "alerts": [],
        "fwi": 8.9,
        "risk_class": "moderate",
        "risk_label": "Moderate",
        "risk_color": "#FFFF00",
        "trend": "escalating",
        "forecast": [
          {
            "date": "2026-10-10",
            "fwi": 11.8,
            "risk_class": "moderate",
            "risk_label": "Moderate",
            "color": "#FFFF00",
            "temp_max": 24.5,
            "rh_min": 47,
            "wind_max": 12.1,
            "rain": 0.2
          },
          {
            "date": "2026-10-11",
            "fwi": 4.7,
            "risk_class": "low",
            "risk_label": "Low",
            "color": "#38A800",
            "temp_max": 22.6,
            "rh_min": 56,
            "wind_max": 9.7,
            "rain": 1.6
          },
          {
            "date": "2026-10-12",
            "fwi": 11.9,
            "risk_class": "moderate",
            "risk_label": "Moderate",
            "color": "#FFFF00",
            "temp_max": 24.2,
            "rh_min": 44,
            "wind_max": 13.9,
            "rain": 0.7
          },
          {
            "date": "2026-10-13",
            "fwi": 14.1,
            "risk_class": "high",
            "risk_label": "High",
            "color": "#FFAA00",
            "temp_max": 25.5,
            "rh_min": 37,
            "wind_max": 12.2,
            "rain": 0.4
          },
          {
            "date": "2026-10-14",
            "fwi": 10.8,
            "risk_class": "moderate",
            "risk_label": "Moderate",
            "color": "#FFFF00",
            "temp_max": 23.5,
            "rh_min": 40,
            "wind_max": 8.2,
            "rain": 0.3
          }
        ],
        "fetched_at": "2026-10-10T05:45:11.536813+00:00"
      }
    },
    {
      "type": "Feature",
      "geometry": {
        "type": "Point",
        "coordinates": [
          80.0,
          30.0
        ]
      },
      "properties": {
        "lat": 30.0,
        "lon": 80.0,
        "temp_c": 16.8,
        "rh_pct": 51,
        "wind_kmh": 6.2,
        "wind_dir_deg": 165,
        "rain_mm": 0.0,
        "weather_code": 0,
        "alerts": [],
        "fwi": 7.4,
        "risk_class": "moderate",
        "risk_label": "Moderate",
        "risk_color": "#FFFF00",
        "trend": "escalating",
        "forecast": [
          {
            "date": "2026-10-10",
            "fwi": 0.6,
            "risk_class": "low",
            "risk_label": "Low",
            "color": "#38A800",
            "temp_max": 17.7,
            "rh_min": 47,
            "wind_max": 6.5,
            "rain": 7.8
          },
          {
            "date": "2026-10-11",
            "fwi": 6.6,
            "risk_class": "moderate",
            "risk_label": "Moderate",
            "color": "#FFFF00",
            "temp_max": 18.2,
            "rh_min": 48,
            "wind_max": 6.4,
            "rain": 0.7
          },
          {
            "date": "2026-10-12",
            "fwi": 4.3,
            "risk_class": "low",
            "risk_label": "Low",
            "color": "#38A800",
            "temp_max": 20.0,
            "rh_min": 45,
            "wind_max": 6.7,
            "rain": 1.3
          },
          {
            "date": "2026-10-13",
            "fwi": 10.8,
            "risk_class": "moderate",
            "risk_label": "Moderate",
            "color": "#FFFF00",
            "temp_max": 20.7,
            "rh_min": 34,
            "wind_max": 7.9,
            "rain": 0
          },
          {
            "date": "2026-10-14",
            "fwi": 10.3,
            "risk_class": "moderate",
            "risk_label": "Moderate",
            "color": "#FFFF00",
            "temp_max": 21.1,
            "rh_min": 33,
            "wind_max": 6.5,
            "rain": 0
          }
        ],
        "fetched_at": "2026-10-10T05:45:11.536850+00:00"
      }
    },
    {
      "type": "Feature",
      "geometry": {
        "type": "Point",
        "coordinates": [
          90.0,
          30.0
        ]
      },
      "properties": {
        "lat": 30.0,
        "lon": 90.0,
        "temp_c": -6.8,
        "rh_pct": 81,
        "wind_kmh": 21.0,
        "wind_dir_deg": 200,
        "rain_mm": 0.1,
        "weather_code": 85,
        "alerts": [
          "cold"
        ],
        "fwi": 9.7,
        "risk_class": "moderate",
        "risk_label": "Moderate",
        "risk_color": "#FFFF00",
        "trend": "steady",
        "forecast": [
          {
            "date": "2026-10-10",
            "fwi": 4.2,
            "risk_class": "low",
            "risk_label": "Low",
            "color": "#38A800",
            "temp_max": -6.0,
            "rh_min": 74,
            "wind_max": 22.1,
            "rain": 1.7
          },
          {
            "date": "2026-10-11",
            "fwi": 7.7,
            "risk_class": "moderate",
            "risk_label": "Moderate",
            "color": "#FFFF00",
            "temp_max": -4.8,
            "rh_min": 58,
            "wind_max": 12.0,
            "rain": 0.2
          },
          {
            "date": "2026-10-12",
            "fwi": 9.0,
            "risk_class": "moderate",
            "risk_label": "Moderate",
            "color": "#FFFF00",
            "temp_max": -3.6,
            "rh_min": 53,
            "wind_max": 14.4,
            "rain": 0
          },
          {
            "date": "2026-10-13",
            "fwi": 11.5,
            "risk_class": "moderate",
            "risk_label": "Moderate",
            "color": "#FFFF00",
            "temp_max": -3.2,
            "rh_min": 49,
            "wind_max": 19.6,
            "rain": 0
          },
          {
            "date": "2026-10-14",
            "fwi": 13.6,
            "risk_class": "high",
            "risk_label": "High",
            "color": "#FFAA00",
            "temp_max": -3.2,
            "rh_min": 48,
            "wind_max": 23.9,
            "rain": 0
          }
        ],
        "fetched_at": "2026-10-10T05:45:11.536884+00:00"
      }
    },
    {
      "type": "Feature",
      "geometry": {
        "type": "Point",
        "coordinates": [
          100.0,
          30.0
        ]
      },
      "properties": {
        "lat": 30.0,
        "lon": 100.0,
        "temp_c": 3.3,
        "rh_pct": 61,
        "wind_kmh": 23.6,
        "wind_dir_deg": 213,
        "rain_mm": 0.1,
        "weather_code": 85,
        "alerts": [],
        "fwi": 12.9,
        "risk_class": "high",
        "risk_label": "High",
        "risk_color": "#FFAA00",
        "trend": "steady",
        "forecast": [
          {
            "date": "2026-10-10",
            "fwi": 3.9,
            "risk_class": "low",
            "risk_label": "Low",
            "color": "#38A800",
            "temp_max": 3.6,
            "rh_min": 58,
            "wind_max": 23.9,
            "rain": 3.1
          },
          {
            "date": "2026-10-11",
            "fwi": 16.1,
            "risk_class": "high",
            "risk_label": "High",
            "color": "#FFAA00",
            "temp_max": 4.8,
            "rh_min": 38,
            "wind_max": 24.8,
            "rain": 0
          },
          {
            "date": "2026-10-12",
            "fwi": 10.3,
            "risk_class": "moderate",
            "risk_label": "Moderate",
            "color": "#FFFF00",
            "temp_max": 5.7,
            "rh_min": 34,
            "wind_max": 12.7,
            "rain": 0.1
          },
          {
            "date": "2026-10-13",
            "fwi": 14.9,
            "risk_class": "high",
            "risk_label": "High",
            "color": "#FFAA00",
            "temp_max": 7.3,
            "rh_min": 28,
            "wind_max": 19.3,
            "rain": 0
          },
          {
            "date": "2026-10-14",
            "fwi": 15.6,
            "risk_class": "high",
            "risk_label": "High",
            "color": "#FFAA00",
            "temp_max": 7.2,
            "rh_min": 26,
            "wind_max": 20.0,
            "rain": 0
          }
        ],
        "fetched_at": "2026-10-10T05:45:11.536917+00:00"
      }
    },
    {
      "type": "Feature",
      "geometry": {
        "type": "Point",
        "coordinates": [
          110.0,
          30.0
        ]
      },
      "properties": {
        "lat": 30.0,
        "lon": 110.0,
        "temp_c": 25.3,
        "rh_pct": 50,
        "wind_kmh": 8.1,
        "wind_dir_deg": 193,
        "rain_mm": 0.0,
        "weather_code": 2,
        "alerts": [],
        "fwi": 9.6,
        "risk_class": "moderate",
        "risk_label": "Moderate",
        "risk_color": "#FFFF00",
        "trend": "de-escalating",
        "forecast": [
          {
            "date": "2026-10-10",
            "fwi": 9.8,
            "risk_class": "moderate",
            "risk_label": "Moderate",
            "color": "#FFFF00",
            "temp_max": 25.3,
            "rh_min": 50,
            "wind_max": 8.4,
            "rain": 0.3
          },
          {
            "date": "2026-10-11",
            "fwi": 12.4,
            "risk_class": "high",
            "risk_label": "High",
            "color": "#FFAA00",
            "temp_max": 26.5,
            "rh_min": 41,
            "wind_max": 10.2,
            "rain": 0
          },
          {
            "date": "2026-10-12",
            "fwi": 13.3,
            "risk_class": "high",
            "risk_label": "High",
            "color": "#FFAA00",
            "temp_max": 27.3,
            "rh_min": 45,
            "wind_max": 12.7,
            "rain": 0
          },
          {
            "date": "2026-10-13",
            "fwi": 1.2,
            "risk_class": "low",
            "risk_label": "Low",
            "color": "#38A800",
            "temp_max": 24.1,
            "rh_min": 68,
            "wind_max": 7.9,
            "rain": 10.7
          },
          {
            "date": "2026-10-14",
            "fwi": 0.3,
            "risk_class": "low",
            "risk_label": "Low",
            "color": "#38A800",
            "temp_max": 17.2,
            "rh_min": 91,
            "wind_max": 4.6,
            "rain": 24.9
          }
        ],
        "fetched_at": "2026-10-10T05:45:11.536949+00:00"
      }
    },
    {
      "type": "Feature",
      "geometry": {
        "type": "Point",
        "coordinates": [
          120.0,
          30.0
        ]
      },
      "properties": {
        "lat": 30.0,
        "lon": 120.0,
        "temp_c": 26.9,
        "rh_pct": 50,
        "wind_kmh": 7.7,
        "wind_dir_deg": 18,
        "rain_mm": 0.0,
        "weather_code": 1,
        "alerts": [],
        "fwi": 9.8,
        "risk_class": "moderate",
        "risk_label": "Moderate",
        "risk_color": "#FFFF00",
        "trend": "steady",
        "forecast": [
          {
            "date": "2026-10-10",
            "fwi": 10.5,
            "risk_class": "moderate",
            "risk_label": "Moderate",
            "color": "#FFFF00",
            "temp_max": 26.9,
            "rh_min": 51,
            "wind_max": 9.6,
            "rain": 0
          },
          {
            "date": "2026-10-11",
            "fwi": 10.2,
            "risk_class": "moderate",
            "risk_label": "Moderate",
            "color": "#FFFF00",
            "temp_max": 26.1,
            "rh_min": 51,
            "wind_max": 9.5,
            "rain": 0
          },
          {
            "date": "2026-10-12",
            "fwi": 9.3,
            "risk_class": "moderate",
            "risk_label": "Moderate",
            "color": "#FFFF00",
            "temp_max": 26.1,
            "rh_min": 53,
            "wind_max": 8.1,
            "rain": 0
          },
          {
            "date": "2026-10-13",
            "fwi": 10.8,
            "risk_class": "moderate",
            "risk_label": "Moderate",
            "color": "#FFFF00",
            "temp_max": 27.4,
            "rh_min": 49,
            "wind_max": 9.4,
            "rain": 0
          },
          {
            "date": "2026-10-14",
            "fwi": 11.4,
            "risk_class": "moderate",
            "risk_label": "Moderate",
            "color": "#FFFF00",
            "temp_max": 25.6,
            "rh_min": 53,
            "wind_max": 12.9,
            "rain": 0
          }
        ],
        "fetched_at": "2026-10-10T05:45:11.536992+00:00"
      }
    },
    {
      "type": "Feature",
      "geometry": {
        "type": "Point",
        "coordinates": [
          -120.0,
          40.0
        ]
      },
      "properties": {
        "lat": 40.0,
        "lon": -120.0,
        "temp_c": 13.7,
        "rh_pct": 33,
        "wind_kmh": 12.0,
        "wind_dir_deg": 217,
        "rain_mm": 0.0,
        "weather_code": 0,
        "alerts": [],
        "fwi": 11.5,
        "risk_class": "moderate",
        "risk_label": "Moderate",
        "risk_color": "#FFFF00",
        "trend": "de-escalating",
        "forecast": [
          {
            "date": "2026-10-09",
            "fwi": 39.9,
            "risk_class": "extreme",
            "risk_label": "Extreme",
            "color": "#7A0000",
            "temp_max": 22.9,
            "rh_min": 15,
            "wind_max": 34.4,
            "rain": 0
          },
          {
            "date": "2026-10-10",
            "fwi": 31.6,
            "risk_class": "extreme",
            "risk_label": "Extreme",
            "color": "#7A0000",
            "temp_max": 16.1,
            "rh_min": 30,
            "wind_max": 35.6,
            "rain": 0
          },
          {
            "date": "2026-10-11",
            "fwi": 6.7,
            "risk_class": "moderate",
            "risk_label": "Moderate",
            "color": "#FFFF00",
            "temp_max": 9.7,
            "rh_min": 44,
            "wind_max": 27.9,
            "rain": 2.2
          },
          {
            "date": "2026-10-12",
            "fwi": 8.5,
            "risk_class": "moderate",
            "risk_label": "Moderate",
            "color": "#FFFF00",
            "temp_max": 8.8,
            "rh_min": 44,
            "wind_max": 10.0,
            "rain": 0.5
          },
          {
            "date": "2026-10-13",
            "fwi": 11.6,
            "risk_class": "moderate",
            "risk_label": "Moderate",
            "color": "#FFFF00",
            "temp_max": 10.8,
            "rh_min": 22,
            "wind_max": 11.2,
            "rain": 0
          }
        ],
        "fetched_at": "2026-10-10T05:45:11.537025+00:00"
      }
    },
    {
      "type": "Feature",
      "geometry": {
        "type": "Point",
        "coordinates": [
          -110.0,
          40.0
        ]
      },
      "properties": {
        "lat": 40.0,
        "lon": -110.0,
        "temp_c": 14.2,
        "rh_pct": 51,
        "wind_kmh": 11.9,
        "wind_dir_deg": 260,
        "rain_mm": 0.0,
        "weather_code": 2,
        "alerts": [],
        "fwi": 9.2,
        "risk_class": "moderate",
        "risk_label": "Moderate",
        "risk_color": "#FFFF00",
        "trend": "escalating",
        "forecast": [
          {
            "date": "2026-10-09",
            "fwi": 23.5,
            "risk_class": "very_high",
            "risk_label": "Very High",
            "color": "#FF0000",
            "temp_max": 25.0,
            "rh_min": 24,
            "wind_max": 20.9,
            "rain": 0
          },
          {
            "date": "2026-10-10",
            "fwi": 11.1,
            "risk_class": "moderate",
            "risk_label": "Moderate",
            "color": "#FFFF00",
            "temp_max": 23.0,
            "rh_min": 31,
            "wind_max": 41.5,
            "rain": 14.45
          },
          {
            "date": "2026-10-11",
            "fwi": 6.3,
            "risk_class": "moderate",
            "risk_label": "Moderate",
            "color": "#FFFF00",
            "temp_max": 18.3,
            "rh_min": 60,
            "wind_max": 30.4,
            "rain": 9.03
          },
          {
            "date": "2026-10-12",
            "fwi": 22.9,
            "risk_class": "very_high",
            "risk_label": "Very High",
            "color": "#FF0000",
            "temp_max": 19.0,
            "rh_min": 36,
            "wind_max": 39.3,
            "rain": 1.5
          },
          {
            "date": "2026-10-13",
            "fwi": 2.6,
            "risk_class": "low",
            "risk_label": "Low",
            "color": "#38A800",
            "temp_max": 16.5,
            "rh_min": 50,
            "wind_max": 18.1,
            "rain": 7.6
          }
        ],
        "fetched_at": "2026-10-10T05:45:11.537059+00:00"
      }
    },
    {
      "type": "Feature",
      "geometry": {
        "type": "Point",
        "coordinates": [
          -100.0,
          40.0
        ]
      },
      "properties": {
        "lat": 40.0,
        "lon": -100.0,
        "temp_c": 19.5,
        "rh_pct": 44,
        "wind_kmh": 22.7,
        "wind_dir_deg": 196,
        "rain_mm": 0.0,
        "weather_code": 0,
        "alerts": [],
        "fwi": 17.3,
        "risk_class": "high",
        "risk_label": "High",
        "risk_color": "#FFAA00",
        "trend": "steady",
        "forecast": [
          {
            "date": "2026-10-10",
            "fwi": 30.4,
            "risk_class": "extreme",
            "risk_label": "Extreme",
            "color": "#7A0000",
            "temp_max": 31.0,
            "rh_min": 26,
            "wind_max": 24.6,
            "rain": 0
          },
          {
            "date": "2026-10-11",
            "fwi": 31.2,
            "risk_class": "extreme",
            "risk_label": "Extreme",
            "color": "#7A0000",
            "temp_max": 31.3,
            "rh_min": 28,
            "wind_max": 25.9,
            "rain": 0
          },
          {
            "date": "2026-10-12",
            "fwi": 29.2,
            "risk_class": "very_high",
            "risk_label": "Very High",
            "color": "#FF0000",
            "temp_max": 29.3,
            "rh_min": 31,
            "wind_max": 26.4,
            "rain": 0
          },
          {
            "date": "2026-10-13",
            "fwi": 16.7,
            "risk_class": "high",
            "risk_label": "High",
            "color": "#FFAA00",
            "temp_max": 22.6,
            "rh_min": 45,
            "wind_max": 20.7,
            "rain": 0
          },
          {
            "date": "2026-10-14",
            "fwi": 8.3,
            "risk_class": "moderate",
            "risk_label": "Moderate",
            "color": "#FFFF00",
            "temp_max": 23.7,
            "rh_min": 59,
            "wind_max": 33.4,
            "rain": 16.2
          }
        ],
        "fetched_at": "2026-10-10T05:45:11.537092+00:00"
      }
    },
    {
      "type": "Feature",
      "geometry": {
        "type": "Point",
        "coordinates": [
          -90.0,
          40.0
        ]
      },
      "properties": {
        "lat": 40.0,
        "lon": -90.0,
        "temp_c": 18.3,
        "rh_pct": 39,
        "wind_kmh": 16.0,
        "wind_dir_deg": 170,
        "rain_mm": 0.0,
        "weather_code": 0,
        "alerts": [],
        "fwi": 13.9,
        "risk_class": "high",
        "risk_label": "High",
        "risk_color": "#FFAA00",
        "trend": "steady",
        "forecast": [
          {
            "date": "2026-10-10",
            "fwi": 31.4,
            "risk_class": "extreme",
            "risk_label": "Extreme",
            "color": "#7A0000",
            "temp_max": 30.5,
            "rh_min": 18,
            "wind_max": 23.7,
            "rain": 0
          },
          {
            "date": "2026-10-11",
            "fwi": 21.8,
            "risk_class": "very_high",
            "risk_label": "Very High",
            "color": "#FF0000",
            "temp_max": 28.9,
            "rh_min": 32,
            "wind_max": 19.2,
            "rain": 0
          },
          {
            "date": "2026-10-12",
            "fwi": 32.4,
            "risk_class": "extreme",
            "risk_label": "Extreme",
            "color": "#7A0000",
            "temp_max": 33.0,
            "rh_min": 32,
            "wind_max": 27.5,
            "rain": 0
          },
          {
            "date": "2026-10-13",
            "fwi": 15.8,
            "risk_class": "high",
            "risk_label": "High",
            "color": "#FFAA00",
            "temp_max": 27.7,
            "rh_min": 42,
            "wind_max": 22.2,
            "rain": 1.3
          },
          {
            "date": "2026-10-14",
            "fwi": 7.7,
            "risk_class": "moderate",
            "risk_label": "Moderate",
            "color": "#FFFF00",
            "temp_max": 23.5,
            "rh_min": 46,
            "wind_max": 19.4,
            "rain": 2.2
          }
        ],
        "fetched_at": "2026-10-10T05:45:11.537129+00:00"
      }
    },
    {
      "type": "Feature",
      "geometry": {
        "type": "Point",
        "coordinates": [
          -80.0,
          40.0
        ]
      },
      "properties": {
        "lat": 40.0,
        "lon": -80.0,
        "temp_c": 10.4,
        "rh_pct": 80,
        "wind_kmh": 5.0,
        "wind_dir_deg": 11,
        "rain_mm": 0.0,
        "weather_code": 3,
        "alerts": [],
        "fwi": 5.1,
        "risk_class": "moderate",
        "risk_label": "Moderate",
        "risk_color": "#FFFF00",
        "trend": "escalating",
        "forecast": [
          {
            "date": "2026-10-10",
            "fwi": 16.7,
            "risk_class": "high",
            "risk_label": "High",
            "color": "#FFAA00",
            "temp_max": 23.3,
            "rh_min": 33,
            "wind_max": 16.1,
            "rain": 0
          },
          {
            "date": "2026-10-11",
            "fwi": 3.4,
            "risk_class": "low",
            "risk_label": "Low",
            "color": "#38A800",
            "temp_max": 21.0,
            "rh_min": 52,
            "wind_max": 15.3,
            "rain": 3.68
          },
          {
            "date": "2026-10-12",
            "fwi": 5.8,
            "risk_class": "moderate",
            "risk_label": "Moderate",
            "color": "#FFFF00",
            "temp_max": 22.7,
            "rh_min": 60,
            "wind_max": 13.2,
            "rain": 1.6
          },
          {
            "date": "2026-10-13",
            "fwi": 16.8,
            "risk_class": "high",
            "risk_label": "High",
            "color": "#FFAA00",
            "temp_max": 26.1,
            "rh_min": 51,
            "wind_max": 22.3,
            "rain": 0.6
          },
          {
            "date": "2026-10-14",
            "fwi": 10.1,
            "risk_class": "moderate",
            "risk_label": "Moderate",
            "color": "#FFFF00",
            "temp_max": 19.3,
            "rh_min": 64,
            "wind_max": 16.4,
            "rain": 0.3
          }
        ],
        "fetched_at": "2026-10-10T05:45:11.537161+00:00"
      }
    },
    {
      "type": "Feature",
      "geometry": {
        "type": "Point",
        "coordinates": [
          0.0,
          40.0
        ]
      },
      "properties": {
        "lat": 40.0,
        "lon": 0.0,
        "temp_c": 14.9,
        "rh_pct": 66,
        "wind_kmh": 6.1,
        "wind_dir_deg": 310,
        "rain_mm": 0.0,
        "weather_code": 1,
        "alerts": [],
        "fwi": 6.4,
        "risk_class": "moderate",
        "risk_label": "Moderate",
        "risk_color": "#FFFF00",
        "trend": "escalating",
        "forecast": [
          {
            "date": "2026-10-10",
            "fwi": 15.3,
            "risk_class": "high",
            "risk_label": "High",
            "color": "#FFAA00",
            "temp_max": 23.1,
            "rh_min": 32,
            "wind_max": 13.8,
            "rain": 0
          },
          {
            "date": "2026-10-11",
            "fwi": 13.6,
            "risk_class": "high",
            "risk_label": "High",
            "color": "#FFAA00",
            "temp_max": 24.3,
            "rh_min": 40,
            "wind_max": 13.0,
            "rain": 0
          },
          {
            "date": "2026-10-12",
            "fwi": 12.3,
            "risk_class": "high",
            "risk_label": "High",
            "color": "#FFAA00",
            "temp_max": 25.0,
            "rh_min": 47,
            "wind_max": 12.7,
            "rain": 0
          },
          {
            "date": "2026-10-13",
            "fwi": 9.0,
            "risk_class": "moderate",
            "risk_label": "Moderate",
            "color": "#FFFF00",
            "temp_max": 24.8,
            "rh_min": 66,
            "wind_max": 12.9,
            "rain": 0
          },
          {
            "date": "2026-10-14",
            "fwi": 8.3,
            "risk_class": "moderate",
            "risk_label": "Moderate",
            "color": "#FFFF00",
            "temp_max": 24.8,
            "rh_min": 66,
            "wind_max": 11.2,
            "rain": 0
          }
        ],
        "fetched_at": "2026-10-10T05:45:11.537195+00:00"
      }
    },
    {
      "type": "Feature",
      "geometry": {
        "type": "Point",
        "coordinates": [
          20.0,
          40.0
        ]
      },
      "properties": {
        "lat": 40.0,
        "lon": 20.0,
        "temp_c": 16.7,
        "rh_pct": 80,
        "wind_kmh": 4.4,
        "wind_dir_deg": 55,
        "rain_mm": 0.0,
        "weather_code": 2,
        "alerts": [],
        "fwi": 5.1,
        "risk_class": "moderate",
        "risk_label": "Moderate",
        "risk_color": "#FFFF00",
        "trend": "escalating",
        "forecast": [
          {
            "date": "2026-10-10",
            "fwi": 8.7,
            "risk_class": "moderate",
            "risk_label": "Moderate",
            "color": "#FFFF00",
            "temp_max": 23.6,
            "rh_min": 58,
            "wind_max": 9.6,
            "rain": 0
          },
          {
            "date": "2026-10-11",
            "fwi": 0.9,
            "risk_class": "low",
            "risk_label": "Low",
            "color": "#38A800",
            "temp_max": 20.2,
            "rh_min": 81,
            "wind_max": 11.2,
            "rain": 47.8
          },
          {
            "date": "2026-10-12",
            "fwi": 7.3,
            "risk_class": "moderate",
            "risk_label": "Moderate",
            "color": "#FFFF00",
            "temp_max": 21.3,
            "rh_min": 63,
            "wind_max": 8.4,
            "rain": 0.2
          },
          {
            "date": "2026-10-13",
            "fwi": 27.0,
            "risk_class": "very_high",
            "risk_label": "Very High",
            "color": "#FF0000",
            "temp_max": 21.4,
            "rh_min": 30,
            "wind_max": 28.4,
            "rain": 0
          },
          {
            "date": "2026-10-14",
            "fwi": 14.2,
            "risk_class": "high",
            "risk_label": "High",
            "color": "#FFAA00",
            "temp_max": 19.2,
            "rh_min": 32,
            "wind_max": 14.0,
            "rain": 0
          }
        ],
        "fetched_at": "2026-10-10T05:45:11.537230+00:00"
      }
    },
    {
      "type": "Feature",
      "geometry": {
        "type": "Point",
        "coordinates": [
          30.0,
          40.0
        ]
      },
      "properties": {
        "lat": 40.0,
        "lon": 30.0,
        "temp_c": 12.6,
        "rh_pct": 68,
        "wind_kmh": 8.7,
        "wind_dir_deg": 185,
        "rain_mm": 0.0,
        "weather_code": 0,
        "alerts": [],
        "fwi": 7.0,
        "risk_class": "moderate",
        "risk_label": "Moderate",
        "risk_color": "#FFFF00",
        "trend": "de-escalating",
        "forecast": [
          {
            "date": "2026-10-10",
            "fwi": 14.1,
            "risk_class": "high",
            "risk_label": "High",
            "color": "#FFAA00",
            "temp_max": 24.6,
            "rh_min": 26,
            "wind_max": 9.7,
            "rain": 0
          },
          {
            "date": "2026-10-11",
            "fwi": 14.9,
            "risk_class": "high",
            "risk_label": "High",
            "color": "#FFAA00",
            "temp_max": 25.8,
            "rh_min": 30,
            "wind_max": 11.2,
            "rain": 0
          },
          {
            "date": "2026-10-12",
            "fwi": 12.4,
            "risk_class": "high",
            "risk_label": "High",
            "color": "#FFAA00",
            "temp_max": 24.3,
            "rh_min": 36,
            "wind_max": 9.7,
            "rain": 0.1
          },
          {
            "date": "2026-10-13",
            "fwi": 0.8,
            "risk_class": "low",
            "risk_label": "Low",
            "color": "#38A800",
            "temp_max": 17.7,
            "rh_min": 71,
            "wind_max": 8.7,
            "rain": 11.7
          },
          {
            "date": "2026-10-14",
            "fwi": 1.8,
            "risk_class": "low",
            "risk_label": "Low",
            "color": "#38A800",
            "temp_max": 12.7,
            "rh_min": 85,
            "wind_max": 23.9,
            "rain": 40.1
          }
        ],
        "fetched_at": "2026-10-10T05:45:11.537264+00:00"
      }
    },
    {
      "type": "Feature",
      "geometry": {
        "type": "Point",
        "coordinates": [
          40.0,
          40.0
        ]
      },
      "properties": {
        "lat": 40.0,
        "lon": 40.0,
        "temp_c": 6.7,
        "rh_pct": 78,
        "wind_kmh": 2.3,
        "wind_dir_deg": 129,
        "rain_mm": 0.0,
        "weather_code": 0,
        "alerts": [],
        "fwi": 4.5,
        "risk_class": "low",
        "risk_label": "Low",
        "risk_color": "#38A800",
        "trend": "escalating",
        "forecast": [
          {
            "date": "2026-10-10",
            "fwi": 8.2,
            "risk_class": "moderate",
            "risk_label": "Moderate",
            "color": "#FFFF00",
            "temp_max": 14.1,
            "rh_min": 38,
            "wind_max": 5.9,
            "rain": 0
          },
          {
            "date": "2026-10-11",
            "fwi": 12.2,
            "risk_class": "high",
            "risk_label": "High",
            "color": "#FFAA00",
            "temp_max": 15.3,
            "rh_min": 40,
            "wind_max": 14.7,
            "rain": 0
          },
          {
            "date": "2026-10-12",
            "fwi": 15.6,
            "risk_class": "high",
            "risk_label": "High",
            "color": "#FFAA00",
            "temp_max": 15.1,
            "rh_min": 52,
            "wind_max": 24.7,
            "rain": 0
          },
          {
            "date": "2026-10-13",
            "fwi": 8.4,
            "risk_class": "moderate",
            "risk_label": "Moderate",
            "color": "#FFFF00",
            "temp_max": 13.1,
            "rh_min": 70,
            "wind_max": 24.9,
            "rain": 1.2
          },
          {
            "date": "2026-10-14",
            "fwi": 2.9,
            "risk_class": "low",
            "risk_label": "Low",
            "color": "#38A800",
            "temp_max": 11.1,
            "rh_min": 75,
            "wind_max": 26.2,
            "rain": 13.2
          }
        ],
        "fetched_at": "2026-10-10T05:45:11.537296+00:00"
      }
    },
    {
      "type": "Feature",
      "geometry": {
        "type": "Point",
        "coordinates": [
          60.0,
          40.0
        ]
      },
      "properties": {
        "lat": 40.0,
        "lon": 60.0,
        "temp_c": 24.5,
        "rh_pct": 24,
        "wind_kmh": 14.3,
        "wind_dir_deg": 115,
        "rain_mm": 0.0,
        "weather_code": 2,
        "alerts": [],
        "fwi": 17.7,
        "risk_class": "high",
        "risk_label": "High",
        "risk_color": "#FFAA00",
        "trend": "steady",
        "forecast": [
          {
            "date": "2026-10-10",
            "fwi": 24.0,
            "risk_class": "very_high",
            "risk_label": "Very High",
            "color": "#FF0000",
            "temp_max": 28.7,
            "rh_min": 18,
            "wind_max": 18.1,
            "rain": 0
          },
          {
            "date": "2026-10-11",
            "fwi": 2.4,
            "risk_class": "low",
            "risk_label": "Low",
            "color": "#38A800",
            "temp_max": 24.6,
            "rh_min": 19,
            "wind_max": 15.3,
            "rain": 5.0
          },
          {
            "date": "2026-10-12",
            "fwi": 15.5,
            "risk_class": "high",
            "risk_label": "High",
            "color": "#FFAA00",
            "temp_max": 23.4,
            "rh_min": 28,
            "wind_max": 12.8,
            "rain": 0
          },
          {
            "date": "2026-10-13",
            "fwi": 15.5,
            "risk_class": "high",
            "risk_label": "High",
            "color": "#FFAA00",
            "temp_max": 24.0,
            "rh_min": 28,
            "wind_max": 12.6,
            "rain": 0
          },
          {
            "date": "2026-10-14",
            "fwi": 13.3,
            "risk_class": "high",
            "risk_label": "High",
            "color": "#FFAA00",
            "temp_max": 24.6,
            "rh_min": 35,
            "wind_max": 10.7,
            "rain": 0
          }
        ],
        "fetched_at": "2026-10-10T05:45:11.537330+00:00"
      }
    },
    {
      "type": "Feature",
      "geometry": {
        "type": "Point",
        "coordinates": [
          70.0,
          40.0
        ]
      },
      "properties": {
        "lat": 40.0,
        "lon": 70.0,
        "temp_c": 16.3,
        "rh_pct": 56,
        "wind_kmh": 9.2,
        "wind_dir_deg": 31,
        "rain_mm": 0.0,
        "weather_code": 0,
        "alerts": [],
        "fwi": 7.8,
        "risk_class": "moderate",
        "risk_label": "Moderate",
        "risk_color": "#FFFF00",
        "trend": "de-escalating",
        "forecast": [
          {
            "date": "2026-10-10",
            "fwi": 4.2,
            "risk_class": "low",
            "risk_label": "Low",
            "color": "#38A800",
            "temp_max": 16.8,
            "rh_min": 53,
            "wind_max": 14.0,
            "rain": 1.9
          },
          {
            "date": "2026-10-11",
            "fwi": 10.0,
            "risk_class": "moderate",
            "risk_label": "Moderate",
            "color": "#FFFF00",
            "temp_max": 19.3,
            "rh_min": 52,
            "wind_max": 12.3,
            "rain": 0.5
          },
          {
            "date": "2026-10-12",
            "fwi": 0.5,
            "risk_class": "low",
            "risk_label": "Low",
            "color": "#38A800",
            "temp_max": 13.1,
            "rh_min": 62,
            "wind_max": 12.7,
            "rain": 23.8
          },
          {
            "date": "2026-10-13",
            "fwi": 2.2,
            "risk_class": "low",
            "risk_label": "Low",
            "color": "#38A800",
            "temp_max": 15.0,
            "rh_min": 65,
            "wind_max": 12.1,
            "rain": 3.4
          },
          {
            "date": "2026-10-14",
            "fwi": 2.7,
            "risk_class": "low",
            "risk_label": "Low",
            "color": "#38A800",
            "temp_max": 15.5,
            "rh_min": 67,
            "wind_max": 7.1,
            "rain": 1.5
          }
        ],
        "fetched_at": "2026-10-10T05:45:11.537364+00:00"
      }
    },
    {
      "type": "Feature",
      "geometry": {
        "type": "Point",
        "coordinates": [
          80.0,
          40.0
        ]
      },
      "properties": {
        "lat": 40.0,
        "lon": 80.0,
        "temp_c": 19.4,
        "rh_pct": 46,
        "wind_kmh": 7.6,
        "wind_dir_deg": 71,
        "rain_mm": 0.0,
        "weather_code": 0,
        "alerts": [],
        "fwi": 8.9,
        "risk_class": "moderate",
        "risk_label": "Moderate",
        "risk_color": "#FFFF00",
        "trend": "escalating",
        "forecast": [
          {
            "date": "2026-10-10",
            "fwi": 15.9,
            "risk_class": "high",
            "risk_label": "High",
            "color": "#FFAA00",
            "temp_max": 22.1,
            "rh_min": 31,
            "wind_max": 15.0,
            "rain": 0
          },
          {
            "date": "2026-10-11",
            "fwi": 20.7,
            "risk_class": "very_high",
            "risk_label": "Very High",
            "color": "#FF0000",
            "temp_max": 23.4,
            "rh_min": 25,
            "wind_max": 18.9,
            "rain": 0
          },
          {
            "date": "2026-10-12",
            "fwi": 4.9,
            "risk_class": "low",
            "risk_label": "Low",
            "color": "#38A800",
            "temp_max": 22.1,
            "rh_min": 28,
            "wind_max": 14.0,
            "rain": 2.0
          },
          {
            "date": "2026-10-13",
            "fwi": 17.2,
            "risk_class": "high",
            "risk_label": "High",
            "color": "#FFAA00",
            "temp_max": 22.0,
            "rh_min": 30,
            "wind_max": 16.6,
            "rain": 0
          },
          {
            "date": "2026-10-14",
            "fwi": 12.2,
            "risk_class": "high",
            "risk_label": "High",
            "color": "#FFAA00",
            "temp_max": 20.9,
            "rh_min": 36,
            "wind_max": 12.7,
            "rain": 0.6
          }
        ],
        "fetched_at": "2026-10-10T05:45:11.537396+00:00"
      }
    },
    {
      "type": "Feature",
      "geometry": {
        "type": "Point",
        "coordinates": [
          90.0,
          40.0
        ]
      },
      "properties": {
        "lat": 40.0,
        "lon": 90.0,
        "temp_c": 20.5,
        "rh_pct": 39,
        "wind_kmh": 6.0,
        "wind_dir_deg": 25,
        "rain_mm": 0.0,
        "weather_code": 1,
        "alerts": [],
        "fwi": 9.2,
        "risk_class": "moderate",
        "risk_label": "Moderate",
        "risk_color": "#FFFF00",
        "trend": "escalating",
        "forecast": [
          {
            "date": "2026-10-10",
            "fwi": 15.1,
            "risk_class": "high",
            "risk_label": "High",
            "color": "#FFAA00",
            "temp_max": 22.5,
            "rh_min": 29,
            "wind_max": 13.0,
            "rain": 0
          },
          {
            "date": "2026-10-11",
            "fwi": 19.0,
            "risk_class": "high",
            "risk_label": "High",
            "color": "#FFAA00",
            "temp_max": 23.4,
            "rh_min": 26,
            "wind_max": 17.1,
            "rain": 0
          },
          {
            "date": "2026-10-12",
            "fwi": 18.2,
            "risk_class": "high",
            "risk_label": "High",
            "color": "#FFAA00",
            "temp_max": 23.7,
            "rh_min": 21,
            "wind_max": 14.8,
            "rain": 0
          },
          {
            "date": "2026-10-13",
            "fwi": 22.0,
            "risk_class": "very_high",
            "risk_label": "Very High",
            "color": "#FF0000",
            "temp_max": 23.7,
            "rh_min": 16,
            "wind_max": 18.7,
            "rain": 0
          },
          {
            "date": "2026-10-14",
            "fwi": 26.8,
            "risk_class": "very_high",
            "risk_label": "Very High",
            "color": "#FF0000",
            "temp_max": 21.9,
            "rh_min": 21,
            "wind_max": 25.3,
            "rain": 0
          }
        ],
        "fetched_at": "2026-10-10T05:45:11.537430+00:00"
      }
    },
    {
      "type": "Feature",
      "geometry": {
        "type": "Point",
        "coordinates": [
          100.0,
          40.0
        ]
      },
      "properties": {
        "lat": 40.0,
        "lon": 100.0,
        "temp_c": 18.3,
        "rh_pct": 33,
        "wind_kmh": 9.9,
        "wind_dir_deg": 63,
        "rain_mm": 0.0,
        "weather_code": 0,
        "alerts": [],
        "fwi": 11.4,
        "risk_class": "moderate",
        "risk_label": "Moderate",
        "risk_color": "#FFFF00",
        "trend": "escalating",
        "forecast": [
          {
            "date": "2026-10-10",
            "fwi": 17.9,
            "risk_class": "high",
            "risk_label": "High",
            "color": "#FFAA00",
            "temp_max": 19.3,
            "rh_min": 26,
            "wind_max": 17.8,
            "rain": 0
          },
          {
            "date": "2026-10-11",
            "fwi": 18.6,
            "risk_class": "high",
            "risk_label": "High",
            "color": "#FFAA00",
            "temp_max": 15.9,
            "rh_min": 27,
            "wind_max": 20.8,
            "rain": 0
          },
          {
            "date": "2026-10-12",
            "fwi": 21.4,
            "risk_class": "very_high",
            "risk_label": "Very High",
            "color": "#FF0000",
            "temp_max": 19.2,
            "rh_min": 22,
            "wind_max": 21.3,
            "rain": 0
          },
          {
            "date": "2026-10-13",
            "fwi": 22.4,
            "risk_class": "very_high",
            "risk_label": "Very High",
            "color": "#FF0000",
            "temp_max": 17.8,
            "rh_min": 17,
            "wind_max": 22.4,
            "rain": 0
          },
          {
            "date": "2026-10-14",
            "fwi": 20.2,
            "risk_class": "very_high",
            "risk_label": "Very High",
            "color": "#FF0000",
            "temp_max": 15.7,
            "rh_min": 19,
            "wind_max": 21.2,
            "rain": 0
          }
        ],
        "fetched_at": "2026-10-10T05:45:11.537463+00:00"
      }
    },
    {
      "type": "Feature",
      "geometry": {
        "type": "Point",
        "coordinates": [
          110.0,
          40.0
        ]
      },
      "properties": {
        "lat": 40.0,
        "lon": 110.0,
        "temp_c": 18.6,
        "rh_pct": 27,
        "wind_kmh": 8.5,
        "wind_dir_deg": 298,
        "rain_mm": 0.0,
        "weather_code": 0,
        "alerts": [],
        "fwi": 11.5,
        "risk_class": "moderate",
        "risk_label": "Moderate",
        "risk_color": "#FFFF00",
        "trend": "escalating",
        "forecast": [
          {
            "date": "2026-10-10",
            "fwi": 14.8,
            "risk_class": "high",
            "risk_label": "High",
            "color": "#FFAA00",
            "temp_max": 19.1,
            "rh_min": 23,
            "wind_max": 12.9,
            "rain": 0
          },
          {
            "date": "2026-10-11",
            "fwi": 20.2,
            "risk_class": "very_high",
            "risk_label": "Very High",
            "color": "#FF0000",
            "temp_max": 20.9,
            "rh_min": 20,
            "wind_max": 18.6,
            "rain": 0
          },
          {
            "date": "2026-10-12",
            "fwi": 18.5,
            "risk_class": "high",
            "risk_label": "High",
            "color": "#FFAA00",
            "temp_max": 18.4,
            "rh_min": 15,
            "wind_max": 17.5,
            "rain": 0
          },
          {
            "date": "2026-10-13",
            "fwi": 17.0,
            "risk_class": "high",
            "risk_label": "High",
            "color": "#FFAA00",
            "temp_max": 12.9,
            "rh_min": 19,
            "wind_max": 18.4,
            "rain": 0
          },
          {
            "date": "2026-10-14",
            "fwi": 21.7,
            "risk_class": "very_high",
            "risk_label": "Very High",
            "color": "#FF0000",
            "temp_max": 18.7,
            "rh_min": 17,
            "wind_max": 21.1,
            "rain": 0
          }
        ],
        "fetched_at": "2026-10-10T05:45:11.537500+00:00"
      }
    },
    {
      "type": "Feature",
      "geometry": {
        "type": "Point",
        "coordinates": [
          140.0,
          40.0
        ]
      },
      "properties": {
        "lat": 40.0,
        "lon": 140.0,
        "temp_c": 21.7,
        "rh_pct": 71,
        "wind_kmh": 8.9,
        "wind_dir_deg": 317,
        "rain_mm": 0.0,
        "weather_code": 0,
        "alerts": [],
        "fwi": 7.2,
        "risk_class": "moderate",
        "risk_label": "Moderate",
        "risk_color": "#FFFF00",
        "trend": "escalating",
        "forecast": [
          {
            "date": "2026-10-10",
            "fwi": 8.1,
            "risk_class": "moderate",
            "risk_label": "Moderate",
            "color": "#FFFF00",
            "temp_max": 22.7,
            "rh_min": 61,
            "wind_max": 9.3,
            "rain": 0
          },
          {
            "date": "2026-10-11",
            "fwi": 10.2,
            "risk_class": "moderate",
            "risk_label": "Moderate",
            "color": "#FFFF00",
            "temp_max": 21.8,
            "rh_min": 61,
            "wind_max": 15.0,
            "rain": 0
          },
          {
            "date": "2026-10-12",
            "fwi": 10.5,
            "risk_class": "moderate",
            "risk_label": "Moderate",
            "color": "#FFFF00",
            "temp_max": 22.5,
            "rh_min": 56,
            "wind_max": 13.4,
            "rain": 0
          },
          {
            "date": "2026-10-13",
            "fwi": 13.3,
            "risk_class": "high",
            "risk_label": "High",
            "color": "#FFAA00",
            "temp_max": 23.9,
            "rh_min": 57,
            "wind_max": 18.9,
            "rain": 0
          },
          {
            "date": "2026-10-14",
            "fwi": 8.7,
            "risk_class": "moderate",
            "risk_label": "Moderate",
            "color": "#FFFF00",
            "temp_max": 21.4,
            "rh_min": 59,
            "wind_max": 35.1,
            "rain": 10.5
          }
        ],
        "fetched_at": "2026-10-10T05:45:11.537534+00:00"
      }
    },
    {
      "type": "Feature",
      "geometry": {
        "type": "Point",
        "coordinates": [
          -120.0,
          50.0
        ]
      },
      "properties": {
        "lat": 50.0,
        "lon": -120.0,
        "temp_c": 0.8,
        "rh_pct": 93,
        "wind_kmh": 11.4,
        "wind_dir_deg": 274,
        "rain_mm": 0.0,
        "weather_code": 3,
        "alerts": [],
        "fwi": 6.5,
        "risk_class": "moderate",
        "risk_label": "Moderate",
        "risk_color": "#FFFF00",
        "trend": "steady",
        "forecast": [
          {
            "date": "2026-10-09",
            "fwi": 2.8,
            "risk_class": "low",
            "risk_label": "Low",
            "color": "#38A800",
            "temp_max": 7.2,
            "rh_min": 61,
            "wind_max": 23.4,
            "rain": 5.7
          },
          {
            "date": "2026-10-10",
            "fwi": 2.7,
            "risk_class": "low",
            "risk_label": "Low",
            "color": "#38A800",
            "temp_max": 3.8,
            "rh_min": 67,
            "wind_max": 15.4,
            "rain": 2.3
          },
          {
            "date": "2026-10-11",
            "fwi": 9.0,
            "risk_class": "moderate",
            "risk_label": "Moderate",
            "color": "#FFFF00",
            "temp_max": 4.3,
            "rh_min": 49,
            "wind_max": 13.8,
            "rain": 0
          },
          {
            "date": "2026-10-12",
            "fwi": 6.3,
            "risk_class": "moderate",
            "risk_label": "Moderate",
            "color": "#FFFF00",
            "temp_max": 8.6,
            "rh_min": 54,
            "wind_max": 5.8,
            "rain": 0
          },
          {
            "date": "2026-10-13",
            "fwi": 7.1,
            "risk_class": "moderate",
            "risk_label": "Moderate",
            "color": "#FFFF00",
            "temp_max": 9.2,
            "rh_min": 55,
            "wind_max": 8.4,
            "rain": 0
          }
        ],
        "fetched_at": "2026-10-10T05:45:11.537569+00:00"
      }
    },
    {
      "type": "Feature",
      "geometry": {
        "type": "Point",
        "coordinates": [
          -110.0,
          50.0
        ]
      },
      "properties": {
        "lat": 50.0,
        "lon": -110.0,
        "temp_c": 11.8,
        "rh_pct": 60,
        "wind_kmh": 19.6,
        "wind_dir_deg": 306,
        "rain_mm": 0.0,
        "weather_code": 0,
        "alerts": [],
        "fwi": 11.5,
        "risk_class": "moderate",
        "risk_label": "Moderate",
        "risk_color": "#FFFF00",
        "trend": "steady",
        "forecast": [
          {
            "date": "2026-10-09",
            "fwi": 42.8,
            "risk_class": "extreme",
            "risk_label": "Extreme",
            "color": "#7A0000",
            "temp_max": 24.1,
            "rh_min": 18,
            "wind_max": 36.0,
            "rain": 0
          },
          {
            "date": "2026-10-10",
            "fwi": 12.5,
            "risk_class": "high",
            "risk_label": "High",
            "color": "#FFAA00",
            "temp_max": 11.2,
            "rh_min": 60,
            "wind_max": 21.6,
            "rain": 0
          },
          {
            "date": "2026-10-11",
            "fwi": 3.4,
            "risk_class": "low",
            "risk_label": "Low",
            "color": "#38A800",
            "temp_max": 3.5,
            "rh_min": 77,
            "wind_max": 19.9,
            "rain": 2.43
          },
          {
            "date": "2026-10-12",
            "fwi": 10.7,
            "risk_class": "moderate",
            "risk_label": "Moderate",
            "color": "#FFFF00",
            "temp_max": 7.6,
            "rh_min": 61,
            "wind_max": 17.8,
            "rain": 0
          },
          {
            "date": "2026-10-13",
            "fwi": 13.1,
            "risk_class": "high",
            "risk_label": "High",
            "color": "#FFAA00",
            "temp_max": 15.4,
            "rh_min": 29,
            "wind_max": 13.3,
            "rain": 0
          }
        ],
        "fetched_at": "2026-10-10T05:45:11.537601+00:00"
      }
    },
    {
      "type": "Feature",
      "geometry": {
        "type": "Point",
        "coordinates": [
          -100.0,
          50.0
        ]
      },
      "properties": {
        "lat": 50.0,
        "lon": -100.0,
        "temp_c": 10.3,
        "rh_pct": 79,
        "wind_kmh": 12.1,
        "wind_dir_deg": 76,
        "rain_mm": 0.0,
        "weather_code": 0,
        "alerts": [],
        "fwi": 7.0,
        "risk_class": "moderate",
        "risk_label": "Moderate",
        "risk_color": "#FFFF00",
        "trend": "escalating",
        "forecast": [
          {
            "date": "2026-10-10",
            "fwi": 16.9,
            "risk_class": "high",
            "risk_label": "High",
            "color": "#FFAA00",
            "temp_max": 18.9,
            "rh_min": 49,
            "wind_max": 24.2,
            "rain": 0
          },
          {
            "date": "2026-10-11",
            "fwi": 4.9,
            "risk_class": "low",
            "risk_label": "Low",
            "color": "#38A800",
            "temp_max": 9.2,
            "rh_min": 81,
            "wind_max": 26.5,
            "rain": 3.33
          },
          {
            "date": "2026-10-12",
            "fwi": 2.6,
            "risk_class": "low",
            "risk_label": "Low",
            "color": "#38A800",
            "temp_max": 3.6,
            "rh_min": 84,
            "wind_max": 17.1,
            "rain": 2.7
          },
          {
            "date": "2026-10-13",
            "fwi": 12.8,
            "risk_class": "high",
            "risk_label": "High",
            "color": "#FFAA00",
            "temp_max": 12.0,
            "rh_min": 49,
            "wind_max": 20.0,
            "rain": 0
          },
          {
            "date": "2026-10-14",
            "fwi": 8.3,
            "risk_class": "moderate",
            "risk_label": "Moderate",
            "color": "#FFFF00",
            "temp_max": 14.7,
            "rh_min": 41,
            "wind_max": 19.0,
            "rain": 1.2
          }
        ],
        "fetched_at": "2026-10-10T05:45:11.537635+00:00"
      }
    },
    {
      "type": "Feature",
      "geometry": {
        "type": "Point",
        "coordinates": [
          -90.0,
          50.0
        ]
      },
      "properties": {
        "lat": 50.0,
        "lon": -90.0,
        "temp_c": 6.1,
        "rh_pct": 84,
        "wind_kmh": 19.7,
        "wind_dir_deg": 134,
        "rain_mm": 0.0,
        "weather_code": 3,
        "alerts": [],
        "fwi": 9.1,
        "risk_class": "moderate",
        "risk_label": "Moderate",
        "risk_color": "#FFFF00",
        "trend": "de-escalating",
        "forecast": [
          {
            "date": "2026-10-10",
            "fwi": 13.2,
            "risk_class": "high",
            "risk_label": "High",
            "color": "#FFAA00",
            "temp_max": 17.1,
            "rh_min": 72,
            "wind_max": 24.0,
            "rain": 0.05
          },
          {
            "date": "2026-10-11",
            "fwi": 3.2,
            "risk_class": "low",
            "risk_label": "Low",
            "color": "#38A800",
            "temp_max": 16.4,
            "rh_min": 66,
            "wind_max": 19.1,
            "rain": 6.0
          },
          {
            "date": "2026-10-12",
            "fwi": 0.2,
            "risk_class": "low",
            "risk_label": "Low",
            "color": "#38A800",
            "temp_max": 2.9,
            "rh_min": 94,
            "wind_max": 18.6,
            "rain": 18.1
          },
          {
            "date": "2026-10-13",
            "fwi": 0.7,
            "risk_class": "low",
            "risk_label": "Low",
            "color": "#38A800",
            "temp_max": 2.9,
            "rh_min": 87,
            "wind_max": 12.4,
            "rain": 4.7
          },
          {
            "date": "2026-10-14",
            "fwi": 8.6,
            "risk_class": "moderate",
            "risk_label": "Moderate",
            "color": "#FFFF00",
            "temp_max": 9.8,
            "rh_min": 71,
            "wind_max": 14.8,
            "rain": 0
          }
        ],
        "fetched_at": "2026-10-10T05:45:11.537688+00:00"
      }
    },
    {
      "type": "Feature",
      "geometry": {
        "type": "Point",
        "coordinates": [
          -80.0,
          50.0
        ]
      },
      "properties": {
        "lat": 50.0,
        "lon": -80.0,
        "temp_c": 0.2,
        "rh_pct": 89,
        "wind_kmh": 5.6,
        "wind_dir_deg": 236,
        "rain_mm": 0.0,
        "weather_code": 3,
        "alerts": [],
        "fwi": 5.0,
        "risk_class": "moderate",
        "risk_label": "Moderate",
        "risk_color": "#FFFF00",
        "trend": "escalating",
        "forecast": [
          {
            "date": "2026-10-10",
            "fwi": 1.7,
            "risk_class": "low",
            "risk_label": "Low",
            "color": "#38A800",
            "temp_max": 6.6,
            "rh_min": 73,
            "wind_max": 24.5,
            "rain": 9.77
          },
          {
            "date": "2026-10-11",
            "fwi": 12.0,
            "risk_class": "high",
            "risk_label": "High",
            "color": "#FFAA00",
            "temp_max": 19.2,
            "rh_min": 70,
            "wind_max": 25.8,
            "rain": 0.75
          },
          {
            "date": "2026-10-12",
            "fwi": 4.2,
            "risk_class": "low",
            "risk_label": "Low",
            "color": "#38A800",
            "temp_max": 5.7,
            "rh_min": 57,
            "wind_max": 20.2,
            "rain": 2.0
          },
          {
            "date": "2026-10-13",
            "fwi": 8.6,
            "risk_class": "moderate",
            "risk_label": "Moderate",
            "color": "#FFFF00",
            "temp_max": 6.5,
            "rh_min": 61,
            "wind_max": 13.0,
            "rain": 0
          },
          {
            "date": "2026-10-14",
            "fwi": 12.6,
            "risk_class": "high",
            "risk_label": "High",
            "color": "#FFAA00",
            "temp_max": 7.8,
            "rh_min": 59,
            "wind_max": 21.9,
            "rain": 0.1
          }
        ],
        "fetched_at": "2026-10-10T05:45:11.537720+00:00"
      }
    },
    {
      "type": "Feature",
      "geometry": {
        "type": "Point",
        "coordinates": [
          -70.0,
          50.0
        ]
      },
      "properties": {
        "lat": 50.0,
        "lon": -70.0,
        "temp_c": 0.8,
        "rh_pct": 86,
        "wind_kmh": 22.2,
        "wind_dir_deg": 316,
        "rain_mm": 0.0,
        "weather_code": 0,
        "alerts": [],
        "fwi": 9.9,
        "risk_class": "moderate",
        "risk_label": "Moderate",
        "risk_color": "#FFFF00",
        "trend": "de-escalating",
        "forecast": [
          {
            "date": "2026-10-10",
            "fwi": 12.0,
            "risk_class": "high",
            "risk_label": "High",
            "color": "#FFAA00",
            "temp_max": 2.5,
            "rh_min": 70,
            "wind_max": 24.0,
            "rain": 0
          },
          {
            "date": "2026-10-11",
            "fwi": 13.7,
            "risk_class": "high",
            "risk_label": "High",
            "color": "#FFAA00",
            "temp_max": 11.9,
            "rh_min": 76,
            "wind_max": 27.5,
            "rain": 0
          },
          {
            "date": "2026-10-12",
            "fwi": 7.0,
            "risk_class": "moderate",
            "risk_label": "Moderate",
            "color": "#FFFF00",
            "temp_max": 11.5,
            "rh_min": 51,
            "wind_max": 25.9,
            "rain": 1.9
          },
          {
            "date": "2026-10-13",
            "fwi": 3.6,
            "risk_class": "low",
            "risk_label": "Low",
            "color": "#38A800",
            "temp_max": 4.4,
            "rh_min": 31,
            "wind_max": 15.9,
            "rain": 1.6
          },
          {
            "date": "2026-10-14",
            "fwi": 1.0,
            "risk_class": "low",
            "risk_label": "Low",
            "color": "#38A800",
            "temp_max": 2.6,
            "rh_min": 78,
            "wind_max": 20.5,
            "rain": 6.1
          }
        ],
        "fetched_at": "2026-10-10T05:45:11.537754+00:00"
      }
    },
    {
      "type": "Feature",
      "geometry": {
        "type": "Point",
        "coordinates": [
          10.0,
          50.0
        ]
      },
      "properties": {
        "lat": 50.0,
        "lon": 10.0,
        "temp_c": 11.0,
        "rh_pct": 92,
        "wind_kmh": 14.5,
        "wind_dir_deg": 228,
        "rain_mm": 0.0,
        "weather_code": 61,
        "alerts": [],
        "fwi": 7.1,
        "risk_class": "moderate",
        "risk_label": "Moderate",
        "risk_color": "#FFFF00",
        "trend": "de-escalating",
        "forecast": [
          {
            "date": "2026-10-10",
            "fwi": 4.3,
            "risk_class": "low",
            "risk_label": "Low",
            "color": "#38A800",
            "temp_max": 15.1,
            "rh_min": 50,
            "wind_max": 22.4,
            "rain": 3.9
          },
          {
            "date": "2026-10-11",
            "fwi": 12.8,
            "risk_class": "high",
            "risk_label": "High",
            "color": "#FFAA00",
            "temp_max": 11.8,
            "rh_min": 64,
            "wind_max": 22.3,
            "rain": 0.2
          },
          {
            "date": "2026-10-12",
            "fwi": 7.0,
            "risk_class": "moderate",
            "risk_label": "Moderate",
            "color": "#FFFF00",
            "temp_max": 14.4,
            "rh_min": 46,
            "wind_max": 4.5,
            "rain": 0
          },
          {
            "date": "2026-10-13",
            "fwi": 0.9,
            "risk_class": "low",
            "risk_label": "Low",
            "color": "#38A800",
            "temp_max": 11.1,
            "rh_min": 70,
            "wind_max": 3.3,
            "rain": 2.1
          },
          {
            "date": "2026-10-14",
            "fwi": 6.7,
            "risk_class": "moderate",
            "risk_label": "Moderate",
            "color": "#FFFF00",
            "temp_max": 16.2,
            "rh_min": 63,
            "wind_max": 7.1,
            "rain": 0.3
          }
        ],
        "fetched_at": "2026-10-10T05:45:11.537790+00:00"
      }
    },
    {
      "type": "Feature",
      "geometry": {
        "type": "Point",
        "coordinates": [
          20.0,
          50.0
        ]
      },
      "properties": {
        "lat": 50.0,
        "lon": 20.0,
        "temp_c": 12.0,
        "rh_pct": 68,
        "wind_kmh": 12.2,
        "wind_dir_deg": 235,
        "rain_mm": 0.0,
        "weather_code": 3,
        "alerts": [],
        "fwi": 8.1,
        "risk_class": "moderate",
        "risk_label": "Moderate",
        "risk_color": "#FFFF00",
        "trend": "de-escalating",
        "forecast": [
          {
            "date": "2026-10-10",
            "fwi": 10.5,
            "risk_class": "moderate",
            "risk_label": "Moderate",
            "color": "#FFFF00",
            "temp_max": 18.2,
            "rh_min": 60,
            "wind_max": 16.6,
            "rain": 0
          },
          {
            "date": "2026-10-11",
            "fwi": 11.9,
            "risk_class": "moderate",
            "risk_label": "Moderate",
            "color": "#FFFF00",
            "temp_max": 15.2,
            "rh_min": 47,
            "wind_max": 16.2,
            "rain": 0.2
          },
          {
            "date": "2026-10-12",
            "fwi": 10.0,
            "risk_class": "moderate",
            "risk_label": "Moderate",
            "color": "#FFFF00",
            "temp_max": 12.8,
            "rh_min": 57,
            "wind_max": 16.2,
            "rain": 0.4
          },
          {
            "date": "2026-10-13",
            "fwi": 0.8,
            "risk_class": "low",
            "risk_label": "Low",
            "color": "#38A800",
            "temp_max": 11.1,
            "rh_min": 62,
            "wind_max": 10.4,
            "rain": 6.2
          },
          {
            "date": "2026-10-14",
            "fwi": 6.0,
            "risk_class": "moderate",
            "risk_label": "Moderate",
            "color": "#FFFF00",
            "temp_max": 12.9,
            "rh_min": 58,
            "wind_max": 4.8,
            "rain": 0
          }
        ],
        "fetched_at": "2026-10-10T05:45:11.537822+00:00"
      }
    },
    {
      "type": "Feature",
      "geometry": {
        "type": "Point",
        "coordinates": [
          30.0,
          50.0
        ]
      },
      "properties": {
        "lat": 50.0,
        "lon": 30.0,
        "temp_c": 7.3,
        "rh_pct": 82,
        "wind_kmh": 5.0,
        "wind_dir_deg": 210,
        "rain_mm": 0.0,
        "weather_code": 2,
        "alerts": [],
        "fwi": 4.9,
        "risk_class": "low",
        "risk_label": "Low",
        "risk_color": "#38A800",
        "trend": "de-escalating",
        "forecast": [
          {
            "date": "2026-10-10",
            "fwi": 9.2,
            "risk_class": "moderate",
            "risk_label": "Moderate",
            "color": "#FFFF00",
            "temp_max": 16.9,
            "rh_min": 49,
            "wind_max": 10.3,
            "rain": 0
          },
          {
            "date": "2026-10-11",
            "fwi": 5.2,
            "risk_class": "moderate",
            "risk_label": "Moderate",
            "color": "#FFFF00",
            "temp_max": 22.9,
            "rh_min": 55,
            "wind_max": 17.8,
            "rain": 3.0
          },
          {
            "date": "2026-10-12",
            "fwi": 0.7,
            "risk_class": "low",
            "risk_label": "Low",
            "color": "#38A800",
            "temp_max": 16.4,
            "rh_min": 87,
            "wind_max": 11.4,
            "rain": 18.2
          },
          {
            "date": "2026-10-13",
            "fwi": 0.9,
            "risk_class": "low",
            "risk_label": "Low",
            "color": "#38A800",
            "temp_max": 9.9,
            "rh_min": 84,
            "wind_max": 13.0,
            "rain": 5.7
          },
          {
            "date": "2026-10-14",
            "fwi": 6.4,
            "risk_class": "moderate",
            "risk_label": "Moderate",
            "color": "#FFFF00",
            "temp_max": 10.6,
            "rh_min": 67,
            "wind_max": 15.4,
            "rain": 0.8
          }
        ],
        "fetched_at": "2026-10-10T05:45:11.537854+00:00"
      }
    },
    {
      "type": "Feature",
      "geometry": {
        "type": "Point",
        "coordinates": [
          40.0,
          50.0
        ]
      },
      "properties": {
        "lat": 50.0,
        "lon": 40.0,
        "temp_c": 13.3,
        "rh_pct": 85,
        "wind_kmh": 11.0,
        "wind_dir_deg": 218,
        "rain_mm": 0.0,
        "weather_code": 61,
        "alerts": [],
        "fwi": 6.3,
        "risk_class": "moderate",
        "risk_label": "Moderate",
        "risk_color": "#FFFF00",
        "trend": "escalating",
        "forecast": [
          {
            "date": "2026-10-10",
            "fwi": 9.8,
            "risk_class": "moderate",
            "risk_label": "Moderate",
            "color": "#FFFF00",
            "temp_max": 17.1,
            "rh_min": 56,
            "wind_max": 14.0,
            "rain": 0.3
          },
          {
            "date": "2026-10-11",
            "fwi": 10.0,
            "risk_class": "moderate",
            "risk_label": "Moderate",
            "color": "#FFFF00",
            "temp_max": 19.4,
            "rh_min": 29,
            "wind_max": 5.9,
            "rain": 0
          },
          {
            "date": "2026-10-12",
            "fwi": 16.8,
            "risk_class": "high",
            "risk_label": "High",
            "color": "#FFAA00",
            "temp_max": 23.4,
            "rh_min": 36,
            "wind_max": 17.1,
            "rain": 0
          },
          {
            "date": "2026-10-13",
            "fwi": 12.9,
            "risk_class": "high",
            "risk_label": "High",
            "color": "#FFAA00",
            "temp_max": 21.5,
            "rh_min": 52,
            "wind_max": 17.3,
            "rain": 0
          },
          {
            "date": "2026-10-14",
            "fwi": 11.4,
            "risk_class": "moderate",
            "risk_label": "Moderate",
            "color": "#FFFF00",
            "temp_max": 23.0,
            "rh_min": 49,
            "wind_max": 12.6,
            "rain": 0
          }
        ],
        "fetched_at": "2026-10-10T05:45:11.537891+00:00"
      }
    },
    {
      "type": "Feature",
      "geometry": {
        "type": "Point",
        "coordinates": [
          50.0,
          50.0
        ]
      },
      "properties": {
        "lat": 50.0,
        "lon": 50.0,
        "temp_c": 14.3,
        "rh_pct": 58,
        "wind_kmh": 13.2,
        "wind_dir_deg": 169,
        "rain_mm": 0.0,
        "weather_code": 2,
        "alerts": [],
        "fwi": 8.8,
        "risk_class": "moderate",
        "risk_label": "Moderate",
        "risk_color": "#FFFF00",
        "trend": "escalating",
        "forecast": [
          {
            "date": "2026-10-10",
            "fwi": 16.1,
            "risk_class": "high",
            "risk_label": "High",
            "color": "#FFAA00",
            "temp_max": 22.4,
            "rh_min": 37,
            "wind_max": 17.0,
            "rain": 0
          },
          {
            "date": "2026-10-11",
            "fwi": 11.8,
            "risk_class": "moderate",
            "risk_label": "Moderate",
            "color": "#FFFF00",
            "temp_max": 21.8,
            "rh_min": 51,
            "wind_max": 14.8,
            "rain": 0
          },
          {
            "date": "2026-10-12",
            "fwi": 16.8,
            "risk_class": "high",
            "risk_label": "High",
            "color": "#FFAA00",
            "temp_max": 23.6,
            "rh_min": 31,
            "wind_max": 15.5,
            "rain": 0
          },
          {
            "date": "2026-10-13",
            "fwi": 22.3,
            "risk_class": "very_high",
            "risk_label": "Very High",
            "color": "#FF0000",
            "temp_max": 24.3,
            "rh_min": 27,
            "wind_max": 20.8,
            "rain": 0
          },
          {
            "date": "2026-10-14",
            "fwi": 22.9,
            "risk_class": "very_high",
            "risk_label": "Very High",
            "color": "#FF0000",
            "temp_max": 24.1,
            "rh_min": 28,
            "wind_max": 21.9,
            "rain": 0
          }
        ],
        "fetched_at": "2026-10-10T05:45:11.537924+00:00"
      }
    },
    {
      "type": "Feature",
      "geometry": {
        "type": "Point",
        "coordinates": [
          60.0,
          50.0
        ]
      },
      "properties": {
        "lat": 50.0,
        "lon": 60.0,
        "temp_c": 11.8,
        "rh_pct": 43,
        "wind_kmh": 13.9,
        "wind_dir_deg": 159,
        "rain_mm": 0.0,
        "weather_code": 3,
        "alerts": [],
        "fwi": 10.7,
        "risk_class": "moderate",
        "risk_label": "Moderate",
        "risk_color": "#FFFF00",
        "trend": "steady",
        "forecast": [
          {
            "date": "2026-10-10",
            "fwi": 15.1,
            "risk_class": "high",
            "risk_label": "High",
            "color": "#FFAA00",
            "temp_max": 16.0,
            "rh_min": 33,
            "wind_max": 17.3,
            "rain": 0
          },
          {
            "date": "2026-10-11",
            "fwi": 14.6,
            "risk_class": "high",
            "risk_label": "High",
            "color": "#FFAA00",
            "temp_max": 20.5,
            "rh_min": 32,
            "wind_max": 14.1,
            "rain": 0
          },
          {
            "date": "2026-10-12",
            "fwi": 14.7,
            "risk_class": "high",
            "risk_label": "High",
            "color": "#FFAA00",
            "temp_max": 20.5,
            "rh_min": 42,
            "wind_max": 17.4,
            "rain": 0
          },
          {
            "date": "2026-10-13",
            "fwi": 11.3,
            "risk_class": "moderate",
            "risk_label": "Moderate",
            "color": "#FFFF00",
            "temp_max": 22.1,
            "rh_min": 40,
            "wind_max": 9.8,
            "rain": 0
          },
          {
            "date": "2026-10-14",
            "fwi": 12.6,
            "risk_class": "high",
            "risk_label": "High",
            "color": "#FFAA00",
            "temp_max": 21.2,
            "rh_min": 39,
            "wind_max": 12.5,
            "rain": 0
          }
        ],
        "fetched_at": "2026-10-10T05:45:11.537955+00:00"
      }
    },
    {
      "type": "Feature",
      "geometry": {
        "type": "Point",
        "coordinates": [
          70.0,
          50.0
        ]
      },
      "properties": {
        "lat": 50.0,
        "lon": 70.0,
        "temp_c": 9.7,
        "rh_pct": 50,
        "wind_kmh": 5.2,
        "wind_dir_deg": 136,
        "rain_mm": 0.0,
        "weather_code": 3,
        "alerts": [],
        "fwi": 6.4,
        "risk_class": "moderate",
        "risk_label": "Moderate",
        "risk_color": "#FFFF00",
        "trend": "escalating",
        "forecast": [
          {
            "date": "2026-10-10",
            "fwi": 9.1,
            "risk_class": "moderate",
            "risk_label": "Moderate",
            "color": "#FFFF00",
            "temp_max": 11.8,
            "rh_min": 40,
            "wind_max": 9.4,
            "rain": 0
          },
          {
            "date": "2026-10-11",
            "fwi": 11.7,
            "risk_class": "moderate",
            "risk_label": "Moderate",
            "color": "#FFFF00",
            "temp_max": 15.3,
            "rh_min": 28,
            "wind_max": 13.0,
            "rain": 0.6
          },
          {
            "date": "2026-10-12",
            "fwi": 18.0,
            "risk_class": "high",
            "risk_label": "High",
            "color": "#FFAA00",
            "temp_max": 17.9,
            "rh_min": 41,
            "wind_max": 23.4,
            "rain": 0
          },
          {
            "date": "2026-10-13",
            "fwi": 7.9,
            "risk_class": "moderate",
            "risk_label": "Moderate",
            "color": "#FFFF00",
            "temp_max": 14.4,
            "rh_min": 47,
            "wind_max": 7.4,
            "rain": 0
          },
          {
            "date": "2026-10-14",
            "fwi": 8.4,
            "risk_class": "moderate",
            "risk_label": "Moderate",
            "color": "#FFFF00",
            "temp_max": 16.3,
            "rh_min": 43,
            "wind_max": 6.7,
            "rain": 0
          }
        ],
        "fetched_at": "2026-10-10T05:45:11.537995+00:00"
      }
    },
    {
      "type": "Feature",
      "geometry": {
        "type": "Point",
        "coordinates": [
          80.0,
          50.0
        ]
      },
      "properties": {
        "lat": 50.0,
        "lon": 80.0,
        "temp_c": 9.1,
        "rh_pct": 50,
        "wind_kmh": 17.1,
        "wind_dir_deg": 303,
        "rain_mm": 0.0,
        "weather_code": 3,
        "alerts": [],
        "fwi": 10.8,
        "risk_class": "moderate",
        "risk_label": "Moderate",
        "risk_color": "#FFFF00",
        "trend": "escalating",
        "forecast": [
          {
            "date": "2026-10-10",
            "fwi": 11.8,
            "risk_class": "moderate",
            "risk_label": "Moderate",
            "color": "#FFFF00",
            "temp_max": 9.9,
            "rh_min": 44,
            "wind_max": 17.1,
            "rain": 0.1
          },
          {
            "date": "2026-10-11",
            "fwi": 9.6,
            "risk_class": "moderate",
            "risk_label": "Moderate",
            "color": "#FFFF00",
            "temp_max": 11.4,
            "rh_min": 43,
            "wind_max": 11.6,
            "rain": 0
          },
          {
            "date": "2026-10-12",
            "fwi": 10.1,
            "risk_class": "moderate",
            "risk_label": "Moderate",
            "color": "#FFFF00",
            "temp_max": 13.5,
            "rh_min": 38,
            "wind_max": 12.8,
            "rain": 0.6
          },
          {
            "date": "2026-10-13",
            "fwi": 13.7,
            "risk_class": "high",
            "risk_label": "High",
            "color": "#FFAA00",
            "temp_max": 12.9,
            "rh_min": 47,
            "wind_max": 20.6,
            "rain": 0.2
          },
          {
            "date": "2026-10-14",
            "fwi": 9.3,
            "risk_class": "moderate",
            "risk_label": "Moderate",
            "color": "#FFFF00",
            "temp_max": 14.4,
            "rh_min": 42,
            "wind_max": 9.5,
            "rain": 0
          }
        ],
        "fetched_at": "2026-10-10T05:45:11.538057+00:00"
      }
    },
    {
      "type": "Feature",
      "geometry": {
        "type": "Point",
        "coordinates": [
          90.0,
          50.0
        ]
      },
      "properties": {
        "lat": 50.0,
        "lon": 90.0,
        "temp_c": 0.0,
        "rh_pct": 39,
        "wind_kmh": 21.8,
        "wind_dir_deg": 301,
        "rain_mm": 0.0,
        "weather_code": 2,
        "alerts": [
          "cold"
        ],
        "fwi": 13.3,
        "risk_class": "high",
        "risk_label": "High",
        "risk_color": "#FFAA00",
        "trend": "steady",
        "forecast": [
          {
            "date": "2026-10-10",
            "fwi": 10.6,
            "risk_class": "moderate",
            "risk_label": "Moderate",
            "color": "#FFFF00",
            "temp_max": 0.4,
            "rh_min": 37,
            "wind_max": 21.7,
            "rain": 0.7
          },
          {
            "date": "2026-10-11",
            "fwi": 11.9,
            "risk_class": "moderate",
            "risk_label": "Moderate",
            "color": "#FFFF00",
            "temp_max": 1.0,
            "rh_min": 37,
            "wind_max": 18.2,
            "rain": 0
          },
          {
            "date": "2026-10-12",
            "fwi": 7.7,
            "risk_class": "moderate",
            "risk_label": "Moderate",
            "color": "#FFFF00",
            "temp_max": 0.2,
            "rh_min": 42,
            "wind_max": 9.6,
            "rain": 0
          },
          {
            "date": "2026-10-13",
            "fwi": 13.5,
            "risk_class": "high",
            "risk_label": "High",
            "color": "#FFAA00",
            "temp_max": 5.7,
            "rh_min": 35,
            "wind_max": 19.3,
            "rain": 0
          },
          {
            "date": "2026-10-14",
            "fwi": 11.1,
            "risk_class": "moderate",
            "risk_label": "Moderate",
            "color": "#FFFF00",
            "temp_max": 2.5,
            "rh_min": 57,
            "wind_max": 19.0,
            "rain": 0.3
          }
        ],
        "fetched_at": "2026-10-10T05:45:11.538095+00:00"
      }
    },
    {
      "type": "Feature",
      "geometry": {
        "type": "Point",
        "coordinates": [
          100.0,
          50.0
        ]
      },
      "properties": {
        "lat": 50.0,
        "lon": 100.0,
        "temp_c": 6.7,
        "rh_pct": 33,
        "wind_kmh": 28.4,
        "wind_dir_deg": 271,
        "rain_mm": 0.0,
        "weather_code": 1,
        "alerts": [],
        "fwi": 20.0,
        "risk_class": "very_high",
        "risk_label": "Very High",
        "risk_color": "#FF0000",
        "trend": "de-escalating",
        "forecast": [
          {
            "date": "2026-10-10",
            "fwi": 21.5,
            "risk_class": "very_high",
            "risk_label": "Very High",
            "color": "#FF0000",
            "temp_max": 6.7,
            "rh_min": 27,
            "wind_max": 28.6,
            "rain": 0
          },
          {
            "date": "2026-10-11",
            "fwi": 11.2,
            "risk_class": "moderate",
            "risk_label": "Moderate",
            "color": "#FFFF00",
            "temp_max": 3.2,
            "rh_min": 25,
            "wind_max": 13.6,
            "rain": 0
          },
          {
            "date": "2026-10-12",
            "fwi": 12.4,
            "risk_class": "high",
            "risk_label": "High",
            "color": "#FFAA00",
            "temp_max": 3.5,
            "rh_min": 24,
            "wind_max": 15.5,
            "rain": 0
          },
          {
            "date": "2026-10-13",
            "fwi": 15.7,
            "risk_class": "high",
            "risk_label": "High",
            "color": "#FFAA00",
            "temp_max": 7.8,
            "rh_min": 17,
            "wind_max": 18.4,
            "rain": 0
          },
          {
            "date": "2026-10-14",
            "fwi": 16.1,
            "risk_class": "high",
            "risk_label": "High",
            "color": "#FFAA00",
            "temp_max": 3.9,
            "rh_min": 30,
            "wind_max": 23.1,
            "rain": 0
          }
        ],
        "fetched_at": "2026-10-10T05:45:11.538128+00:00"
      }
    },
    {
      "type": "Feature",
      "geometry": {
        "type": "Point",
        "coordinates": [
          110.0,
          50.0
        ]
      },
      "properties": {
        "lat": 50.0,
        "lon": 110.0,
        "temp_c": 13.4,
        "rh_pct": 21,
        "wind_kmh": 14.5,
        "wind_dir_deg": 218,
        "rain_mm": 0.0,
        "weather_code": 0,
        "alerts": [],
        "fwi": 14.3,
        "risk_class": "high",
        "risk_label": "High",
        "risk_color": "#FFAA00",
        "trend": "steady",
        "forecast": [
          {
            "date": "2026-10-10",
            "fwi": 16.7,
            "risk_class": "high",
            "risk_label": "High",
            "color": "#FFAA00",
            "temp_max": 13.7,
            "rh_min": 20,
            "wind_max": 17.8,
            "rain": 0
          },
          {
            "date": "2026-10-11",
            "fwi": 8.8,
            "risk_class": "moderate",
            "risk_label": "Moderate",
            "color": "#FFFF00",
            "temp_max": 3.5,
            "rh_min": 56,
            "wind_max": 13.4,
            "rain": 0.3
          },
          {
            "date": "2026-10-12",
            "fwi": 11.1,
            "risk_class": "moderate",
            "risk_label": "Moderate",
            "color": "#FFFF00",
            "temp_max": 2.7,
            "rh_min": 42,
            "wind_max": 17.4,
            "rain": 0.3
          },
          {
            "date": "2026-10-13",
            "fwi": 12.2,
            "risk_class": "high",
            "risk_label": "High",
            "color": "#FFAA00",
            "temp_max": 6.0,
            "rh_min": 28,
            "wind_max": 15.1,
            "rain": 0
          },
          {
            "date": "2026-10-14",
            "fwi": 10.3,
            "risk_class": "moderate",
            "risk_label": "Moderate",
            "color": "#FFFF00",
            "temp_max": 4.5,
            "rh_min": 32,
            "wind_max": 12.6,
            "rain": 0.3
          }
        ],
        "fetched_at": "2026-10-10T05:45:11.538162+00:00"
      }
    },
    {
      "type": "Feature",
      "geometry": {
        "type": "Point",
        "coordinates": [
          120.0,
          50.0
        ]
      },
      "properties": {
        "lat": 50.0,
        "lon": 120.0,
        "temp_c": 8.8,
        "rh_pct": 52,
        "wind_kmh": 5.0,
        "wind_dir_deg": 165,
        "rain_mm": 0.0,
        "weather_code": 0,
        "alerts": [],
        "fwi": 6.1,
        "risk_class": "moderate",
        "risk_label": "Moderate",
        "risk_color": "#FFFF00",
        "trend": "escalating",
        "forecast": [
          {
            "date": "2026-10-10",
            "fwi": 11.0,
            "risk_class": "moderate",
            "risk_label": "Moderate",
            "color": "#FFFF00",
            "temp_max": 9.1,
            "rh_min": 52,
            "wind_max": 18.0,
            "rain": 0
          },
          {
            "date": "2026-10-11",
            "fwi": 20.1,
            "risk_class": "very_high",
            "risk_label": "Very High",
            "color": "#FF0000",
            "temp_max": 13.4,
            "rh_min": 39,
            "wind_max": 27.6,
            "rain": 0.1
          },
          {
            "date": "2026-10-12",
            "fwi": 14.4,
            "risk_class": "high",
            "risk_label": "High",
            "color": "#FFAA00",
            "temp_max": 6.8,
            "rh_min": 49,
            "wind_max": 24.6,
            "rain": 0.5
          },
          {
            "date": "2026-10-13",
            "fwi": 14.3,
            "risk_class": "high",
            "risk_label": "High",
            "color": "#FFAA00",
            "temp_max": 5.2,
            "rh_min": 34,
            "wind_max": 20.7,
            "rain": 0
          },
          {
            "date": "2026-10-14",
            "fwi": 7.0,
            "risk_class": "moderate",
            "risk_label": "Moderate",
            "color": "#FFFF00",
            "temp_max": 3.2,
            "rh_min": 43,
            "wind_max": 6.9,
            "rain": 0
          }
        ],
        "fetched_at": "2026-10-10T05:45:11.538196+00:00"
      }
    },
    {
      "type": "Feature",
      "geometry": {
        "type": "Point",
        "coordinates": [
          130.0,
          50.0
        ]
      },
      "properties": {
        "lat": 50.0,
        "lon": 130.0,
        "temp_c": 9.4,
        "rh_pct": 36,
        "wind_kmh": 3.7,
        "wind_dir_deg": 317,
        "rain_mm": 0.0,
        "weather_code": 3,
        "alerts": [],
        "fwi": 6.9,
        "risk_class": "moderate",
        "risk_label": "Moderate",
        "risk_color": "#FFFF00",
        "trend": "escalating",
        "forecast": [
          {
            "date": "2026-10-10",
            "fwi": 9.2,
            "risk_class": "moderate",
            "risk_label": "Moderate",
            "color": "#FFFF00",
            "temp_max": 9.5,
            "rh_min": 35,
            "wind_max": 9.3,
            "rain": 0
          },
          {
            "date": "2026-10-11",
            "fwi": 10.3,
            "risk_class": "moderate",
            "risk_label": "Moderate",
            "color": "#FFFF00",
            "temp_max": 10.5,
            "rh_min": 42,
            "wind_max": 13.2,
            "rain": 0
          },
          {
            "date": "2026-10-12",
            "fwi": 3.3,
            "risk_class": "low",
            "risk_label": "Low",
            "color": "#38A800",
            "temp_max": 13.0,
            "rh_min": 51,
            "wind_max": 21.7,
            "rain": 5.5
          },
          {
            "date": "2026-10-13",
            "fwi": 10.9,
            "risk_class": "moderate",
            "risk_label": "Moderate",
            "color": "#FFFF00",
            "temp_max": 9.7,
            "rh_min": 44,
            "wind_max": 15.2,
            "rain": 0
          },
          {
            "date": "2026-10-14",
            "fwi": 10.6,
            "risk_class": "moderate",
            "risk_label": "Moderate",
            "color": "#FFFF00",
            "temp_max": 7.9,
            "rh_min": 42,
            "wind_max": 14.7,
            "rain": 0
          }
        ],
        "fetched_at": "2026-10-10T05:45:11.538228+00:00"
      }
    },
    {
      "type": "Feature",
      "geometry": {
        "type": "Point",
        "coordinates": [
          140.0,
          50.0
        ]
      },
      "properties": {
        "lat": 50.0,
        "lon": 140.0,
        "temp_c": 11.7,
        "rh_pct": 25,
        "wind_kmh": 3.2,
        "wind_dir_deg": 322,
        "rain_mm": 0.0,
        "weather_code": 0,
        "alerts": [],
        "fwi": 7.6,
        "risk_class": "moderate",
        "risk_label": "Moderate",
        "risk_color": "#FFFF00",
        "trend": "escalating",
        "forecast": [
          {
            "date": "2026-10-10",
            "fwi": 9.1,
            "risk_class": "moderate",
            "risk_label": "Moderate",
            "color": "#FFFF00",
            "temp_max": 12.2,
            "rh_min": 18,
            "wind_max": 5.6,
            "rain": 0
          },
          {
            "date": "2026-10-11",
            "fwi": 9.3,
            "risk_class": "moderate",
            "risk_label": "Moderate",
            "color": "#FFFF00",
            "temp_max": 13.0,
            "rh_min": 25,
            "wind_max": 6.3,
            "rain": 0
          },
          {
            "date": "2026-10-12",
            "fwi": 9.8,
            "risk_class": "moderate",
            "risk_label": "Moderate",
            "color": "#FFFF00",
            "temp_max": 14.0,
            "rh_min": 34,
            "wind_max": 8.6,
            "rain": 0
          },
          {
            "date": "2026-10-13",
            "fwi": 15.7,
            "risk_class": "high",
            "risk_label": "High",
            "color": "#FFAA00",
            "temp_max": 15.2,
            "rh_min": 36,
            "wind_max": 19.5,
            "rain": 0
          },
          {
            "date": "2026-10-14",
            "fwi": 0.5,
            "risk_class": "low",
            "risk_label": "Low",
            "color": "#38A800",
            "temp_max": 3.9,
            "rh_min": 76,
            "wind_max": 22.5,
            "rain": 18.8
          }
        ],
        "fetched_at": "2026-10-10T05:45:11.538263+00:00"
      }
    },
    {
      "type": "Feature",
      "geometry": {
        "type": "Point",
        "coordinates": [
          -160.0,
          60.0
        ]
      },
      "properties": {
        "lat": 60.0,
        "lon": -160.0,
        "temp_c": 0.6,
        "rh_pct": 98,
        "wind_kmh": 20.0,
        "wind_dir_deg": 196,
        "rain_mm": 0.0,
        "weather_code": 3,
        "alerts": [],
        "fwi": 10.4,
        "risk_class": "moderate",
        "risk_label": "Moderate",
        "risk_color": "#FFFF00",
        "trend": "de-escalating",
        "forecast": [
          {
            "date": "2026-10-09",
            "fwi": 0.4,
            "risk_class": "low",
            "risk_label": "Low",
            "color": "#38A800",
            "temp_max": 2.2,
            "rh_min": 96,
            "wind_max": 30.5,
            "rain": 27.5
          },
          {
            "date": "2026-10-10",
            "fwi": 3.7,
            "risk_class": "low",
            "risk_label": "Low",
            "color": "#38A800",
            "temp_max": 2.3,
            "rh_min": 85,
            "wind_max": 25.2,
            "rain": 3.3
          },
          {
            "date": "2026-10-11",
            "fwi": 3.1,
            "risk_class": "low",
            "risk_label": "Low",
            "color": "#38A800",
            "temp_max": 0.6,
            "rh_min": 88,
            "wind_max": 17.0,
            "rain": 1.7
          },
          {
            "date": "2026-10-12",
            "fwi": 5.3,
            "risk_class": "moderate",
            "risk_label": "Moderate",
            "color": "#FFFF00",
            "temp_max": -0.4,
            "rh_min": 85,
            "wind_max": 15.3,
            "rain": 0.7
          },
          {
            "date": "2026-10-13",
            "fwi": 7.0,
            "risk_class": "moderate",
            "risk_label": "Moderate",
            "color": "#FFFF00",
            "temp_max": -1.7,
            "rh_min": 81,
            "wind_max": 13.0,
            "rain": 0
          }
        ],
        "fetched_at": "2026-10-10T05:45:11.538297+00:00"
      }
    },
    {
      "type": "Feature",
      "geometry": {
        "type": "Point",
        "coordinates": [
          -150.0,
          60.0
        ]
      },
      "properties": {
        "lat": 60.0,
        "lon": -150.0,
        "temp_c": -2.1,
        "rh_pct": 99,
        "wind_kmh": 20.9,
        "wind_dir_deg": 161,
        "rain_mm": 0.5,
        "weather_code": 75,
        "alerts": [
          "cold"
        ],
        "fwi": 11.4,
        "risk_class": "moderate",
        "risk_label": "Moderate",
        "risk_color": "#FFFF00",
        "trend": "de-escalating",
        "forecast": [
          {
            "date": "2026-10-09",
            "fwi": 0.6,
            "risk_class": "low",
            "risk_label": "Low",
            "color": "#38A800",
            "temp_max": -1.9,
            "rh_min": 61,
            "wind_max": 21.1,
            "rain": 6.8
          },
          {
            "date": "2026-10-10",
            "fwi": 0.2,
            "risk_class": "low",
            "risk_label": "Low",
            "color": "#38A800",
            "temp_max": -0.5,
            "rh_min": 98,
            "wind_max": 28.6,
            "rain": 69.9
          },
          {
            "date": "2026-10-11",
            "fwi": 0.1,
            "risk_class": "low",
            "risk_label": "Low",
            "color": "#38A800",
            "temp_max": -0.8,
            "rh_min": 96,
            "wind_max": 12.4,
            "rain": 10.0
          },
          {
            "date": "2026-10-12",
            "fwi": 0.7,
            "risk_class": "low",
            "risk_label": "Low",
            "color": "#38A800",
            "temp_max": -3.4,
            "rh_min": 94,
            "wind_max": 9.7,
            "rain": 3.0
          },
          {
            "date": "2026-10-13",
            "fwi": 1.6,
            "risk_class": "low",
            "risk_label": "Low",
            "color": "#38A800",
            "temp_max": -3.1,
            "rh_min": 92,
            "wind_max": 8.5,
            "rain": 1.5
          }
        ],
        "fetched_at": "2026-10-10T05:45:11.538332+00:00"
      }
    },
    {
      "type": "Feature",
      "geometry": {
        "type": "Point",
        "coordinates": [
          -140.0,
          60.0
        ]
      },
      "properties": {
        "lat": 60.0,
        "lon": -140.0,
        "temp_c": -3.5,
        "rh_pct": 25,
        "wind_kmh": 7.7,
        "wind_dir_deg": 3,
        "rain_mm": 0.0,
        "weather_code": 0,
        "alerts": [
          "cold"
        ],
        "fwi": 7.9,
        "risk_class": "moderate",
        "risk_label": "Moderate",
        "risk_color": "#FFFF00",
        "trend": "de-escalating",
        "forecast": [
          {
            "date": "2026-10-09",
            "fwi": 8.8,
            "risk_class": "moderate",
            "risk_label": "Moderate",
            "color": "#FFFF00",
            "temp_max": 2.8,
            "rh_min": 24,
            "wind_max": 8.3,
            "rain": 0
          },
          {
            "date": "2026-10-10",
            "fwi": 2.5,
            "risk_class": "low",
            "risk_label": "Low",
            "color": "#38A800",
            "temp_max": 0.8,
            "rh_min": 20,
            "wind_max": 9.9,
            "rain": 1.3
          },
          {
            "date": "2026-10-11",
            "fwi": 0.1,
            "risk_class": "low",
            "risk_label": "Low",
            "color": "#38A800",
            "temp_max": 1.7,
            "rh_min": 76,
            "wind_max": 11.2,
            "rain": 33.1
          },
          {
            "date": "2026-10-12",
            "fwi": 0.6,
            "risk_class": "low",
            "risk_label": "Low",
            "color": "#38A800",
            "temp_max": 0.4,
            "rh_min": 65,
            "wind_max": 8.7,
            "rain": 4.0
          },
          {
            "date": "2026-10-13",
            "fwi": 0.1,
            "risk_class": "low",
            "risk_label": "Low",
            "color": "#38A800",
            "temp_max": 0.8,
            "rh_min": 69,
            "wind_max": 10.1,
            "rain": 16.2
          }
        ],
        "fetched_at": "2026-10-10T05:45:11.538366+00:00"
      }
    },
    {
      "type": "Feature",
      "geometry": {
        "type": "Point",
        "coordinates": [
          -130.0,
          60.0
        ]
      },
      "properties": {
        "lat": 60.0,
        "lon": -130.0,
        "temp_c": -5.5,
        "rh_pct": 88,
        "wind_kmh": 5.4,
        "wind_dir_deg": 220,
        "rain_mm": 0.0,
        "weather_code": 0,
        "alerts": [
          "cold"
        ],
        "fwi": 5.0,
        "risk_class": "moderate",
        "risk_label": "Moderate",
        "risk_color": "#FFFF00",
        "trend": "steady",
        "forecast": [
          {
            "date": "2026-10-09",
            "fwi": 0.2,
            "risk_class": "low",
            "risk_label": "Low",
            "color": "#38A800",
            "temp_max": 1.9,
            "rh_min": 63,
            "wind_max": 11.9,
            "rain": 8.9
          },
          {
            "date": "2026-10-10",
            "fwi": 8.6,
            "risk_class": "moderate",
            "risk_label": "Moderate",
            "color": "#FFFF00",
            "temp_max": 5.7,
            "rh_min": 40,
            "wind_max": 10.2,
            "rain": 0
          },
          {
            "date": "2026-10-11",
            "fwi": 11.1,
            "risk_class": "moderate",
            "risk_label": "Moderate",
            "color": "#FFFF00",
            "temp_max": 6.1,
            "rh_min": 43,
            "wind_max": 16.7,
            "rain": 0
          },
          {
            "date": "2026-10-12",
            "fwi": 5.4,
            "risk_class": "moderate",
            "risk_label": "Moderate",
            "color": "#FFFF00",
            "temp_max": 5.0,
            "rh_min": 57,
            "wind_max": 15.7,
            "rain": 1.0
          },
          {
            "date": "2026-10-13",
            "fwi": 7.1,
            "risk_class": "moderate",
            "risk_label": "Moderate",
            "color": "#FFFF00",
            "temp_max": 4.9,
            "rh_min": 55,
            "wind_max": 8.6,
            "rain": 0
          }
        ],
        "fetched_at": "2026-10-10T05:45:11.538398+00:00"
      }
    },
    {
      "type": "Feature",
      "geometry": {
        "type": "Point",
        "coordinates": [
          -120.0,
          60.0
        ]
      },
      "properties": {
        "lat": 60.0,
        "lon": -120.0,
        "temp_c": 1.0,
        "rh_pct": 98,
        "wind_kmh": 10.0,
        "wind_dir_deg": 21,
        "rain_mm": 0.0,
        "weather_code": 3,
        "alerts": [],
        "fwi": 6.9,
        "risk_class": "moderate",
        "risk_label": "Moderate",
        "risk_color": "#FFFF00",
        "trend": "escalating",
        "forecast": [
          {
            "date": "2026-10-09",
            "fwi": 9.0,
            "risk_class": "moderate",
            "risk_label": "Moderate",
            "color": "#FFFF00",
            "temp_max": 3.8,
            "rh_min": 80,
            "wind_max": 19.0,
            "rain": 0.4
          },
          {
            "date": "2026-10-10",
            "fwi": 10.0,
            "risk_class": "moderate",
            "risk_label": "Moderate",
            "color": "#FFFF00",
            "temp_max": 5.6,
            "rh_min": 52,
            "wind_max": 16.3,
            "rain": 0
          },
          {
            "date": "2026-10-11",
            "fwi": 12.3,
            "risk_class": "high",
            "risk_label": "High",
            "color": "#FFAA00",
            "temp_max": 6.6,
            "rh_min": 40,
            "wind_max": 18.1,
            "rain": 0
          },
          {
            "date": "2026-10-12",
            "fwi": 10.8,
            "risk_class": "moderate",
            "risk_label": "Moderate",
            "color": "#FFFF00",
            "temp_max": 9.6,
            "rh_min": 51,
            "wind_max": 17.2,
            "rain": 0
          },
          {
            "date": "2026-10-13",
            "fwi": 9.3,
            "risk_class": "moderate",
            "risk_label": "Moderate",
            "color": "#FFFF00",
            "temp_max": 8.8,
            "rh_min": 48,
            "wind_max": 13.0,
            "rain": 0
          }
        ],
        "fetched_at": "2026-10-10T05:45:11.538432+00:00"
      }
    },
    {
      "type": "Feature",
      "geometry": {
        "type": "Point",
        "coordinates": [
          -110.0,
          60.0
        ]
      },
      "properties": {
        "lat": 60.0,
        "lon": -110.0,
        "temp_c": 1.2,
        "rh_pct": 88,
        "wind_kmh": 14.2,
        "wind_dir_deg": 39,
        "rain_mm": 0.0,
        "weather_code": 3,
        "alerts": [],
        "fwi": 7.1,
        "risk_class": "moderate",
        "risk_label": "Moderate",
        "risk_color": "#FFFF00",
        "trend": "de-escalating",
        "forecast": [
          {
            "date": "2026-10-09",
            "fwi": 9.5,
            "risk_class": "moderate",
            "risk_label": "Moderate",
            "color": "#FFFF00",
            "temp_max": 2.9,
            "rh_min": 68,
            "wind_max": 17.6,
            "rain": 0
          },
          {
            "date": "2026-10-10",
            "fwi": 8.4,
            "risk_class": "moderate",
            "risk_label": "Moderate",
            "color": "#FFFF00",
            "temp_max": 2.9,
            "rh_min": 67,
            "wind_max": 14.6,
            "rain": 0
          },
          {
            "date": "2026-10-11",
            "fwi": 12.3,
            "risk_class": "high",
            "risk_label": "High",
            "color": "#FFAA00",
            "temp_max": 3.5,
            "rh_min": 59,
            "wind_max": 21.8,
            "rain": 0.1
          },
          {
            "date": "2026-10-12",
            "fwi": 4.5,
            "risk_class": "low",
            "risk_label": "Low",
            "color": "#38A800",
            "temp_max": 4.2,
            "rh_min": 67,
            "wind_max": 19.4,
            "rain": 1.5
          },
          {
            "date": "2026-10-13",
            "fwi": 7.7,
            "risk_class": "moderate",
            "risk_label": "Moderate",
            "color": "#FFFF00",
            "temp_max": 6.3,
            "rh_min": 65,
            "wind_max": 11.4,
            "rain": 0.3
          }
        ],
        "fetched_at": "2026-10-10T05:45:11.538464+00:00"
      }
    },
    {
      "type": "Feature",
      "geometry": {
        "type": "Point",
        "coordinates": [
          -100.0,
          60.0
        ]
      },
      "properties": {
        "lat": 60.0,
        "lon": -100.0,
        "temp_c": 1.1,
        "rh_pct": 72,
        "wind_kmh": 10.1,
        "wind_dir_deg": 92,
        "rain_mm": 0.0,
        "weather_code": 3,
        "alerts": [],
        "fwi": 6.6,
        "risk_class": "moderate",
        "risk_label": "Moderate",
        "risk_color": "#FFFF00",
        "trend": "steady",
        "forecast": [
          {
            "date": "2026-10-10",
            "fwi": 6.0,
            "risk_class": "moderate",
            "risk_label": "Moderate",
            "color": "#FFFF00",
            "temp_max": 1.8,
            "rh_min": 61,
            "wind_max": 15.9,
            "rain": 0.8
          },
          {
            "date": "2026-10-11",
            "fwi": 10.9,
            "risk_class": "moderate",
            "risk_label": "Moderate",
            "color": "#FFFF00",
            "temp_max": 0.5,
            "rh_min": 56,
            "wind_max": 18.7,
            "rain": 0
          },
          {
            "date": "2026-10-12",
            "fwi": 15.7,
            "risk_class": "high",
            "risk_label": "High",
            "color": "#FFAA00",
            "temp_max": 3.3,
            "rh_min": 63,
            "wind_max": 29.2,
            "rain": 0
          },
          {
            "date": "2026-10-13",
            "fwi": 7.1,
            "risk_class": "moderate",
            "risk_label": "Moderate",
            "color": "#FFFF00",
            "temp_max": 3.0,
            "rh_min": 78,
            "wind_max": 20.1,
            "rain": 0.7
          },
          {
            "date": "2026-10-14",
            "fwi": 8.7,
            "risk_class": "moderate",
            "risk_label": "Moderate",
            "color": "#FFFF00",
            "temp_max": 4.3,
            "rh_min": 73,
            "wind_max": 16.5,
            "rain": 0
          }
        ],
        "fetched_at": "2026-10-10T05:45:11.538498+00:00"
      }
    },
    {
      "type": "Feature",
      "geometry": {
        "type": "Point",
        "coordinates": [
          -70.0,
          60.0
        ]
      },
      "properties": {
        "lat": 60.0,
        "lon": -70.0,
        "temp_c": -1.6,
        "rh_pct": 93,
        "wind_kmh": 10.0,
        "wind_dir_deg": 330,
        "rain_mm": 0.0,
        "weather_code": 0,
        "alerts": [
          "cold"
        ],
        "fwi": 6.2,
        "risk_class": "moderate",
        "risk_label": "Moderate",
        "risk_color": "#FFFF00",
        "trend": "escalating",
        "forecast": [
          {
            "date": "2026-10-10",
            "fwi": 13.2,
            "risk_class": "high",
            "risk_label": "High",
            "color": "#FFAA00",
            "temp_max": 1.7,
            "rh_min": 60,
            "wind_max": 24.3,
            "rain": 0
          },
          {
            "date": "2026-10-11",
            "fwi": 9.2,
            "risk_class": "moderate",
            "risk_label": "Moderate",
            "color": "#FFFF00",
            "temp_max": 1.8,
            "rh_min": 60,
            "wind_max": 24.5,
            "rain": 0.8
          },
          {
            "date": "2026-10-12",
            "fwi": 20.5,
            "risk_class": "very_high",
            "risk_label": "Very High",
            "color": "#FF0000",
            "temp_max": -0.5,
            "rh_min": 50,
            "wind_max": 34.7,
            "rain": 0.2
          },
          {
            "date": "2026-10-13",
            "fwi": 17.6,
            "risk_class": "high",
            "risk_label": "High",
            "color": "#FFAA00",
            "temp_max": 3.1,
            "rh_min": 66,
            "wind_max": 33.0,
            "rain": 0
          },
          {
            "date": "2026-10-14",
            "fwi": 8.6,
            "risk_class": "moderate",
            "risk_label": "Moderate",
            "color": "#FFFF00",
            "temp_max": 2.9,
            "rh_min": 75,
            "wind_max": 30.7,
            "rain": 1.2
          }
        ],
        "fetched_at": "2026-10-10T05:45:11.538530+00:00"
      }
    },
    {
      "type": "Feature",
      "geometry": {
        "type": "Point",
        "coordinates": [
          10.0,
          60.0
        ]
      },
      "properties": {
        "lat": 60.0,
        "lon": 10.0,
        "temp_c": 3.9,
        "rh_pct": 96,
        "wind_kmh": 10.1,
        "wind_dir_deg": 26,
        "rain_mm": 0.2,
        "weather_code": 53,
        "alerts": [],
        "fwi": 6.4,
        "risk_class": "moderate",
        "risk_label": "Moderate",
        "risk_color": "#FFFF00",
        "trend": "de-escalating",
        "forecast": [
          {
            "date": "2026-10-10",
            "fwi": 0.2,
            "risk_class": "low",
            "risk_label": "Low",
            "color": "#38A800",
            "temp_max": 5.5,
            "rh_min": 82,
            "wind_max": 12.6,
            "rain": 27.6
          },
          {
            "date": "2026-10-11",
            "fwi": 0.8,
            "risk_class": "low",
            "risk_label": "Low",
            "color": "#38A800",
            "temp_max": 4.8,
            "rh_min": 84,
            "wind_max": 12.6,
            "rain": 4.9
          },
          {
            "date": "2026-10-12",
            "fwi": 6.0,
            "risk_class": "moderate",
            "risk_label": "Moderate",
            "color": "#FFFF00",
            "temp_max": 8.5,
            "rh_min": 60,
            "wind_max": 4.8,
            "rain": 0
          },
          {
            "date": "2026-10-13",
            "fwi": 1.3,
            "risk_class": "low",
            "risk_label": "Low",
            "color": "#38A800",
            "temp_max": 10.5,
            "rh_min": 84,
            "wind_max": 17.4,
            "rain": 8.3
          },
          {
            "date": "2026-10-14",
            "fwi": 2.2,
            "risk_class": "low",
            "risk_label": "Low",
            "color": "#38A800",
            "temp_max": 13.3,
            "rh_min": 46,
            "wind_max": 15.2,
            "rain": 4.5
          }
        ],
        "fetched_at": "2026-10-10T05:45:11.538563+00:00"
      }
    },
    {
      "type": "Feature",
      "geometry": {
        "type": "Point",
        "coordinates": [
          30.0,
          60.0
        ]
      },
      "properties": {
        "lat": 60.0,
        "lon": 30.0,
        "temp_c": 9.7,
        "rh_pct": 93,
        "wind_kmh": 32.4,
        "wind_dir_deg": 264,
        "rain_mm": 0.2,
        "weather_code": 53,
        "alerts": [],
        "fwi": 14.2,
        "risk_class": "high",
        "risk_label": "High",
        "risk_color": "#FFAA00",
        "trend": "de-escalating",
        "forecast": [
          {
            "date": "2026-10-10",
            "fwi": 8.0,
            "risk_class": "moderate",
            "risk_label": "Moderate",
            "color": "#FFFF00",
            "temp_max": 9.8,
            "rh_min": 75,
            "wind_max": 36.4,
            "rain": 4.0
          },
          {
            "date": "2026-10-11",
            "fwi": 2.7,
            "risk_class": "low",
            "risk_label": "Low",
            "color": "#38A800",
            "temp_max": 8.5,
            "rh_min": 78,
            "wind_max": 16.2,
            "rain": 2.8
          },
          {
            "date": "2026-10-12",
            "fwi": 2.9,
            "risk_class": "low",
            "risk_label": "Low",
            "color": "#38A800",
            "temp_max": 8.0,
            "rh_min": 84,
            "wind_max": 20.5,
            "rain": 4.0
          },
          {
            "date": "2026-10-13",
            "fwi": 7.3,
            "risk_class": "moderate",
            "risk_label": "Moderate",
            "color": "#FFFF00",
            "temp_max": 8.4,
            "rh_min": 57,
            "wind_max": 9.0,
            "rain": 0
          },
          {
            "date": "2026-10-14",
            "fwi": 8.2,
            "risk_class": "moderate",
            "risk_label": "Moderate",
            "color": "#FFFF00",
            "temp_max": 10.7,
            "rh_min": 70,
            "wind_max": 24.6,
            "rain": 1.1
          }
        ],
        "fetched_at": "2026-10-10T05:45:11.538599+00:00"
      }
    },
    {
      "type": "Feature",
      "geometry": {
        "type": "Point",
        "coordinates": [
          40.0,
          60.0
        ]
      },
      "properties": {
        "lat": 60.0,
        "lon": 40.0,
        "temp_c": 7.2,
        "rh_pct": 93,
        "wind_kmh": 11.7,
        "wind_dir_deg": 191,
        "rain_mm": 0.2,
        "weather_code": 61,
        "alerts": [],
        "fwi": 6.4,
        "risk_class": "moderate",
        "risk_label": "Moderate",
        "risk_color": "#FFFF00",
        "trend": "de-escalating",
        "forecast": [
          {
            "date": "2026-10-10",
            "fwi": 0.9,
            "risk_class": "low",
            "risk_label": "Low",
            "color": "#38A800",
            "temp_max": 12.1,
            "rh_min": 85,
            "wind_max": 14.5,
            "rain": 9.2
          },
          {
            "date": "2026-10-11",
            "fwi": 3.8,
            "risk_class": "low",
            "risk_label": "Low",
            "color": "#38A800",
            "temp_max": 8.3,
            "rh_min": 85,
            "wind_max": 12.9,
            "rain": 0.9
          },
          {
            "date": "2026-10-12",
            "fwi": 0.9,
            "risk_class": "low",
            "risk_label": "Low",
            "color": "#38A800",
            "temp_max": 6.3,
            "rh_min": 94,
            "wind_max": 12.7,
            "rain": 4.2
          },
          {
            "date": "2026-10-13",
            "fwi": 0.2,
            "risk_class": "low",
            "risk_label": "Low",
            "color": "#38A800",
            "temp_max": 4.2,
            "rh_min": 95,
            "wind_max": 9.2,
            "rain": 9.3
          },
          {
            "date": "2026-10-14",
            "fwi": 0.4,
            "risk_class": "low",
            "risk_label": "Low",
            "color": "#38A800",
            "temp_max": 6.0,
            "rh_min": 97,
            "wind_max": 7.3,
            "rain": 5.3
          }
        ],
        "fetched_at": "2026-10-10T05:45:11.538630+00:00"
      }
    },
    {
      "type": "Feature",
      "geometry": {
        "type": "Point",
        "coordinates": [
          50.0,
          60.0
        ]
      },
      "properties": {
        "lat": 60.0,
        "lon": 50.0,
        "temp_c": 9.5,
        "rh_pct": 84,
        "wind_kmh": 14.0,
        "wind_dir_deg": 180,
        "rain_mm": 0.1,
        "weather_code": 61,
        "alerts": [],
        "fwi": 7.2,
        "risk_class": "moderate",
        "risk_label": "Moderate",
        "risk_color": "#FFFF00",
        "trend": "de-escalating",
        "forecast": [
          {
            "date": "2026-10-10",
            "fwi": 2.2,
            "risk_class": "low",
            "risk_label": "Low",
            "color": "#38A800",
            "temp_max": 11.8,
            "rh_min": 71,
            "wind_max": 14.3,
            "rain": 3.9
          },
          {
            "date": "2026-10-11",
            "fwi": 2.6,
            "risk_class": "low",
            "risk_label": "Low",
            "color": "#38A800",
            "temp_max": 9.0,
            "rh_min": 76,
            "wind_max": 14.9,
            "rain": 2.7
          },
          {
            "date": "2026-10-12",
            "fwi": 0.3,
            "risk_class": "low",
            "risk_label": "Low",
            "color": "#38A800",
            "temp_max": 4.7,
            "rh_min": 86,
            "wind_max": 10.3,
            "rain": 9.9
          },
          {
            "date": "2026-10-13",
            "fwi": 0.4,
            "risk_class": "low",
            "risk_label": "Low",
            "color": "#38A800",
            "temp_max": 3.2,
            "rh_min": 85,
            "wind_max": 11.7,
            "rain": 7.7
          },
          {
            "date": "2026-10-14",
            "fwi": 3.0,
            "risk_class": "low",
            "risk_label": "Low",
            "color": "#38A800",
            "temp_max": 8.9,
            "rh_min": 89,
            "wind_max": 11.8,
            "rain": 1.1
          }
        ],
        "fetched_at": "2026-10-10T05:45:11.538663+00:00"
      }
    },
    {
      "type": "Feature",
      "geometry": {
        "type": "Point",
        "coordinates": [
          60.0,
          60.0
        ]
      },
      "properties": {
        "lat": 60.0,
        "lon": 60.0,
        "temp_c": 5.8,
        "rh_pct": 75,
        "wind_kmh": 10.5,
        "wind_dir_deg": 186,
        "rain_mm": 0.0,
        "weather_code": 2,
        "alerts": [],
        "fwi": 6.6,
        "risk_class": "moderate",
        "risk_label": "Moderate",
        "risk_color": "#FFFF00",
        "trend": "de-escalating",
        "forecast": [
          {
            "date": "2026-10-10",
            "fwi": 9.5,
            "risk_class": "moderate",
            "risk_label": "Moderate",
            "color": "#FFFF00",
            "temp_max": 8.6,
            "rh_min": 70,
            "wind_max": 17.3,
            "rain": 0
          },
          {
            "date": "2026-10-11",
            "fwi": 8.9,
            "risk_class": "moderate",
            "risk_label": "Moderate",
            "color": "#FFFF00",
            "temp_max": 9.5,
            "rh_min": 70,
            "wind_max": 15.5,
            "rain": 0.4
          },
          {
            "date": "2026-10-12",
            "fwi": 10.4,
            "risk_class": "moderate",
            "risk_label": "Moderate",
            "color": "#FFFF00",
            "temp_max": 7.3,
            "rh_min": 56,
            "wind_max": 17.3,
            "rain": 0
          },
          {
            "date": "2026-10-13",
            "fwi": 5.2,
            "risk_class": "moderate",
            "risk_label": "Moderate",
            "color": "#FFFF00",
            "temp_max": 4.8,
            "rh_min": 63,
            "wind_max": 2.8,
            "rain": 0
          },
          {
            "date": "2026-10-14",
            "fwi": 6.3,
            "risk_class": "moderate",
            "risk_label": "Moderate",
            "color": "#FFFF00",
            "temp_max": 3.9,
            "rh_min": 58,
            "wind_max": 5.9,
            "rain": 0
          }
        ],
        "fetched_at": "2026-10-10T05:45:11.538694+00:00"
      }
    },
    {
      "type": "Feature",
      "geometry": {
        "type": "Point",
        "coordinates": [
          70.0,
          60.0
        ]
      },
      "properties": {
        "lat": 60.0,
        "lon": 70.0,
        "temp_c": 5.4,
        "rh_pct": 82,
        "wind_kmh": 9.5,
        "wind_dir_deg": 224,
        "rain_mm": 0.0,
        "weather_code": 2,
        "alerts": [],
        "fwi": 6.0,
        "risk_class": "moderate",
        "risk_label": "Moderate",
        "risk_color": "#FFFF00",
        "trend": "escalating",
        "forecast": [
          {
            "date": "2026-10-10",
            "fwi": 9.7,
            "risk_class": "moderate",
            "risk_label": "Moderate",
            "color": "#FFFF00",
            "temp_max": 9.0,
            "rh_min": 54,
            "wind_max": 15.6,
            "rain": 0.1
          },
          {
            "date": "2026-10-11",
            "fwi": 11.9,
            "risk_class": "moderate",
            "risk_label": "Moderate",
            "color": "#FFFF00",
            "temp_max": 11.5,
            "rh_min": 63,
            "wind_max": 20.4,
            "rain": 0.2
          },
          {
            "date": "2026-10-12",
            "fwi": 7.2,
            "risk_class": "moderate",
            "risk_label": "Moderate",
            "color": "#FFFF00",
            "temp_max": 8.1,
            "rh_min": 57,
            "wind_max": 21.1,
            "rain": 1.1
          },
          {
            "date": "2026-10-13",
            "fwi": 8.5,
            "risk_class": "moderate",
            "risk_label": "Moderate",
            "color": "#FFFF00",
            "temp_max": 6.4,
            "rh_min": 59,
            "wind_max": 12.4,
            "rain": 0
          },
          {
            "date": "2026-10-14",
            "fwi": 7.4,
            "risk_class": "moderate",
            "risk_label": "Moderate",
            "color": "#FFFF00",
            "temp_max": 3.0,
            "rh_min": 63,
            "wind_max": 10.7,
            "rain": 0
          }
        ],
        "fetched_at": "2026-10-10T05:45:11.538719+00:00"
      }
    },
    {
      "type": "Feature",
      "geometry": {
        "type": "Point",
        "coordinates": [
          80.0,
          60.0
        ]
      },
      "properties": {
        "lat": 60.0,
        "lon": 80.0,
        "temp_c": 2.2,
        "rh_pct": 82,
        "wind_kmh": 13.2,
        "wind_dir_deg": 280,
        "rain_mm": 0.0,
        "weather_code": 3,
        "alerts": [],
        "fwi": 7.0,
        "risk_class": "moderate",
        "risk_label": "Moderate",
        "risk_color": "#FFFF00",
        "trend": "escalating",
        "forecast": [
          {
            "date": "2026-10-10",
            "fwi": 7.9,
            "risk_class": "moderate",
            "risk_label": "Moderate",
            "color": "#FFFF00",
            "temp_max": 3.4,
            "rh_min": 73,
            "wind_max": 14.3,
            "rain": 0.3
          },
          {
            "date": "2026-10-11",
            "fwi": 12.4,
            "risk_class": "high",
            "risk_label": "High",
            "color": "#FFAA00",
            "temp_max": 8.1,
            "rh_min": 66,
            "wind_max": 22.7,
            "rain": 0.1
          },
          {
            "date": "2026-10-12",
            "fwi": 3.0,
            "risk_class": "low",
            "risk_label": "Low",
            "color": "#38A800",
            "temp_max": 8.1,
            "rh_min": 64,
            "wind_max": 21.6,
            "rain": 4.6
          },
          {
            "date": "2026-10-13",
            "fwi": 8.8,
            "risk_class": "moderate",
            "risk_label": "Moderate",
            "color": "#FFFF00",
            "temp_max": 4.7,
            "rh_min": 60,
            "wind_max": 25.8,
            "rain": 1.0
          },
          {
            "date": "2026-10-14",
            "fwi": 11.5,
            "risk_class": "moderate",
            "risk_label": "Moderate",
            "color": "#FFFF00",
            "temp_max": 3.9,
            "rh_min": 68,
            "wind_max": 22.3,
            "rain": 0
          }
        ],
        "fetched_at": "2026-10-10T05:45:11.538746+00:00"
      }
    },
    {
      "type": "Feature",
      "geometry": {
        "type": "Point",
        "coordinates": [
          90.0,
          60.0
        ]
      },
      "properties": {
        "lat": 60.0,
        "lon": 90.0,
        "temp_c": 2.9,
        "rh_pct": 59,
        "wind_kmh": 13.7,
        "wind_dir_deg": 288,
        "rain_mm": 0.0,
        "weather_code": 0,
        "alerts": [],
        "fwi": 8.7,
        "risk_class": "moderate",
        "risk_label": "Moderate",
        "risk_color": "#FFFF00",
        "trend": "de-escalating",
        "forecast": [
          {
            "date": "2026-10-10",
            "fwi": 6.7,
            "risk_class": "moderate",
            "risk_label": "Moderate",
            "color": "#FFFF00",
            "temp_max": 4.1,
            "rh_min": 47,
            "wind_max": 18.8,
            "rain": 1.0
          },
          {
            "date": "2026-10-11",
            "fwi": 9.3,
            "risk_class": "moderate",
            "risk_label": "Moderate",
            "color": "#FFFF00",
            "temp_max": 3.5,
            "rh_min": 51,
            "wind_max": 14.6,
            "rain": 0
          },
          {
            "date": "2026-10-12",
            "fwi": 12.0,
            "risk_class": "high",
            "risk_label": "High",
            "color": "#FFAA00",
            "temp_max": 8.9,
            "rh_min": 53,
            "wind_max": 20.6,
            "rain": 0
          },
          {
            "date": "2026-10-13",
            "fwi": 1.0,
            "risk_class": "low",
            "risk_label": "Low",
            "color": "#38A800",
            "temp_max": 5.0,
            "rh_min": 59,
            "wind_max": 17.9,
            "rain": 5.7
          },
          {
            "date": "2026-10-14",
            "fwi": 0.9,
            "risk_class": "low",
            "risk_label": "Low",
            "color": "#38A800",
            "temp_max": 2.1,
            "rh_min": 85,
            "wind_max": 18.3,
            "rain": 5.4
          }
        ],
        "fetched_at": "2026-10-10T05:45:11.538772+00:00"
      }
    },
    {
      "type": "Feature",
      "geometry": {
        "type": "Point",
        "coordinates": [
          100.0,
          60.0
        ]
      },
      "properties": {
        "lat": 60.0,
        "lon": 100.0,
        "temp_c": 2.9,
        "rh_pct": 97,
        "wind_kmh": 14.6,
        "wind_dir_deg": 213,
        "rain_mm": 0.1,
        "weather_code": 51,
        "alerts": [],
        "fwi": 8.0,
        "risk_class": "moderate",
        "risk_label": "Moderate",
        "risk_color": "#FFFF00",
        "trend": "steady",
        "forecast": [
          {
            "date": "2026-10-10",
            "fwi": 2.5,
            "risk_class": "low",
            "risk_label": "Low",
            "color": "#38A800",
            "temp_max": 3.6,
            "rh_min": 83,
            "wind_max": 15.1,
            "rain": 2.3
          },
          {
            "date": "2026-10-11",
            "fwi": 3.5,
            "risk_class": "low",
            "risk_label": "Low",
            "color": "#38A800",
            "temp_max": 1.1,
            "rh_min": 68,
            "wind_max": 17.5,
            "rain": 1.7
          },
          {
            "date": "2026-10-12",
            "fwi": 9.3,
            "risk_class": "moderate",
            "risk_label": "Moderate",
            "color": "#FFFF00",
            "temp_max": 3.2,
            "rh_min": 59,
            "wind_max": 15.1,
            "rain": 0
          },
          {
            "date": "2026-10-13",
            "fwi": 6.8,
            "risk_class": "moderate",
            "risk_label": "Moderate",
            "color": "#FFFF00",
            "temp_max": 4.8,
            "rh_min": 53,
            "wind_max": 15.9,
            "rain": 0.8
          },
          {
            "date": "2026-10-14",
            "fwi": 4.3,
            "risk_class": "low",
            "risk_label": "Low",
            "color": "#38A800",
            "temp_max": 2.2,
            "rh_min": 75,
            "wind_max": 19.2,
            "rain": 1.4
          }
        ],
        "fetched_at": "2026-10-10T05:45:11.538800+00:00"
      }
    },
    {
      "type": "Feature",
      "geometry": {
        "type": "Point",
        "coordinates": [
          110.0,
          60.0
        ]
      },
      "properties": {
        "lat": 60.0,
        "lon": 110.0,
        "temp_c": 6.4,
        "rh_pct": 42,
        "wind_kmh": 9.8,
        "wind_dir_deg": 149,
        "rain_mm": 0.0,
        "weather_code": 3,
        "alerts": [],
        "fwi": 8.4,
        "risk_class": "moderate",
        "risk_label": "Moderate",
        "risk_color": "#FFFF00",
        "trend": "steady",
        "forecast": [
          {
            "date": "2026-10-10",
            "fwi": 5.7,
            "risk_class": "moderate",
            "risk_label": "Moderate",
            "color": "#FFFF00",
            "temp_max": 6.5,
            "rh_min": 42,
            "wind_max": 10.3,
            "rain": 0.8
          },
          {
            "date": "2026-10-11",
            "fwi": 7.4,
            "risk_class": "moderate",
            "risk_label": "Moderate",
            "color": "#FFFF00",
            "temp_max": 2.3,
            "rh_min": 54,
            "wind_max": 13.8,
            "rain": 0.6
          },
          {
            "date": "2026-10-12",
            "fwi": 1.7,
            "risk_class": "low",
            "risk_label": "Low",
            "color": "#38A800",
            "temp_max": 1.5,
            "rh_min": 77,
            "wind_max": 11.9,
            "rain": 2.5
          },
          {
            "date": "2026-10-13",
            "fwi": 8.3,
            "risk_class": "moderate",
            "risk_label": "Moderate",
            "color": "#FFFF00",
            "temp_max": 1.8,
            "rh_min": 59,
            "wind_max": 12.6,
            "rain": 0
          },
          {
            "date": "2026-10-14",
            "fwi": 6.9,
            "risk_class": "moderate",
            "risk_label": "Moderate",
            "color": "#FFFF00",
            "temp_max": 2.1,
            "rh_min": 65,
            "wind_max": 14.2,
            "rain": 0.6
          }
        ],
        "fetched_at": "2026-10-10T05:45:11.538825+00:00"
      }
    },
    {
      "type": "Feature",
      "geometry": {
        "type": "Point",
        "coordinates": [
          120.0,
          60.0
        ]
      },
      "properties": {
        "lat": 60.0,
        "lon": 120.0,
        "temp_c": 6.2,
        "rh_pct": 27,
        "wind_kmh": 7.4,
        "wind_dir_deg": 87,
        "rain_mm": 0.0,
        "weather_code": 2,
        "alerts": [],
        "fwi": 8.6,
        "risk_class": "moderate",
        "risk_label": "Moderate",
        "risk_color": "#FFFF00",
        "trend": "steady",
        "forecast": [
          {
            "date": "2026-10-10",
            "fwi": 9.0,
            "risk_class": "moderate",
            "risk_label": "Moderate",
            "color": "#FFFF00",
            "temp_max": 6.2,
            "rh_min": 27,
            "wind_max": 8.2,
            "rain": 0
          },
          {
            "date": "2026-10-11",
            "fwi": 6.7,
            "risk_class": "moderate",
            "risk_label": "Moderate",
            "color": "#FFFF00",
            "temp_max": 6.3,
            "rh_min": 37,
            "wind_max": 4.0,
            "rain": 0
          },
          {
            "date": "2026-10-12",
            "fwi": 7.6,
            "risk_class": "moderate",
            "risk_label": "Moderate",
            "color": "#FFFF00",
            "temp_max": 4.2,
            "rh_min": 46,
            "wind_max": 9.3,
            "rain": 0.1
          },
          {
            "date": "2026-10-13",
            "fwi": 8.7,
            "risk_class": "moderate",
            "risk_label": "Moderate",
            "color": "#FFFF00",
            "temp_max": 2.9,
            "rh_min": 38,
            "wind_max": 10.8,
            "rain": 0
          },
          {
            "date": "2026-10-14",
            "fwi": 8.1,
            "risk_class": "moderate",
            "risk_label": "Moderate",
            "color": "#FFFF00",
            "temp_max": 3.4,
            "rh_min": 31,
            "wind_max": 7.5,
            "rain": 0
          }
        ],
        "fetched_at": "2026-10-10T05:45:11.538851+00:00"
      }
    },
    {
      "type": "Feature",
      "geometry": {
        "type": "Point",
        "coordinates": [
          130.0,
          60.0
        ]
      },
      "properties": {
        "lat": 60.0,
        "lon": 130.0,
        "temp_c": 3.1,
        "rh_pct": 44,
        "wind_kmh": 11.5,
        "wind_dir_deg": 293,
        "rain_mm": 0.0,
        "weather_code": 0,
        "alerts": [],
        "fwi": 8.5,
        "risk_class": "moderate",
        "risk_label": "Moderate",
        "risk_color": "#FFFF00",
        "trend": "de-escalating",
        "forecast": [
          {
            "date": "2026-10-10",
            "fwi": 9.3,
            "risk_class": "moderate",
            "risk_label": "Moderate",
            "color": "#FFFF00",
            "temp_max": 3.1,
            "rh_min": 39,
            "wind_max": 12.4,
            "rain": 0
          },
          {
            "date": "2026-10-11",
            "fwi": 7.2,
            "risk_class": "moderate",
            "risk_label": "Moderate",
            "color": "#FFFF00",
            "temp_max": 2.9,
            "rh_min": 50,
            "wind_max": 8.9,
            "rain": 0
          },
          {
            "date": "2026-10-12",
            "fwi": 6.9,
            "risk_class": "moderate",
            "risk_label": "Moderate",
            "color": "#FFFF00",
            "temp_max": 2.2,
            "rh_min": 48,
            "wind_max": 8.0,
            "rain": 0
          },
          {
            "date": "2026-10-13",
            "fwi": 6.4,
            "risk_class": "moderate",
            "risk_label": "Moderate",
            "color": "#FFFF00",
            "temp_max": 0.4,
            "rh_min": 49,
            "wind_max": 6.2,
            "rain": 0
          },
          {
            "date": "2026-10-14",
            "fwi": 1.7,
            "risk_class": "low",
            "risk_label": "Low",
            "color": "#38A800",
            "temp_max": 0.3,
            "rh_min": 67,
            "wind_max": 7.0,
            "rain": 1.5
          }
        ],
        "fetched_at": "2026-10-10T05:45:11.538882+00:00"
      }
    },
    {
      "type": "Feature",
      "geometry": {
        "type": "Point",
        "coordinates": [
          140.0,
          60.0
        ]
      },
      "properties": {
        "lat": 60.0,
        "lon": 140.0,
        "temp_c": -3.4,
        "rh_pct": 60,
        "wind_kmh": 14.6,
        "wind_dir_deg": 294,
        "rain_mm": 0.0,
        "weather_code": 0,
        "alerts": [
          "cold"
        ],
        "fwi": 8.6,
        "risk_class": "moderate",
        "risk_label": "Moderate",
        "risk_color": "#FFFF00",
        "trend": "de-escalating",
        "forecast": [
          {
            "date": "2026-10-10",
            "fwi": 9.0,
            "risk_class": "moderate",
            "risk_label": "Moderate",
            "color": "#FFFF00",
            "temp_max": -3.0,
            "rh_min": 53,
            "wind_max": 14.3,
            "rain": 0
          },
          {
            "date": "2026-10-11",
            "fwi": 6.6,
            "risk_class": "moderate",
            "risk_label": "Moderate",
            "color": "#FFFF00",
            "temp_max": -3.4,
            "rh_min": 54,
            "wind_max": 7.6,
            "rain": 0
          },
          {
            "date": "2026-10-12",
            "fwi": 6.0,
            "risk_class": "moderate",
            "risk_label": "Moderate",
            "color": "#FFFF00",
            "temp_max": -4.5,
            "rh_min": 51,
            "wind_max": 5.1,
            "rain": 0
          },
          {
            "date": "2026-10-13",
            "fwi": 6.8,
            "risk_class": "moderate",
            "risk_label": "Moderate",
            "color": "#FFFF00",
            "temp_max": -3.7,
            "rh_min": 51,
            "wind_max": 7.6,
            "rain": 0
          },
          {
            "date": "2026-10-14",
            "fwi": 5.7,
            "risk_class": "moderate",
            "risk_label": "Moderate",
            "color": "#FFFF00",
            "temp_max": -5.0,
            "rh_min": 46,
            "wind_max": 3.8,
            "rain": 0
          }
        ],
        "fetched_at": "2026-10-10T05:45:11.538908+00:00"
      }
    },
    {
      "type": "Feature",
      "geometry": {
        "type": "Point",
        "coordinates": [
          150.0,
          60.0
        ]
      },
      "properties": {
        "lat": 60.0,
        "lon": 150.0,
        "temp_c": -3.9,
        "rh_pct": 58,
        "wind_kmh": 6.9,
        "wind_dir_deg": 355,
        "rain_mm": 0.0,
        "weather_code": 0,
        "alerts": [
          "cold"
        ],
        "fwi": 6.2,
        "risk_class": "moderate",
        "risk_label": "Moderate",
        "risk_color": "#FFFF00",
        "trend": "escalating",
        "forecast": [
          {
            "date": "2026-10-10",
            "fwi": 12.5,
            "risk_class": "high",
            "risk_label": "High",
            "color": "#FFAA00",
            "temp_max": -2.9,
            "rh_min": 53,
            "wind_max": 22.2,
            "rain": 0
          },
          {
            "date": "2026-10-11",
            "fwi": 6.9,
            "risk_class": "moderate",
            "risk_label": "Moderate",
            "color": "#FFFF00",
            "temp_max": -2.5,
            "rh_min": 47,
            "wind_max": 7.9,
            "rain": 0
          },
          {
            "date": "2026-10-12",
            "fwi": 7.4,
            "risk_class": "moderate",
            "risk_label": "Moderate",
            "color": "#FFFF00",
            "temp_max": -3.6,
            "rh_min": 53,
            "wind_max": 10.0,
            "rain": 0
          },
          {
            "date": "2026-10-13",
            "fwi": 9.1,
            "risk_class": "moderate",
            "risk_label": "Moderate",
            "color": "#FFFF00",
            "temp_max": -6.1,
            "rh_min": 48,
            "wind_max": 14.2,
            "rain": 0
          },
          {
            "date": "2026-10-14",
            "fwi": 8.0,
            "risk_class": "moderate",
            "risk_label": "Moderate",
            "color": "#FFFF00",
            "temp_max": -6.4,
            "rh_min": 47,
            "wind_max": 11.2,
            "rain": 0
          }
        ],
        "fetched_at": "2026-10-10T05:45:11.538933+00:00"
      }
    },
    {
      "type": "Feature",
      "geometry": {
        "type": "Point",
        "coordinates": [
          -160.0,
          70.0
        ]
      },
      "properties": {
        "lat": 70.0,
        "lon": -160.0,
        "temp_c": 0.6,
        "rh_pct": 95,
        "wind_kmh": 20.1,
        "wind_dir_deg": 114,
        "rain_mm": 0.3,
        "weather_code": 75,
        "alerts": [],
        "fwi": 9.5,
        "risk_class": "moderate",
        "risk_label": "Moderate",
        "risk_color": "#FFFF00",
        "trend": "de-escalating",
        "forecast": [
          {
            "date": "2026-10-09",
            "fwi": 1.4,
            "risk_class": "low",
            "risk_label": "Low",
            "color": "#38A800",
            "temp_max": 2.4,
            "rh_min": 67,
            "wind_max": 23.7,
            "rain": 6.5
          },
          {
            "date": "2026-10-10",
            "fwi": 2.7,
            "risk_class": "low",
            "risk_label": "Low",
            "color": "#38A800",
            "temp_max": 1.6,
            "rh_min": 87,
            "wind_max": 17.0,
            "rain": 2.2
          },
          {
            "date": "2026-10-11",
            "fwi": 6.6,
            "risk_class": "moderate",
            "risk_label": "Moderate",
            "color": "#FFFF00",
            "temp_max": 1.6,
            "rh_min": 91,
            "wind_max": 12.3,
            "rain": 0.2
          },
          {
            "date": "2026-10-12",
            "fwi": 6.7,
            "risk_class": "moderate",
            "risk_label": "Moderate",
            "color": "#FFFF00",
            "temp_max": 1.2,
            "rh_min": 94,
            "wind_max": 12.0,
            "rain": 0.3
          },
          {
            "date": "2026-10-13",
            "fwi": 6.8,
            "risk_class": "moderate",
            "risk_label": "Moderate",
            "color": "#FFFF00",
            "temp_max": -0.6,
            "rh_min": 84,
            "wind_max": 20.1,
            "rain": 0.7
          }
        ],
        "fetched_at": "2026-10-10T05:45:11.538966+00:00"
      }
    },
    {
      "type": "Feature",
      "geometry": {
        "type": "Point",
        "coordinates": [
          -150.0,
          70.0
        ]
      },
      "properties": {
        "lat": 70.0,
        "lon": -150.0,
        "temp_c": -3.4,
        "rh_pct": 74,
        "wind_kmh": 18.9,
        "wind_dir_deg": 151,
        "rain_mm": 0.0,
        "weather_code": 3,
        "alerts": [
          "cold"
        ],
        "fwi": 9.3,
        "risk_class": "moderate",
        "risk_label": "Moderate",
        "risk_color": "#FFFF00",
        "trend": "steady",
        "forecast": [
          {
            "date": "2026-10-09",
            "fwi": 13.4,
            "risk_class": "high",
            "risk_label": "High",
            "color": "#FFAA00",
            "temp_max": -0.1,
            "rh_min": 65,
            "wind_max": 26.2,
            "rain": 0
          },
          {
            "date": "2026-10-10",
            "fwi": 15.2,
            "risk_class": "high",
            "risk_label": "High",
            "color": "#FFAA00",
            "temp_max": 1.8,
            "rh_min": 67,
            "wind_max": 29.5,
            "rain": 0.3
          },
          {
            "date": "2026-10-11",
            "fwi": 8.3,
            "risk_class": "moderate",
            "risk_label": "Moderate",
            "color": "#FFFF00",
            "temp_max": 1.3,
            "rh_min": 83,
            "wind_max": 17.5,
            "rain": 0
          },
          {
            "date": "2026-10-12",
            "fwi": 8.3,
            "risk_class": "moderate",
            "risk_label": "Moderate",
            "color": "#FFFF00",
            "temp_max": -2.5,
            "rh_min": 82,
            "wind_max": 17.2,
            "rain": 0.3
          },
          {
            "date": "2026-10-13",
            "fwi": 5.9,
            "risk_class": "moderate",
            "risk_label": "Moderate",
            "color": "#FFFF00",
            "temp_max": -0.7,
            "rh_min": 88,
            "wind_max": 20.7,
            "rain": 0.8
          }
        ],
        "fetched_at": "2026-10-10T05:45:11.539006+00:00"
      }
    },
    {
      "type": "Feature",
      "geometry": {
        "type": "Point",
        "coordinates": [
          -130.0,
          70.0
        ]
      },
      "properties": {
        "lat": 70.0,
        "lon": -130.0,
        "temp_c": -1.0,
        "rh_pct": 77,
        "wind_kmh": 27.2,
        "wind_dir_deg": 197,
        "rain_mm": 0.0,
        "weather_code": 3,
        "alerts": [
          "cold"
        ],
        "fwi": 12.7,
        "risk_class": "high",
        "risk_label": "High",
        "risk_color": "#FFAA00",
        "trend": "de-escalating",
        "forecast": [
          {
            "date": "2026-10-09",
            "fwi": 16.5,
            "risk_class": "high",
            "risk_label": "High",
            "color": "#FFAA00",
            "temp_max": -1.0,
            "rh_min": 73,
            "wind_max": 33.5,
            "rain": 0
          },
          {
            "date": "2026-10-10",
            "fwi": 15.5,
            "risk_class": "high",
            "risk_label": "High",
            "color": "#FFAA00",
            "temp_max": 2.6,
            "rh_min": 64,
            "wind_max": 29.2,
            "rain": 0
          },
          {
            "date": "2026-10-11",
            "fwi": 10.0,
            "risk_class": "moderate",
            "risk_label": "Moderate",
            "color": "#FFFF00",
            "temp_max": 1.8,
            "rh_min": 86,
            "wind_max": 22.4,
            "rain": 0
          },
          {
            "date": "2026-10-12",
            "fwi": 5.4,
            "risk_class": "moderate",
            "risk_label": "Moderate",
            "color": "#FFFF00",
            "temp_max": 1.4,
            "rh_min": 89,
            "wind_max": 12.5,
            "rain": 0.6
          },
          {
            "date": "2026-10-13",
            "fwi": 4.3,
            "risk_class": "low",
            "risk_label": "Low",
            "color": "#38A800",
            "temp_max": 0.6,
            "rh_min": 86,
            "wind_max": 21.3,
            "rain": 1.5
          }
        ],
        "fetched_at": "2026-10-10T05:45:11.539034+00:00"
      }
    },
    {
      "type": "Feature",
      "geometry": {
        "type": "Point",
        "coordinates": [
          -110.0,
          70.0
        ]
      },
      "properties": {
        "lat": 70.0,
        "lon": -110.0,
        "temp_c": -12.1,
        "rh_pct": 78,
        "wind_kmh": 17.6,
        "wind_dir_deg": 172,
        "rain_mm": 0.0,
        "weather_code": 3,
        "alerts": [
          "cold"
        ],
        "fwi": 8.6,
        "risk_class": "moderate",
        "risk_label": "Moderate",
        "risk_color": "#FFFF00",
        "trend": "steady",
        "forecast": [
          {
            "date": "2026-10-09",
            "fwi": 10.0,
            "risk_class": "moderate",
            "risk_label": "Moderate",
            "color": "#FFFF00",
            "temp_max": -11.1,
            "rh_min": 74,
            "wind_max": 20.9,
            "rain": 0
          },
          {
            "date": "2026-10-10",
            "fwi": 12.7,
            "risk_class": "high",
            "risk_label": "High",
            "color": "#FFAA00",
            "temp_max": -1.8,
            "rh_min": 78,
            "wind_max": 27.5,
            "rain": 0
          },
          {
            "date": "2026-10-11",
            "fwi": 13.4,
            "risk_class": "high",
            "risk_label": "High",
            "color": "#FFAA00",
            "temp_max": -0.1,
            "rh_min": 82,
            "wind_max": 29.5,
            "rain": 0
          },
          {
            "date": "2026-10-12",
            "fwi": 7.1,
            "risk_class": "moderate",
            "risk_label": "Moderate",
            "color": "#FFFF00",
            "temp_max": -3.5,
            "rh_min": 86,
            "wind_max": 13.7,
            "rain": 0.2
          },
          {
            "date": "2026-10-13",
            "fwi": 12.8,
            "risk_class": "high",
            "risk_label": "High",
            "color": "#FFAA00",
            "temp_max": -2.2,
            "rh_min": 78,
            "wind_max": 27.7,
            "rain": 0
          }
        ],
        "fetched_at": "2026-10-10T05:45:11.539062+00:00"
      }
    },
    {
      "type": "Feature",
      "geometry": {
        "type": "Point",
        "coordinates": [
          -80.0,
          70.0
        ]
      },
      "properties": {
        "lat": 70.0,
        "lon": -80.0,
        "temp_c": -9.3,
        "rh_pct": 85,
        "wind_kmh": 21.7,
        "wind_dir_deg": 335,
        "rain_mm": 0.0,
        "weather_code": 0,
        "alerts": [
          "cold"
        ],
        "fwi": 9.9,
        "risk_class": "moderate",
        "risk_label": "Moderate",
        "risk_color": "#FFFF00",
        "trend": "de-escalating",
        "forecast": [
          {
            "date": "2026-10-10",
            "fwi": 13.0,
            "risk_class": "high",
            "risk_label": "High",
            "color": "#FFAA00",
            "temp_max": -7.2,
            "rh_min": 70,
            "wind_max": 27.0,
            "rain": 0
          },
          {
            "date": "2026-10-11",
            "fwi": 13.9,
            "risk_class": "high",
            "risk_label": "High",
            "color": "#FFAA00",
            "temp_max": -2.3,
            "rh_min": 71,
            "wind_max": 31.8,
            "rain": 0.6
          },
          {
            "date": "2026-10-12",
            "fwi": 4.6,
            "risk_class": "low",
            "risk_label": "Low",
            "color": "#38A800",
            "temp_max": 1.4,
            "rh_min": 76,
            "wind_max": 30.0,
            "rain": 3.7
          },
          {
            "date": "2026-10-13",
            "fwi": 5.5,
            "risk_class": "moderate",
            "risk_label": "Moderate",
            "color": "#FFFF00",
            "temp_max": -0.6,
            "rh_min": 81,
            "wind_max": 18.7,
            "rain": 0.8
          },
          {
            "date": "2026-10-14",
            "fwi": 12.7,
            "risk_class": "high",
            "risk_label": "High",
            "color": "#FFAA00",
            "temp_max": -2.8,
            "rh_min": 80,
            "wind_max": 27.8,
            "rain": 0
          }
        ],
        "fetched_at": "2026-10-10T05:45:11.539088+00:00"
      }
    },
    {
      "type": "Feature",
      "geometry": {
        "type": "Point",
        "coordinates": [
          -70.0,
          70.0
        ]
      },
      "properties": {
        "lat": 70.0,
        "lon": -70.0,
        "temp_c": -10.9,
        "rh_pct": 82,
        "wind_kmh": 2.4,
        "wind_dir_deg": 189,
        "rain_mm": 0.0,
        "weather_code": 3,
        "alerts": [
          "cold"
        ],
        "fwi": 4.5,
        "risk_class": "low",
        "risk_label": "Low",
        "risk_color": "#38A800",
        "trend": "de-escalating",
        "forecast": [
          {
            "date": "2026-10-10",
            "fwi": 1.5,
            "risk_class": "low",
            "risk_label": "Low",
            "color": "#38A800",
            "temp_max": -9.2,
            "rh_min": 81,
            "wind_max": 3.4,
            "rain": 1.0
          },
          {
            "date": "2026-10-11",
            "fwi": 5.1,
            "risk_class": "moderate",
            "risk_label": "Moderate",
            "color": "#FFFF00",
            "temp_max": -14.2,
            "rh_min": 71,
            "wind_max": 5.0,
            "rain": 0
          },
          {
            "date": "2026-10-12",
            "fwi": 2.4,
            "risk_class": "low",
            "risk_label": "Low",
            "color": "#38A800",
            "temp_max": -5.9,
            "rh_min": 70,
            "wind_max": 5.5,
            "rain": 0.9
          },
          {
            "date": "2026-10-13",
            "fwi": 1.1,
            "risk_class": "low",
            "risk_label": "Low",
            "color": "#38A800",
            "temp_max": -5.3,
            "rh_min": 83,
            "wind_max": 3.4,
            "rain": 1.2
          },
          {
            "date": "2026-10-14",
            "fwi": 0.3,
            "risk_class": "low",
            "risk_label": "Low",
            "color": "#38A800",
            "temp_max": -4.7,
            "rh_min": 86,
            "wind_max": 3.1,
            "rain": 3.9
          }
        ],
        "fetched_at": "2026-10-10T05:45:11.539117+00:00"
      }
    },
    {
      "type": "Feature",
      "geometry": {
        "type": "Point",
        "coordinates": [
          -50.0,
          70.0
        ]
      },
      "properties": {
        "lat": 70.0,
        "lon": -50.0,
        "temp_c": -8.3,
        "rh_pct": 50,
        "wind_kmh": 34.8,
        "wind_dir_deg": 105,
        "rain_mm": 0.0,
        "weather_code": 1,
        "alerts": [
          "cold"
        ],
        "fwi": 19.9,
        "risk_class": "high",
        "risk_label": "High",
        "risk_color": "#FFAA00",
        "trend": "de-escalating",
        "forecast": [
          {
            "date": "2026-10-10",
            "fwi": 20.9,
            "risk_class": "very_high",
            "risk_label": "Very High",
            "color": "#FF0000",
            "temp_max": -7.8,
            "rh_min": 49,
            "wind_max": 35.8,
            "rain": 0
          },
          {
            "date": "2026-10-11",
            "fwi": 11.2,
            "risk_class": "moderate",
            "risk_label": "Moderate",
            "color": "#FFFF00",
            "temp_max": -13.3,
            "rh_min": 62,
            "wind_max": 22.5,
            "rain": 0
          },
          {
            "date": "2026-10-12",
            "fwi": 11.1,
            "risk_class": "moderate",
            "risk_label": "Moderate",
            "color": "#FFFF00",
            "temp_max": -11.8,
            "rh_min": 59,
            "wind_max": 21.7,
            "rain": 0
          },
          {
            "date": "2026-10-13",
            "fwi": 9.1,
            "risk_class": "moderate",
            "risk_label": "Moderate",
            "color": "#FFFF00",
            "temp_max": -10.7,
            "rh_min": 60,
            "wind_max": 16.9,
            "rain": 0
          },
          {
            "date": "2026-10-14",
            "fwi": 14.2,
            "risk_class": "high",
            "risk_label": "High",
            "color": "#FFAA00",
            "temp_max": -10.1,
            "rh_min": 57,
            "wind_max": 27.4,
            "rain": 0
          }
        ],
        "fetched_at": "2026-10-10T05:45:11.539145+00:00"
      }
    },
    {
      "type": "Feature",
      "geometry": {
        "type": "Point",
        "coordinates": [
          -40.0,
          70.0
        ]
      },
      "properties": {
        "lat": 70.0,
        "lon": -40.0,
        "temp_c": -28.0,
        "rh_pct": 78,
        "wind_kmh": 25.6,
        "wind_dir_deg": 163,
        "rain_mm": 0.0,
        "weather_code": 3,
        "alerts": [
          "cold"
        ],
        "fwi": 12.2,
        "risk_class": "high",
        "risk_label": "High",
        "risk_color": "#FFAA00",
        "trend": "steady",
        "forecast": [
          {
            "date": "2026-10-10",
            "fwi": 10.4,
            "risk_class": "moderate",
            "risk_label": "Moderate",
            "color": "#FFFF00",
            "temp_max": -25.6,
            "rh_min": 77,
            "wind_max": 26.5,
            "rain": 0.6
          },
          {
            "date": "2026-10-11",
            "fwi": 7.8,
            "risk_class": "moderate",
            "risk_label": "Moderate",
            "color": "#FFFF00",
            "temp_max": -22.7,
            "rh_min": 77,
            "wind_max": 26.7,
            "rain": 0.8
          },
          {
            "date": "2026-10-12",
            "fwi": 5.6,
            "risk_class": "moderate",
            "risk_label": "Moderate",
            "color": "#FFFF00",
            "temp_max": -20.4,
            "rh_min": 77,
            "wind_max": 30.0,
            "rain": 1.7
          },
          {
            "date": "2026-10-13",
            "fwi": 10.6,
            "risk_class": "moderate",
            "risk_label": "Moderate",
            "color": "#FFFF00",
            "temp_max": -20.5,
            "rh_min": 78,
            "wind_max": 27.1,
            "rain": 0.6
          },
          {
            "date": "2026-10-14",
            "fwi": 3.5,
            "risk_class": "low",
            "risk_label": "Low",
            "color": "#38A800",
            "temp_max": -20.4,
            "rh_min": 81,
            "wind_max": 22.6,
            "rain": 1.8
          }
        ],
        "fetched_at": "2026-10-10T05:45:11.539175+00:00"
      }
    },
    {
      "type": "Feature",
      "geometry": {
        "type": "Point",
        "coordinates": [
          -30.0,
          70.0
        ]
      },
      "properties": {
        "lat": 70.0,
        "lon": -30.0,
        "temp_c": -16.5,
        "rh_pct": 80,
        "wind_kmh": 4.9,
        "wind_dir_deg": 163,
        "rain_mm": 0.0,
        "weather_code": 3,
        "alerts": [
          "cold"
        ],
        "fwi": 5.0,
        "risk_class": "moderate",
        "risk_label": "Moderate",
        "risk_color": "#FFFF00",
        "trend": "escalating",
        "forecast": [
          {
            "date": "2026-10-10",
            "fwi": 0.1,
            "risk_class": "low",
            "risk_label": "Low",
            "color": "#38A800",
            "temp_max": -14.9,
            "rh_min": 73,
            "wind_max": 7.7,
            "rain": 5.4
          },
          {
            "date": "2026-10-11",
            "fwi": 2.7,
            "risk_class": "low",
            "risk_label": "Low",
            "color": "#38A800",
            "temp_max": -13.1,
            "rh_min": 80,
            "wind_max": 10.6,
            "rain": 1.0
          },
          {
            "date": "2026-10-12",
            "fwi": 0.1,
            "risk_class": "low",
            "risk_label": "Low",
            "color": "#38A800",
            "temp_max": -15.0,
            "rh_min": 82,
            "wind_max": 8.8,
            "rain": 6.4
          },
          {
            "date": "2026-10-13",
            "fwi": 13.4,
            "risk_class": "high",
            "risk_label": "High",
            "color": "#FFAA00",
            "temp_max": -13.7,
            "rh_min": 55,
            "wind_max": 26.0,
            "rain": 0.3
          },
          {
            "date": "2026-10-14",
            "fwi": 13.3,
            "risk_class": "high",
            "risk_label": "High",
            "color": "#FFAA00",
            "temp_max": -14.1,
            "rh_min": 56,
            "wind_max": 25.9,
            "rain": 0
          }
        ],
        "fetched_at": "2026-10-10T05:45:11.539216+00:00"
      }
    },
    {
      "type": "Feature",
      "geometry": {
        "type": "Point",
        "coordinates": [
          30.0,
          70.0
        ]
      },
      "properties": {
        "lat": 70.0,
        "lon": 30.0,
        "temp_c": 3.1,
        "rh_pct": 74,
        "wind_kmh": 22.7,
        "wind_dir_deg": 329,
        "rain_mm": 0.0,
        "weather_code": 1,
        "alerts": [],
        "fwi": 11.0,
        "risk_class": "moderate",
        "risk_label": "Moderate",
        "risk_color": "#FFFF00",
        "trend": "escalating",
        "forecast": [
          {
            "date": "2026-10-10",
            "fwi": 26.5,
            "risk_class": "very_high",
            "risk_label": "Very High",
            "color": "#FF0000",
            "temp_max": 3.5,
            "rh_min": 59,
            "wind_max": 42.5,
            "rain": 0.2
          },
          {
            "date": "2026-10-11",
            "fwi": 16.8,
            "risk_class": "high",
            "risk_label": "High",
            "color": "#FFAA00",
            "temp_max": 4.3,
            "rh_min": 64,
            "wind_max": 31.0,
            "rain": 0.1
          },
          {
            "date": "2026-10-12",
            "fwi": 10.5,
            "risk_class": "moderate",
            "risk_label": "Moderate",
            "color": "#FFFF00",
            "temp_max": 4.3,
            "rh_min": 80,
            "wind_max": 22.7,
            "rain": 0
          },
          {
            "date": "2026-10-13",
            "fwi": 14.7,
            "risk_class": "high",
            "risk_label": "High",
            "color": "#FFAA00",
            "temp_max": 2.0,
            "rh_min": 61,
            "wind_max": 27.2,
            "rain": 0
          },
          {
            "date": "2026-10-14",
            "fwi": 4.9,
            "risk_class": "low",
            "risk_label": "Low",
            "color": "#38A800",
            "temp_max": 2.8,
            "rh_min": 65,
            "wind_max": 28.5,
            "rain": 3.3
          }
        ],
        "fetched_at": "2026-10-10T05:45:11.539245+00:00"
      }
    },
    {
      "type": "Feature",
      "geometry": {
        "type": "Point",
        "coordinates": [
          70.0,
          70.0
        ]
      },
      "properties": {
        "lat": 70.0,
        "lon": 70.0,
        "temp_c": 4.5,
        "rh_pct": 93,
        "wind_kmh": 18.8,
        "wind_dir_deg": 243,
        "rain_mm": 0.0,
        "weather_code": 1,
        "alerts": [],
        "fwi": 8.6,
        "risk_class": "moderate",
        "risk_label": "Moderate",
        "risk_color": "#FFFF00",
        "trend": "escalating",
        "forecast": [
          {
            "date": "2026-10-10",
            "fwi": 9.7,
            "risk_class": "moderate",
            "risk_label": "Moderate",
            "color": "#FFFF00",
            "temp_max": 4.9,
            "rh_min": 78,
            "wind_max": 20.3,
            "rain": 0.3
          },
          {
            "date": "2026-10-11",
            "fwi": 1.9,
            "risk_class": "low",
            "risk_label": "Low",
            "color": "#38A800",
            "temp_max": 3.5,
            "rh_min": 91,
            "wind_max": 30.3,
            "rain": 9.0
          },
          {
            "date": "2026-10-12",
            "fwi": 3.0,
            "risk_class": "low",
            "risk_label": "Low",
            "color": "#38A800",
            "temp_max": 3.4,
            "rh_min": 91,
            "wind_max": 37.5,
            "rain": 11.1
          },
          {
            "date": "2026-10-13",
            "fwi": 12.2,
            "risk_class": "high",
            "risk_label": "High",
            "color": "#FFAA00",
            "temp_max": 2.6,
            "rh_min": 76,
            "wind_max": 39.1,
            "rain": 1.2
          },
          {
            "date": "2026-10-14",
            "fwi": 9.7,
            "risk_class": "moderate",
            "risk_label": "Moderate",
            "color": "#FFFF00",
            "temp_max": 2.9,
            "rh_min": 82,
            "wind_max": 21.2,
            "rain": 0
          }
        ],
        "fetched_at": "2026-10-10T05:45:11.539279+00:00"
      }
    },
    {
      "type": "Feature",
      "geometry": {
        "type": "Point",
        "coordinates": [
          80.0,
          70.0
        ]
      },
      "properties": {
        "lat": 70.0,
        "lon": 80.0,
        "temp_c": 0.1,
        "rh_pct": 79,
        "wind_kmh": 17.8,
        "wind_dir_deg": 174,
        "rain_mm": 0.0,
        "weather_code": 3,
        "alerts": [],
        "fwi": 8.6,
        "risk_class": "moderate",
        "risk_label": "Moderate",
        "risk_color": "#FFFF00",
        "trend": "de-escalating",
        "forecast": [
          {
            "date": "2026-10-10",
            "fwi": 8.8,
            "risk_class": "moderate",
            "risk_label": "Moderate",
            "color": "#FFFF00",
            "temp_max": 0.5,
            "rh_min": 79,
            "wind_max": 18.3,
            "rain": 0
          },
          {
            "date": "2026-10-11",
            "fwi": 6.7,
            "risk_class": "moderate",
            "risk_label": "Moderate",
            "color": "#FFFF00",
            "temp_max": 1.4,
            "rh_min": 90,
            "wind_max": 42.3,
            "rain": 5.1
          },
          {
            "date": "2026-10-12",
            "fwi": 5.4,
            "risk_class": "moderate",
            "risk_label": "Moderate",
            "color": "#FFFF00",
            "temp_max": 4.7,
            "rh_min": 92,
            "wind_max": 39.4,
            "rain": 7.0
          },
          {
            "date": "2026-10-13",
            "fwi": 6.7,
            "risk_class": "moderate",
            "risk_label": "Moderate",
            "color": "#FFFF00",
            "temp_max": 2.6,
            "rh_min": 91,
            "wind_max": 37.6,
            "rain": 3.7
          },
          {
            "date": "2026-10-14",
            "fwi": 21.1,
            "risk_class": "very_high",
            "risk_label": "Very High",
            "color": "#FF0000",
            "temp_max": 1.7,
            "rh_min": 77,
            "wind_max": 41.0,
            "rain": 0.2
          }
        ],
        "fetched_at": "2026-10-10T05:45:11.539319+00:00"
      }
    },
    {
      "type": "Feature",
      "geometry": {
        "type": "Point",
        "coordinates": [
          90.0,
          70.0
        ]
      },
      "properties": {
        "lat": 70.0,
        "lon": 90.0,
        "temp_c": -6.3,
        "rh_pct": 95,
        "wind_kmh": 12.8,
        "wind_dir_deg": 164,
        "rain_mm": 0.0,
        "weather_code": 3,
        "alerts": [
          "cold"
        ],
        "fwi": 7.3,
        "risk_class": "moderate",
        "risk_label": "Moderate",
        "risk_color": "#FFFF00",
        "trend": "de-escalating",
        "forecast": [
          {
            "date": "2026-10-10",
            "fwi": 7.4,
            "risk_class": "moderate",
            "risk_label": "Moderate",
            "color": "#FFFF00",
            "temp_max": -4.4,
            "rh_min": 88,
            "wind_max": 14.6,
            "rain": 0.5
          },
          {
            "date": "2026-10-11",
            "fwi": 1.9,
            "risk_class": "low",
            "risk_label": "Low",
            "color": "#38A800",
            "temp_max": -3.3,
            "rh_min": 87,
            "wind_max": 28.7,
            "rain": 5.1
          },
          {
            "date": "2026-10-12",
            "fwi": 0.9,
            "risk_class": "low",
            "risk_label": "Low",
            "color": "#38A800",
            "temp_max": -0.5,
            "rh_min": 88,
            "wind_max": 33.5,
            "rain": 11.0
          },
          {
            "date": "2026-10-13",
            "fwi": 1.4,
            "risk_class": "low",
            "risk_label": "Low",
            "color": "#38A800",
            "temp_max": -0.2,
            "rh_min": 94,
            "wind_max": 21.9,
            "rain": 4.3
          },
          {
            "date": "2026-10-14",
            "fwi": 4.7,
            "risk_class": "low",
            "risk_label": "Low",
            "color": "#38A800",
            "temp_max": -2.9,
            "rh_min": 91,
            "wind_max": 19.1,
            "rain": 0.9
          }
        ],
        "fetched_at": "2026-10-10T05:45:11.539365+00:00"
      }
    },
    {
      "type": "Feature",
      "geometry": {
        "type": "Point",
        "coordinates": [
          100.0,
          70.0
        ]
      },
      "properties": {
        "lat": 70.0,
        "lon": 100.0,
        "temp_c": -4.5,
        "rh_pct": 94,
        "wind_kmh": 10.7,
        "wind_dir_deg": 84,
        "rain_mm": 0.0,
        "weather_code": 3,
        "alerts": [
          "cold"
        ],
        "fwi": 6.5,
        "risk_class": "moderate",
        "risk_label": "Moderate",
        "risk_color": "#FFFF00",
        "trend": "steady",
        "forecast": [
          {
            "date": "2026-10-10",
            "fwi": 6.4,
            "risk_class": "moderate",
            "risk_label": "Moderate",
            "color": "#FFFF00",
            "temp_max": -3.6,
            "rh_min": 87,
            "wind_max": 11.3,
            "rain": 0
          },
          {
            "date": "2026-10-11",
            "fwi": 2.6,
            "risk_class": "low",
            "risk_label": "Low",
            "color": "#38A800",
            "temp_max": -3.2,
            "rh_min": 88,
            "wind_max": 9.4,
            "rain": 0.9
          },
          {
            "date": "2026-10-12",
            "fwi": 8.8,
            "risk_class": "moderate",
            "risk_label": "Moderate",
            "color": "#FFFF00",
            "temp_max": -1.9,
            "rh_min": 76,
            "wind_max": 17.9,
            "rain": 0.1
          },
          {
            "date": "2026-10-13",
            "fwi": 7.4,
            "risk_class": "moderate",
            "risk_label": "Moderate",
            "color": "#FFFF00",
            "temp_max": -2.6,
            "rh_min": 84,
            "wind_max": 14.7,
            "rain": 0.4
          },
          {
            "date": "2026-10-14",
            "fwi": 1.3,
            "risk_class": "low",
            "risk_label": "Low",
            "color": "#38A800",
            "temp_max": -2.6,
            "rh_min": 84,
            "wind_max": 16.5,
            "rain": 3.3
          }
        ],
        "fetched_at": "2026-10-10T05:45:11.539394+00:00"
      }
    },
    {
      "type": "Feature",
      "geometry": {
        "type": "Point",
        "coordinates": [
          110.0,
          70.0
        ]
      },
      "properties": {
        "lat": 70.0,
        "lon": 110.0,
        "temp_c": -5.1,
        "rh_pct": 89,
        "wind_kmh": 5.1,
        "wind_dir_deg": 212,
        "rain_mm": 0.0,
        "weather_code": 3,
        "alerts": [
          "cold"
        ],
        "fwi": 5.0,
        "risk_class": "moderate",
        "risk_label": "Moderate",
        "risk_color": "#FFFF00",
        "trend": "escalating",
        "forecast": [
          {
            "date": "2026-10-10",
            "fwi": 5.7,
            "risk_class": "moderate",
            "risk_label": "Moderate",
            "color": "#FFFF00",
            "temp_max": -5.0,
            "rh_min": 88,
            "wind_max": 8.4,
            "rain": 0
          },
          {
            "date": "2026-10-11",
            "fwi": 6.5,
            "risk_class": "moderate",
            "risk_label": "Moderate",
            "color": "#FFFF00",
            "temp_max": -4.5,
            "rh_min": 86,
            "wind_max": 11.7,
            "rain": 0
          },
          {
            "date": "2026-10-12",
            "fwi": 11.6,
            "risk_class": "moderate",
            "risk_label": "Moderate",
            "color": "#FFFF00",
            "temp_max": -4.3,
            "rh_min": 87,
            "wind_max": 26.2,
            "rain": 0
          },
          {
            "date": "2026-10-13",
            "fwi": 9.8,
            "risk_class": "moderate",
            "risk_label": "Moderate",
            "color": "#FFFF00",
            "temp_max": -2.2,
            "rh_min": 93,
            "wind_max": 26.1,
            "rain": 0.6
          },
          {
            "date": "2026-10-14",
            "fwi": 0.6,
            "risk_class": "low",
            "risk_label": "Low",
            "color": "#38A800",
            "temp_max": -1.0,
            "rh_min": 93,
            "wind_max": 15.7,
            "rain": 4.7
          }
        ],
        "fetched_at": "2026-10-10T05:45:11.539422+00:00"
      }
    },
    {
      "type": "Feature",
      "geometry": {
        "type": "Point",
        "coordinates": [
          120.0,
          70.0
        ]
      },
      "properties": {
        "lat": 70.0,
        "lon": 120.0,
        "temp_c": -6.5,
        "rh_pct": 92,
        "wind_kmh": 6.7,
        "wind_dir_deg": 250,
        "rain_mm": 0.0,
        "weather_code": 3,
        "alerts": [
          "cold"
        ],
        "fwi": 5.4,
        "risk_class": "moderate",
        "risk_label": "Moderate",
        "risk_color": "#FFFF00",
        "trend": "escalating",
        "forecast": [
          {
            "date": "2026-10-10",
            "fwi": 5.9,
            "risk_class": "moderate",
            "risk_label": "Moderate",
            "color": "#FFFF00",
            "temp_max": -6.5,
            "rh_min": 92,
            "wind_max": 8.7,
            "rain": 0
          },
          {
            "date": "2026-10-11",
            "fwi": 5.5,
            "risk_class": "moderate",
            "risk_label": "Moderate",
            "color": "#FFFF00",
            "temp_max": -4.7,
            "rh_min": 83,
            "wind_max": 7.7,
            "rain": 0
          },
          {
            "date": "2026-10-12",
            "fwi": 7.5,
            "risk_class": "moderate",
            "risk_label": "Moderate",
            "color": "#FFFF00",
            "temp_max": -3.9,
            "rh_min": 72,
            "wind_max": 13.6,
            "rain": 0
          },
          {
            "date": "2026-10-13",
            "fwi": 9.6,
            "risk_class": "moderate",
            "risk_label": "Moderate",
            "color": "#FFFF00",
            "temp_max": -2.4,
            "rh_min": 77,
            "wind_max": 20.1,
            "rain": 0.2
          },
          {
            "date": "2026-10-14",
            "fwi": 2.0,
            "risk_class": "low",
            "risk_label": "Low",
            "color": "#38A800",
            "temp_max": -0.4,
            "rh_min": 84,
            "wind_max": 15.9,
            "rain": 2.8
          }
        ],
        "fetched_at": "2026-10-10T05:45:11.539449+00:00"
      }
    },
    {
      "type": "Feature",
      "geometry": {
        "type": "Point",
        "coordinates": [
          130.0,
          70.0
        ]
      },
      "properties": {
        "lat": 70.0,
        "lon": 130.0,
        "temp_c": -4.7,
        "rh_pct": 81,
        "wind_kmh": 21.7,
        "wind_dir_deg": 282,
        "rain_mm": 0.0,
        "weather_code": 3,
        "alerts": [
          "cold"
        ],
        "fwi": 10.0,
        "risk_class": "moderate",
        "risk_label": "Moderate",
        "risk_color": "#FFFF00",
        "trend": "de-escalating",
        "forecast": [
          {
            "date": "2026-10-10",
            "fwi": 12.4,
            "risk_class": "high",
            "risk_label": "High",
            "color": "#FFAA00",
            "temp_max": -4.6,
            "rh_min": 77,
            "wind_max": 26.8,
            "rain": 0.5
          },
          {
            "date": "2026-10-11",
            "fwi": 11.3,
            "risk_class": "moderate",
            "risk_label": "Moderate",
            "color": "#FFFF00",
            "temp_max": -5.0,
            "rh_min": 71,
            "wind_max": 23.4,
            "rain": 0
          },
          {
            "date": "2026-10-12",
            "fwi": 5.1,
            "risk_class": "moderate",
            "risk_label": "Moderate",
            "color": "#FFFF00",
            "temp_max": -4.0,
            "rh_min": 75,
            "wind_max": 5.3,
            "rain": 0
          },
          {
            "date": "2026-10-13",
            "fwi": 6.2,
            "risk_class": "moderate",
            "risk_label": "Moderate",
            "color": "#FFFF00",
            "temp_max": -3.5,
            "rh_min": 65,
            "wind_max": 8.1,
            "rain": 0
          },
          {
            "date": "2026-10-14",
            "fwi": 8.7,
            "risk_class": "moderate",
            "risk_label": "Moderate",
            "color": "#FFFF00",
            "temp_max": -3.3,
            "rh_min": 71,
            "wind_max": 24.8,
            "rain": 0.7
          }
        ],
        "fetched_at": "2026-10-10T05:45:11.539477+00:00"
      }
    },
    {
      "type": "Feature",
      "geometry": {
        "type": "Point",
        "coordinates": [
          140.0,
          70.0
        ]
      },
      "properties": {
        "lat": 70.0,
        "lon": 140.0,
        "temp_c": -4.7,
        "rh_pct": 83,
        "wind_kmh": 27.5,
        "wind_dir_deg": 261,
        "rain_mm": 0.1,
        "weather_code": 73,
        "alerts": [
          "cold"
        ],
        "fwi": 12.4,
        "risk_class": "high",
        "risk_label": "High",
        "risk_color": "#FFAA00",
        "trend": "de-escalating",
        "forecast": [
          {
            "date": "2026-10-10",
            "fwi": 1.7,
            "risk_class": "low",
            "risk_label": "Low",
            "color": "#38A800",
            "temp_max": -4.6,
            "rh_min": 82,
            "wind_max": 27.6,
            "rain": 4.8
          },
          {
            "date": "2026-10-11",
            "fwi": 0.8,
            "risk_class": "low",
            "risk_label": "Low",
            "color": "#38A800",
            "temp_max": -4.0,
            "rh_min": 86,
            "wind_max": 21.8,
            "rain": 4.9
          },
          {
            "date": "2026-10-12",
            "fwi": 5.6,
            "risk_class": "moderate",
            "risk_label": "Moderate",
            "color": "#FFFF00",
            "temp_max": -8.2,
            "rh_min": 67,
            "wind_max": 6.4,
            "rain": 0.1
          },
          {
            "date": "2026-10-13",
            "fwi": 7.2,
            "risk_class": "moderate",
            "risk_label": "Moderate",
            "color": "#FFFF00",
            "temp_max": -10.2,
            "rh_min": 60,
            "wind_max": 11.3,
            "rain": 0
          },
          {
            "date": "2026-10-14",
            "fwi": 12.8,
            "risk_class": "high",
            "risk_label": "High",
            "color": "#FFAA00",
            "temp_max": -6.7,
            "rh_min": 52,
            "wind_max": 23.3,
            "rain": 0
          }
        ],
        "fetched_at": "2026-10-10T05:45:11.539505+00:00"
      }
    },
    {
      "type": "Feature",
      "geometry": {
        "type": "Point",
        "coordinates": [
          150.0,
          70.0
        ]
      },
      "properties": {
        "lat": 70.0,
        "lon": 150.0,
        "temp_c": -3.1,
        "rh_pct": 94,
        "wind_kmh": 6.0,
        "wind_dir_deg": 319,
        "rain_mm": 0.0,
        "weather_code": 3,
        "alerts": [
          "cold"
        ],
        "fwi": 5.3,
        "risk_class": "moderate",
        "risk_label": "Moderate",
        "risk_color": "#FFFF00",
        "trend": "escalating",
        "forecast": [
          {
            "date": "2026-10-10",
            "fwi": 1.7,
            "risk_class": "low",
            "risk_label": "Low",
            "color": "#38A800",
            "temp_max": -2.1,
            "rh_min": 92,
            "wind_max": 22.4,
            "rain": 3.9
          },
          {
            "date": "2026-10-11",
            "fwi": 3.4,
            "risk_class": "low",
            "risk_label": "Low",
            "color": "#38A800",
            "temp_max": -3.8,
            "rh_min": 86,
            "wind_max": 15.1,
            "rain": 1.1
          },
          {
            "date": "2026-10-12",
            "fwi": 4.2,
            "risk_class": "low",
            "risk_label": "Low",
            "color": "#38A800",
            "temp_max": -6.5,
            "rh_min": 89,
            "wind_max": 14.7,
            "rain": 0.8
          },
          {
            "date": "2026-10-13",
            "fwi": 7.1,
            "risk_class": "moderate",
            "risk_label": "Moderate",
            "color": "#FFFF00",
            "temp_max": -11.5,
            "rh_min": 87,
            "wind_max": 13.4,
            "rain": 0
          },
          {
            "date": "2026-10-14",
            "fwi": 9.1,
            "risk_class": "moderate",
            "risk_label": "Moderate",
            "color": "#FFFF00",
            "temp_max": -10.5,
            "rh_min": 76,
            "wind_max": 18.9,
            "rain": 0
          }
        ],
        "fetched_at": "2026-10-10T05:45:11.539533+00:00"
      }
    }
  ]
}