{"type":"FeatureCollection","metadata":{"generated_at":"2026-10-03T06:23:44.337194+00:00","source":"NASA FIRMS (VIIRS NOAA-20/NOAA-21 + MODIS NRT)","api_url":"https://firms.modaps.eosdis.nasa.gov/api/","coverage":"Global","lookback_days":1,"total_hotspots":2537,"description":"Active fire hotspots detected by NASA satellite sensors. FRP = Fire Radiative Power in megawatts (MW). Higher FRP = more intense fire. Data latency: < 3 hours globally.","intensity_scale":{"low":"FRP < 10 MW","moderate":"FRP 10\u201350 MW","high":"FRP 50\u2013200 MW","extreme":"FRP > 200 MW"}},"features":[{"type":"Feature","geometry":{"type":"Point","coordinates":[-64.92306,48.18878]},"properties":{"source":"VIIRS (NOAA-20)","resolution_m":375,"frp":1.64,"intensity":"low","confidence":"n","acq_datetime":"2026-10-03 05:21Z","daynight":"Night"}},{"type":"Feature","geometry":{"type":"Point","coordinates":[-55.18243,5.72299]},"properties":{"source":"MODIS (Terra/Aqua)","resolution_m":1000,"frp":8.25,"intensity":"low","confidence":"25","acq_datetime":"2026-10-03 00:03Z","daynight":"Night"}},{"type":"Feature","geometry":{"type":"Point","coordinates":[-58.2299,5.83574]},"properties":{"source":"MODIS (Terra/Aqua)","resolution_m":1000,"frp":58.69,"intensity":"high","confidence":"100","acq_datetime":"2026-10-03 00:03Z","daynight":"Night"}},{"type":"Feature","geometry":{"type":"Point","coordinates":[-58.20986,5.83877]},"properties":{"source":"MODIS (Terra/Aqua)","resolution_m":1000,"frp":164.61,"intensity":"high","confidence":"100","acq_datetime":"2026-10-03 00:03Z","daynight":"Night"}},{"type":"Feature","geometry":{"type":"Point","coordinates":[-58.23196,5.8486]},"properties":{"source":"MODIS (Terra/Aqua)","resolution_m":1000,"frp":23.98,"intensity":"moderate","confidence":"77","acq_datetime":"2026-10-03 00:03Z","daynight":"Night"}},{"type":"Feature","geometry":{"type":"Point","coordinates":[-58.2118,5.85162]},"properties":{"source":"MODIS (Terra/Aqua)","resolution_m":1000,"frp":131.3,"intensity":"high","confidence":"100","acq_datetime":"2026-10-03 00:03Z","daynight":"Night"}},{"type":"Feature","geometry":{"type":"Point","coordinates":[-70.17963,11.7435]},"properties":{"source":"MODIS (Terra/Aqua)","resolution_m":1000,"frp":17.18,"intensity":"moderate","confidence":"53","acq_datetime":"2026-10-03 01:41Z","daynight":"Night"}},{"type":"Feature","geometry":{"type":"Point","coordinates":[-89.14816,32.20944]},"properties":{"source":"MODIS (Terra/Aqua)","resolution_m":1000,"frp":20.86,"intensity":"moderate","confidence":"79","acq_datetime":"2026-10-03 01:47Z","daynight":"Night"}},{"type":"Feature","geometry":{"type":"Point","coordinates":[-89.14471,32.21655]},"properties":{"source":"MODIS (Terra/Aqua)","resolution_m":1000,"frp":10.03,"intensity":"moderate","confidence":"58","acq_datetime":"2026-10-03 01:47Z","daynight":"Night"}},{"type":"Feature","geometry":{"type":"Point","coordinates":[-87.1484,41.6372]},"properties":{"source":"MODIS (Terra/Aqua)","resolution_m":1000,"frp":9.18,"intensity":"low","confidence":"62","acq_datetime":"2026-10-03 01:49Z","daynight":"Night"}},{"type":"Feature","geometry":{"type":"Point","coordinates":[-96.14872,18.50467]},"properties":{"source":"MODIS (Terra/Aqua)","resolution_m":1000,"frp":50.13,"intensity":"high","confidence":"89","acq_datetime":"2026-10-03 03:21Z","daynight":"Night"}},{"type":"Feature","geometry":{"type":"Point","coordinates":[-96.14387,18.51196]},"properties":{"source":"MODIS (Terra/Aqua)","resolution_m":1000,"frp":53.94,"intensity":"high","confidence":"91","acq_datetime":"2026-10-03 03:21Z","daynight":"Night"}},{"type":"Feature","geometry":{"type":"Point","coordinates":[-110.86535,33.41868]},"properties":{"source":"MODIS (Terra/Aqua)","resolution_m":1000,"frp":32.41,"intensity":"moderate","confidence":"100","acq_datetime":"2026-10-03 03:28Z","daynight":"Night"}},{"type":"Feature","geometry":{"type":"Point","coordinates":[-119.60866,37.62004]},"properties":{"source":"MODIS (Terra/Aqua)","resolution_m":1000,"frp":48.0,"intensity":"moderate","confidence":"48","acq_datetime":"2026-10-03 03:28Z","daynight":"Night"}},{"type":"Feature","geometry":{"type":"Point","coordinates":[-119.56959,37.62941]},"properties":{"source":"MODIS (Terra/Aqua)","resolution_m":1000,"frp":84.86,"intensity":"high","confidence":"88","acq_datetime":"2026-10-03 03:28Z","daynight":"Night"}},{"type":"Feature","geometry":{"type":"Point","coordinates":[-119.61508,37.63459]},"properties":{"source":"MODIS (Terra/Aqua)","resolution_m":1000,"frp":50.63,"intensity":"high","confidence":"57","acq_datetime":"2026-10-03 03:28Z","daynight":"Night"}},{"type":"Feature","geometry":{"type":"Point","coordinates":[-119.57716,37.64366]},"properties":{"source":"MODIS (Terra/Aqua)","resolution_m":1000,"frp":88.99,"intensity":"high","confidence":"90","acq_datetime":"2026-10-03 03:28Z","daynight":"Night"}},{"type":"Feature","geometry":{"type":"Point","coordinates":[-113.70768,42.21803]},"properties":{"source":"MODIS (Terra/Aqua)","resolution_m":1000,"frp":34.06,"intensity":"moderate","confidence":"100","acq_datetime":"2026-10-03 03:30Z","daynight":"Night"}},{"type":"Feature","geometry":{"type":"Point","coordinates":[-112.10443,46.50647]},"properties":{"source":"MODIS (Terra/Aqua)","resolution_m":1000,"frp":12.32,"intensity":"moderate","confidence":"78","acq_datetime":"2026-10-03 03:30Z","daynight":"Night"}},{"type":"Feature","geometry":{"type":"Point","coordinates":[-112.09174,46.50831]},"properties":{"source":"MODIS (Terra/Aqua)","resolution_m":1000,"frp":11.45,"intensity":"moderate","confidence":"76","acq_datetime":"2026-10-03 03:30Z","daynight":"Night"}},{"type":"Feature","geometry":{"type":"Point","coordinates":[-112.08624,46.55643]},"properties":{"source":"MODIS (Terra/Aqua)","resolution_m":1000,"frp":16.96,"intensity":"moderate","confidence":"92","acq_datetime":"2026-10-03 03:30Z","daynight":"Night"}},{"type":"Feature","geometry":{"type":"Point","coordinates":[-112.07362,46.55825]},"properties":{"source":"MODIS (Terra/Aqua)","resolution_m":1000,"frp":15.88,"intensity":"moderate","confidence":"90","acq_datetime":"2026-10-03 03:30Z","daynight":"Night"}},{"type":"Feature","geometry":{"type":"Point","coordinates":[-114.70392,47.45296]},"properties":{"source":"MODIS (Terra/Aqua)","resolution_m":1000,"frp":7.51,"intensity":"low","confidence":"30","acq_datetime":"2026-10-03 03:30Z","daynight":"Night"}},{"type":"Feature","geometry":{"type":"Point","coordinates":[-117.18627,56.50253]},"properties":{"source":"MODIS (Terra/Aqua)","resolution_m":1000,"frp":16.14,"intensity":"moderate","confidence":"83","acq_datetime":"2026-10-03 03:32Z","daynight":"Night"}},{"type":"Feature","geometry":{"type":"Point","coordinates":[-117.17052,56.50492]},"properties":{"source":"MODIS (Terra/Aqua)","resolution_m":1000,"frp":8.96,"intensity":"low","confidence":"29","acq_datetime":"2026-10-03 03:32Z","daynight":"Night"}},{"type":"Feature","geometry":{"type":"Point","coordinates":[-35.7276,-5.89516]},"properties":{"source":"VIIRS (NOAA-20)","resolution_m":375,"frp":1.37,"intensity":"low","confidence":"n","acq_datetime":"2026-10-03 03:53Z","daynight":"Night"}},{"type":"Feature","geometry":{"type":"Point","coordinates":[-38.95244,-5.82744]},"properties":{"source":"VIIRS (NOAA-20)","resolution_m":375,"frp":1.11,"intensity":"low","confidence":"n","acq_datetime":"2026-10-03 03:53Z","daynight":"Night"}},{"type":"Feature","geometry":{"type":"Point","coordinates":[-38.95184,-5.824]},"properties":{"source":"VIIRS (NOAA-20)","resolution_m":375,"frp":1.11,"intensity":"low","confidence":"n","acq_datetime":"2026-10-03 03:53Z","daynight":"Night"}},{"type":"Feature","geometry":{"type":"Point","coordinates":[-35.20727,-5.75576]},"properties":{"source":"VIIRS (NOAA-20)","resolution_m":375,"frp":1.42,"intensity":"low","confidence":"n","acq_datetime":"2026-10-03 03:53Z","daynight":"Night"}},{"type":"Feature","geometry":{"type":"Point","coordinates":[-43.36214,-5.27148]},"properties":{"source":"VIIRS (NOAA-20)","resolution_m":375,"frp":0.96,"intensity":"low","confidence":"n","acq_datetime":"2026-10-03 03:53Z","daynight":"Night"}},{"type":"Feature","geometry":{"type":"Point","coordinates":[-43.3666,-5.27072]},"properties":{"source":"VIIRS (NOAA-20)","resolution_m":375,"frp":0.96,"intensity":"low","confidence":"n","acq_datetime":"2026-10-03 03:53Z","daynight":"Night"}},{"type":"Feature","geometry":{"type":"Point","coordinates":[-39.74138,-5.18632]},"properties":{"source":"VIIRS (NOAA-20)","resolution_m":375,"frp":2.88,"intensity":"low","confidence":"n","acq_datetime":"2026-10-03 03:53Z","daynight":"Night"}},{"type":"Feature","geometry":{"type":"Point","coordinates":[-39.7397,-5.18457]},"properties":{"source":"VIIRS (NOAA-20)","resolution_m":375,"frp":3.01,"intensity":"low","confidence":"n","acq_datetime":"2026-10-03 03:53Z","daynight":"Night"}},{"type":"Feature","geometry":{"type":"Point","coordinates":[-37.71764,-5.07085]},"properties":{"source":"VIIRS (NOAA-20)","resolution_m":375,"frp":1.07,"intensity":"low","confidence":"n","acq_datetime":"2026-10-03 03:53Z","daynight":"Night"}},{"type":"Feature","geometry":{"type":"Point","coordinates":[-37.77452,-5.04122]},"properties":{"source":"VIIRS (NOAA-20)","resolution_m":375,"frp":0.85,"intensity":"low","confidence":"n","acq_datetime":"2026-10-03 03:53Z","daynight":"Night"}},{"type":"Feature","geometry":{"type":"Point","coordinates":[-45.64495,-4.98673]},"properties":{"source":"VIIRS (NOAA-20)","resolution_m":375,"frp":1.91,"intensity":"low","confidence":"n","acq_datetime":"2026-10-03 03:53Z","daynight":"Night"}},{"type":"Feature","geometry":{"type":"Point","coordinates":[-44.8872,-4.98423]},"properties":{"source":"VIIRS (NOAA-20)","resolution_m":375,"frp":1.39,"intensity":"low","confidence":"n","acq_datetime":"2026-10-03 03:53Z","daynight":"Night"}},{"type":"Feature","geometry":{"type":"Point","coordinates":[-45.71015,-4.90578]},"properties":{"source":"VIIRS (NOAA-20)","resolution_m":375,"frp":1.75,"intensity":"low","confidence":"n","acq_datetime":"2026-10-03 03:53Z","daynight":"Night"}},{"type":"Feature","geometry":{"type":"Point","coordinates":[-45.45425,-4.89043]},"properties":{"source":"VIIRS (NOAA-20)","resolution_m":375,"frp":0.89,"intensity":"low","confidence":"n","acq_datetime":"2026-10-03 03:53Z","daynight":"Night"}},{"type":"Feature","geometry":{"type":"Point","coordinates":[-45.45732,-4.8899]},"properties":{"source":"VIIRS (NOAA-20)","resolution_m":375,"frp":0.89,"intensity":"low","confidence":"n","acq_datetime":"2026-10-03 03:53Z","daynight":"Night"}},{"type":"Feature","geometry":{"type":"Point","coordinates":[-43.27346,-4.74059]},"properties":{"source":"VIIRS (NOAA-20)","resolution_m":375,"frp":3.93,"intensity":"low","confidence":"n","acq_datetime":"2026-10-03 03:53Z","daynight":"Night"}},{"type":"Feature","geometry":{"type":"Point","coordinates":[-43.26825,-4.73684]},"properties":{"source":"VIIRS (NOAA-20)","resolution_m":375,"frp":6.46,"intensity":"low","confidence":"n","acq_datetime":"2026-10-03 03:53Z","daynight":"Night"}},{"type":"Feature","geometry":{"type":"Point","coordinates":[-43.27275,-4.73607]},"properties":{"source":"VIIRS (NOAA-20)","resolution_m":375,"frp":3.93,"intensity":"low","confidence":"n","acq_datetime":"2026-10-03 03:53Z","daynight":"Night"}},{"type":"Feature","geometry":{"type":"Point","coordinates":[-43.26303,-4.73309]},"properties":{"source":"VIIRS (NOAA-20)","resolution_m":375,"frp":1.04,"intensity":"low","confidence":"n","acq_datetime":"2026-10-03 03:53Z","daynight":"Night"}},{"type":"Feature","geometry":{"type":"Point","coordinates":[-43.26754,-4.73232]},"properties":{"source":"VIIRS (NOAA-20)","resolution_m":375,"frp":1.04,"intensity":"low","confidence":"n","acq_datetime":"2026-10-03 03:53Z","daynight":"Night"}},{"type":"Feature","geometry":{"type":"Point","coordinates":[-43.27205,-4.73155]},"properties":{"source":"VIIRS (NOAA-20)","resolution_m":375,"frp":1.75,"intensity":"low","confidence":"n","acq_datetime":"2026-10-03 03:53Z","daynight":"Night"}},{"type":"Feature","geometry":{"type":"Point","coordinates":[-40.56226,-4.66308]},"properties":{"source":"VIIRS (NOAA-20)","resolution_m":375,"frp":0.8,"intensity":"low","confidence":"n","acq_datetime":"2026-10-03 03:53Z","daynight":"Night"}},{"type":"Feature","geometry":{"type":"Point","coordinates":[-46.5871,-4.56939]},"properties":{"source":"VIIRS (NOAA-20)","resolution_m":375,"frp":7.07,"intensity":"low","confidence":"h","acq_datetime":"2026-10-03 03:53Z","daynight":"Night"}},{"type":"Feature","geometry":{"type":"Point","coordinates":[-46.59104,-4.56872]},"properties":{"source":"VIIRS (NOAA-20)","resolution_m":375,"frp":7.07,"intensity":"low","confidence":"n","acq_datetime":"2026-10-03 03:53Z","daynight":"Night"}},{"type":"Feature","geometry":{"type":"Point","coordinates":[-46.58319,-4.56699]},"properties":{"source":"VIIRS (NOAA-20)","resolution_m":375,"frp":5.87,"intensity":"low","confidence":"n","acq_datetime":"2026-10-03 03:53Z","daynight":"Night"}},{"type":"Feature","geometry":{"type":"Point","coordinates":[-46.58696,-4.56633]},"properties":{"source":"VIIRS (NOAA-20)","resolution_m":375,"frp":9.32,"intensity":"low","confidence":"h","acq_datetime":"2026-10-03 03:53Z","daynight":"Night"}},{"type":"Feature","geometry":{"type":"Point","coordinates":[-46.59085,-4.56563]},"properties":{"source":"VIIRS (NOAA-20)","resolution_m":375,"frp":9.32,"intensity":"low","confidence":"n","acq_datetime":"2026-10-03 03:53Z","daynight":"Night"}},{"type":"Feature","geometry":{"type":"Point","coordinates":[-46.58672,-4.56363]},"properties":{"source":"VIIRS (NOAA-20)","resolution_m":375,"frp":2.03,"intensity":"low","confidence":"n","acq_datetime":"2026-10-03 03:53Z","daynight":"Night"}},{"type":"Feature","geometry":{"type":"Point","coordinates":[-46.59057,-4.56298]},"properties":{"source":"VIIRS (NOAA-20)","resolution_m":375,"frp":2.03,"intensity":"low","confidence":"n","acq_datetime":"2026-10-03 03:53Z","daynight":"Night"}},{"type":"Feature","geometry":{"type":"Point","coordinates":[-38.919,-4.46052]},"properties":{"source":"VIIRS (NOAA-20)","resolution_m":375,"frp":1.12,"intensity":"low","confidence":"n","acq_datetime":"2026-10-03 03:53Z","daynight":"Night"}},{"type":"Feature","geometry":{"type":"Point","coordinates":[-47.92797,-4.45415]},"properties":{"source":"VIIRS (NOAA-20)","resolution_m":375,"frp":7.13,"intensity":"low","confidence":"n","acq_datetime":"2026-10-03 03:53Z","daynight":"Night"}},{"type":"Feature","geometry":{"type":"Point","coordinates":[-47.93277,-4.45333]},"properties":{"source":"VIIRS (NOAA-20)","resolution_m":375,"frp":7.13,"intensity":"low","confidence":"n","acq_datetime":"2026-10-03 03:53Z","daynight":"Night"}},{"type":"Feature","geometry":{"type":"Point","coordinates":[-47.92704,-4.45317]},"properties":{"source":"VIIRS (NOAA-20)","resolution_m":375,"frp":20.26,"intensity":"moderate","confidence":"n","acq_datetime":"2026-10-03 03:53Z","daynight":"Night"}},{"type":"Feature","geometry":{"type":"Point","coordinates":[-47.93182,-4.45231]},"properties":{"source":"VIIRS (NOAA-20)","resolution_m":375,"frp":15.81,"intensity":"moderate","confidence":"n","acq_datetime":"2026-10-03 03:53Z","daynight":"Night"}},{"type":"Feature","geometry":{"type":"Point","coordinates":[-47.92682,-4.44799]},"properties":{"source":"VIIRS (NOAA-20)","resolution_m":375,"frp":7.13,"intensity":"low","confidence":"n","acq_datetime":"2026-10-03 03:53Z","daynight":"Night"}},{"type":"Feature","geometry":{"type":"Point","coordinates":[-47.93163,-4.44717]},"properties":{"source":"VIIRS (NOAA-20)","resolution_m":375,"frp":7.13,"intensity":"low","confidence":"n","acq_datetime":"2026-10-03 03:53Z","daynight":"Night"}},{"type":"Feature","geometry":{"type":"Point","coordinates":[-47.92589,-4.44701]},"properties":{"source":"VIIRS (NOAA-20)","resolution_m":375,"frp":1.49,"intensity":"low","confidence":"n","acq_datetime":"2026-10-03 03:53Z","daynight":"Night"}},{"type":"Feature","geometry":{"type":"Point","coordinates":[-47.93069,-4.44615]},"properties":{"source":"VIIRS (NOAA-20)","resolution_m":375,"frp":1.21,"intensity":"low","confidence":"n","acq_datetime":"2026-10-03 03:53Z","daynight":"Night"}},{"type":"Feature","geometry":{"type":"Point","coordinates":[-43.83595,-4.36404]},"properties":{"source":"VIIRS (NOAA-20)","resolution_m":375,"frp":2.34,"intensity":"low","confidence":"n","acq_datetime":"2026-10-03 03:53Z","daynight":"Night"}},{"type":"Feature","geometry":{"type":"Point","coordinates":[-47.77425,-4.36075]},"properties":{"source":"VIIRS (NOAA-20)","resolution_m":375,"frp":8.25,"intensity":"low","confidence":"n","acq_datetime":"2026-10-03 03:53Z","daynight":"Night"}},{"type":"Feature","geometry":{"type":"Point","coordinates":[-47.7756,-4.36049]},"properties":{"source":"VIIRS (NOAA-20)","resolution_m":375,"frp":4.75,"intensity":"low","confidence":"n","acq_datetime":"2026-10-03 03:53Z","daynight":"Night"}},{"type":"Feature","geometry":{"type":"Point","coordinates":[-47.77886,-4.35992]},"properties":{"source":"VIIRS (NOAA-20)","resolution_m":375,"frp":8.25,"intensity":"low","confidence":"h","acq_datetime":"2026-10-03 03:53Z","daynight":"Night"}},{"type":"Feature","geometry":{"type":"Point","coordinates":[-47.7802,-4.3597]},"properties":{"source":"VIIRS (NOAA-20)","resolution_m":375,"frp":4.75,"intensity":"low","confidence":"h","acq_datetime":"2026-10-03 03:53Z","daynight":"Night"}},{"type":"Feature","geometry":{"type":"Point","coordinates":[-47.78339,-4.35911]},"properties":{"source":"VIIRS (NOAA-20)","resolution_m":375,"frp":8.66,"intensity":"low","confidence":"n","acq_datetime":"2026-10-03 03:53Z","daynight":"Night"}},{"type":"Feature","geometry":{"type":"Point","coordinates":[-47.77441,-4.35439]},"properties":{"source":"VIIRS (NOAA-20)","resolution_m":375,"frp":4.75,"intensity":"low","confidence":"n","acq_datetime":"2026-10-03 03:53Z","daynight":"Night"}},{"type":"Feature","geometry":{"type":"Point","coordinates":[-47.77771,-4.35381]},"properties":{"source":"VIIRS (NOAA-20)","resolution_m":375,"frp":2.56,"intensity":"low","confidence":"n","acq_datetime":"2026-10-03 03:53Z","daynight":"Night"}},{"type":"Feature","geometry":{"type":"Point","coordinates":[-47.77905,-4.35359]},"properties":{"source":"VIIRS (NOAA-20)","resolution_m":375,"frp":4.75,"intensity":"low","confidence":"n","acq_datetime":"2026-10-03 03:53Z","daynight":"Night"}},{"type":"Feature","geometry":{"type":"Point","coordinates":[-40.32311,-4.19016]},"properties":{"source":"VIIRS (NOAA-20)","resolution_m":375,"frp":0.63,"intensity":"low","confidence":"n","acq_datetime":"2026-10-03 03:53Z","daynight":"Night"}},{"type":"Feature","geometry":{"type":"Point","coordinates":[-45.94712,-3.74962]},"properties":{"source":"VIIRS (NOAA-20)","resolution_m":375,"frp":1.71,"intensity":"low","confidence":"n","acq_datetime":"2026-10-03 03:53Z","daynight":"Night"}},{"type":"Feature","geometry":{"type":"Point","coordinates":[-39.57976,-3.69252]},"properties":{"source":"VIIRS (NOAA-20)","resolution_m":375,"frp":3.34,"intensity":"low","confidence":"n","acq_datetime":"2026-10-03 03:53Z","daynight":"Night"}},{"type":"Feature","geometry":{"type":"Point","coordinates":[-39.57771,-3.69218]},"properties":{"source":"VIIRS (NOAA-20)","resolution_m":375,"frp":3.42,"intensity":"low","confidence":"n","acq_datetime":"2026-10-03 03:53Z","daynight":"Night"}},{"type":"Feature","geometry":{"type":"Point","coordinates":[-38.85829,-3.59334]},"properties":{"source":"VIIRS (NOAA-20)","resolution_m":375,"frp":1.16,"intensity":"low","confidence":"n","acq_datetime":"2026-10-03 03:53Z","daynight":"Night"}},{"type":"Feature","geometry":{"type":"Point","coordinates":[-38.8622,-3.59271]},"properties":{"source":"VIIRS (NOAA-20)","resolution_m":375,"frp":1.16,"intensity":"low","confidence":"n","acq_datetime":"2026-10-03 03:53Z","daynight":"Night"}},{"type":"Feature","geometry":{"type":"Point","coordinates":[-38.85852,-3.58906]},"properties":{"source":"VIIRS (NOAA-20)","resolution_m":375,"frp":0.82,"intensity":"low","confidence":"n","acq_datetime":"2026-10-03 03:53Z","daynight":"Night"}},{"type":"Feature","geometry":{"type":"Point","coordinates":[-38.86243,-3.58844]},"properties":{"source":"VIIRS (NOAA-20)","resolution_m":375,"frp":0.82,"intensity":"low","confidence":"n","acq_datetime":"2026-10-03 03:53Z","daynight":"Night"}},{"type":"Feature","geometry":{"type":"Point","coordinates":[-38.85717,-3.58633]},"properties":{"source":"VIIRS (NOAA-20)","resolution_m":375,"frp":1.75,"intensity":"low","confidence":"n","acq_datetime":"2026-10-03 03:53Z","daynight":"Night"}},{"type":"Feature","geometry":{"type":"Point","coordinates":[-38.86108,-3.58569]},"properties":{"source":"VIIRS (NOAA-20)","resolution_m":375,"frp":1.75,"intensity":"low","confidence":"n","acq_datetime":"2026-10-03 03:53Z","daynight":"Night"}},{"type":"Feature","geometry":{"type":"Point","coordinates":[-38.85796,-3.58556]},"properties":{"source":"VIIRS (NOAA-20)","resolution_m":375,"frp":0.82,"intensity":"low","confidence":"n","acq_datetime":"2026-10-03 03:53Z","daynight":"Night"}},{"type":"Feature","geometry":{"type":"Point","coordinates":[-38.86188,-3.58494]},"properties":{"source":"VIIRS (NOAA-20)","resolution_m":375,"frp":0.82,"intensity":"low","confidence":"n","acq_datetime":"2026-10-03 03:53Z","daynight":"Night"}},{"type":"Feature","geometry":{"type":"Point","coordinates":[-38.8574,-3.58205]},"properties":{"source":"VIIRS (NOAA-20)","resolution_m":375,"frp":2.46,"intensity":"low","confidence":"n","acq_datetime":"2026-10-03 03:53Z","daynight":"Night"}},{"type":"Feature","geometry":{"type":"Point","coordinates":[-43.38044,-3.35392]},"properties":{"source":"VIIRS (NOAA-20)","resolution_m":375,"frp":2.31,"intensity":"low","confidence":"n","acq_datetime":"2026-10-03 03:53Z","daynight":"Night"}},{"type":"Feature","geometry":{"type":"Point","coordinates":[-43.38531,-3.35312]},"properties":{"source":"VIIRS (NOAA-20)","resolution_m":375,"frp":2.31,"intensity":"low","confidence":"n","acq_datetime":"2026-10-03 03:53Z","daynight":"Night"}},{"type":"Feature","geometry":{"type":"Point","coordinates":[-43.39019,-3.35232]},"properties":{"source":"VIIRS (NOAA-20)","resolution_m":375,"frp":1.71,"intensity":"low","confidence":"n","acq_datetime":"2026-10-03 03:53Z","daynight":"Night"}},{"type":"Feature","geometry":{"type":"Point","coordinates":[-43.38454,-3.34847]},"properties":{"source":"VIIRS (NOAA-20)","resolution_m":375,"frp":2.31,"intensity":"low","confidence":"n","acq_datetime":"2026-10-03 03:53Z","daynight":"Night"}},{"type":"Feature","geometry":{"type":"Point","coordinates":[-41.14162,-3.01169]},"properties":{"source":"VIIRS (NOAA-20)","resolution_m":375,"frp":3.38,"intensity":"low","confidence":"n","acq_datetime":"2026-10-03 03:53Z","daynight":"Night"}},{"type":"Feature","geometry":{"type":"Point","coordinates":[-45.40924,-2.8893]},"properties":{"source":"VIIRS (NOAA-20)","resolution_m":375,"frp":1.41,"intensity":"low","confidence":"n","acq_datetime":"2026-10-03 03:53Z","daynight":"Night"}},{"type":"Feature","geometry":{"type":"Point","coordinates":[-45.41264,-2.88873]},"properties":{"source":"VIIRS (NOAA-20)","resolution_m":375,"frp":1.41,"intensity":"low","confidence":"n","acq_datetime":"2026-10-03 03:53Z","daynight":"Night"}},{"type":"Feature","geometry":{"type":"Point","coordinates":[-48.53035,-2.49063]},"properties":{"source":"VIIRS (NOAA-20)","resolution_m":375,"frp":3.47,"intensity":"low","confidence":"n","acq_datetime":"2026-10-03 03:53Z","daynight":"Night"}},{"type":"Feature","geometry":{"type":"Point","coordinates":[-49.77681,-2.17413]},"properties":{"source":"VIIRS (NOAA-20)","resolution_m":375,"frp":2.34,"intensity":"low","confidence":"n","acq_datetime":"2026-10-03 03:53Z","daynight":"Night"}},{"type":"Feature","geometry":{"type":"Point","coordinates":[-49.76845,-2.16821]},"properties":{"source":"VIIRS (NOAA-20)","resolution_m":375,"frp":1.04,"intensity":"low","confidence":"n","acq_datetime":"2026-10-03 03:53Z","daynight":"Night"}},{"type":"Feature","geometry":{"type":"Point","coordinates":[-48.2086,-1.68549]},"properties":{"source":"VIIRS (NOAA-20)","resolution_m":375,"frp":2.74,"intensity":"low","confidence":"n","acq_datetime":"2026-10-03 03:53Z","daynight":"Night"}},{"type":"Feature","geometry":{"type":"Point","coordinates":[-47.5149,-1.53194]},"properties":{"source":"VIIRS (NOAA-20)","resolution_m":375,"frp":1.67,"intensity":"low","confidence":"n","acq_datetime":"2026-10-03 03:53Z","daynight":"Night"}},{"type":"Feature","geometry":{"type":"Point","coordinates":[-47.59139,-1.32831]},"properties":{"source":"VIIRS (NOAA-20)","resolution_m":375,"frp":2.24,"intensity":"low","confidence":"n","acq_datetime":"2026-10-03 03:53Z","daynight":"Night"}},{"type":"Feature","geometry":{"type":"Point","coordinates":[-41.32495,-13.44889]},"properties":{"source":"VIIRS (NOAA-20)","resolution_m":375,"frp":1.15,"intensity":"low","confidence":"n","acq_datetime":"2026-10-03 03:55Z","daynight":"Night"}},{"type":"Feature","geometry":{"type":"Point","coordinates":[-41.34385,-13.38418]},"properties":{"source":"VIIRS (NOAA-20)","resolution_m":375,"frp":1.53,"intensity":"low","confidence":"n","acq_datetime":"2026-10-03 03:55Z","daynight":"Night"}},{"type":"Feature","geometry":{"type":"Point","coordinates":[-41.34799,-13.38349]},"properties":{"source":"VIIRS (NOAA-20)","resolution_m":375,"frp":2.12,"intensity":"low","confidence":"n","acq_datetime":"2026-10-03 03:55Z","daynight":"Night"}},{"type":"Feature","geometry":{"type":"Point","coordinates":[-41.17082,-12.97799]},"properties":{"source":"VIIRS (NOAA-20)","resolution_m":375,"frp":0.46,"intensity":"low","confidence":"n","acq_datetime":"2026-10-03 03:55Z","daynight":"Night"}},{"type":"Feature","geometry":{"type":"Point","coordinates":[-41.17488,-12.97731]},"properties":{"source":"VIIRS (NOAA-20)","resolution_m":375,"frp":3.25,"intensity":"low","confidence":"n","acq_datetime":"2026-10-03 03:55Z","daynight":"Night"}},{"type":"Feature","geometry":{"type":"Point","coordinates":[-41.17894,-12.97663]},"properties":{"source":"VIIRS (NOAA-20)","resolution_m":375,"frp":3.25,"intensity":"low","confidence":"n","acq_datetime":"2026-10-03 03:55Z","daynight":"Night"}},{"type":"Feature","geometry":{"type":"Point","coordinates":[-41.17425,-12.97379]},"properties":{"source":"VIIRS (NOAA-20)","resolution_m":375,"frp":1.21,"intensity":"low","confidence":"n","acq_datetime":"2026-10-03 03:55Z","daynight":"Night"}},{"type":"Feature","geometry":{"type":"Point","coordinates":[-41.17831,-12.97311]},"properties":{"source":"VIIRS (NOAA-20)","resolution_m":375,"frp":1.21,"intensity":"low","confidence":"n","acq_datetime":"2026-10-03 03:55Z","daynight":"Night"}},{"type":"Feature","geometry":{"type":"Point","coordinates":[-41.19326,-12.96335]},"properties":{"source":"VIIRS (NOAA-20)","resolution_m":375,"frp":3.15,"intensity":"low","confidence":"n","acq_datetime":"2026-10-03 03:55Z","daynight":"Night"}},{"type":"Feature","geometry":{"type":"Point","coordinates":[-41.19733,-12.96267]},"properties":{"source":"VIIRS (NOAA-20)","resolution_m":375,"frp":7.18,"intensity":"low","confidence":"n","acq_datetime":"2026-10-03 03:55Z","daynight":"Night"}},{"type":"Feature","geometry":{"type":"Point","coordinates":[-41.19262,-12.95983]},"properties":{"source":"VIIRS (NOAA-20)","resolution_m":375,"frp":3.15,"intensity":"low","confidence":"n","acq_datetime":"2026-10-03 03:55Z","daynight":"Night"}},{"type":"Feature","geometry":{"type":"Point","coordinates":[-41.19669,-12.95914]},"properties":{"source":"VIIRS (NOAA-20)","resolution_m":375,"frp":7.18,"intensity":"low","confidence":"n","acq_datetime":"2026-10-03 03:55Z","daynight":"Night"}},{"type":"Feature","geometry":{"type":"Point","coordinates":[-44.71852,-12.86744]},"properties":{"source":"VIIRS (NOAA-20)","resolution_m":375,"frp":13.63,"intensity":"moderate","confidence":"n","acq_datetime":"2026-10-03 03:55Z","daynight":"Night"}},{"type":"Feature","geometry":{"type":"Point","coordinates":[-44.71344,-12.86389]},"properties":{"source":"VIIRS (NOAA-20)","resolution_m":375,"frp":13.63,"intensity":"moderate","confidence":"n","acq_datetime":"2026-10-03 03:55Z","daynight":"Night"}},{"type":"Feature","geometry":{"type":"Point","coordinates":[-44.71768,-12.86311]},"properties":{"source":"VIIRS (NOAA-20)","resolution_m":375,"frp":13.63,"intensity":"moderate","confidence":"n","acq_datetime":"2026-10-03 03:55Z","daynight":"Night"}},{"type":"Feature","geometry":{"type":"Point","coordinates":[-44.69565,-12.86266]},"properties":{"source":"VIIRS (NOAA-20)","resolution_m":375,"frp":7.19,"intensity":"low","confidence":"n","acq_datetime":"2026-10-03 03:55Z","daynight":"Night"}},{"type":"Feature","geometry":{"type":"Point","coordinates":[-44.71258,-12.85957]},"properties":{"source":"VIIRS (NOAA-20)","resolution_m":375,"frp":0.64,"intensity":"low","confidence":"n","acq_datetime":"2026-10-03 03:55Z","daynight":"Night"}},{"type":"Feature","geometry":{"type":"Point","coordinates":[-44.69061,-12.85911]},"properties":{"source":"VIIRS (NOAA-20)","resolution_m":375,"frp":12.33,"intensity":"moderate","confidence":"n","acq_datetime":"2026-10-03 03:55Z","daynight":"Night"}},{"type":"Feature","geometry":{"type":"Point","coordinates":[-44.69479,-12.85835]},"properties":{"source":"VIIRS (NOAA-20)","resolution_m":375,"frp":7.19,"intensity":"low","confidence":"n","acq_datetime":"2026-10-03 03:55Z","daynight":"Night"}},{"type":"Feature","geometry":{"type":"Point","coordinates":[-44.68555,-12.85557]},"properties":{"source":"VIIRS (NOAA-20)","resolution_m":375,"frp":18.44,"intensity":"moderate","confidence":"n","acq_datetime":"2026-10-03 03:55Z","daynight":"Night"}},{"type":"Feature","geometry":{"type":"Point","coordinates":[-44.68975,-12.8548]},"properties":{"source":"VIIRS (NOAA-20)","resolution_m":375,"frp":18.44,"intensity":"moderate","confidence":"n","acq_datetime":"2026-10-03 03:55Z","daynight":"Night"}},{"type":"Feature","geometry":{"type":"Point","coordinates":[-44.69392,-12.85404]},"properties":{"source":"VIIRS (NOAA-20)","resolution_m":375,"frp":2.14,"intensity":"low","confidence":"n","acq_datetime":"2026-10-03 03:55Z","daynight":"Night"}},{"type":"Feature","geometry":{"type":"Point","coordinates":[-44.68468,-12.85126]},"properties":{"source":"VIIRS (NOAA-20)","resolution_m":375,"frp":18.44,"intensity":"moderate","confidence":"n","acq_datetime":"2026-10-03 03:55Z","daynight":"Night"}},{"type":"Feature","geometry":{"type":"Point","coordinates":[-44.68889,-12.85049]},"properties":{"source":"VIIRS (NOAA-20)","resolution_m":375,"frp":18.44,"intensity":"moderate","confidence":"n","acq_datetime":"2026-10-03 03:55Z","daynight":"Night"}},{"type":"Feature","geometry":{"type":"Point","coordinates":[-38.57185,-12.71151]},"properties":{"source":"VIIRS (NOAA-20)","resolution_m":375,"frp":2.28,"intensity":"low","confidence":"n","acq_datetime":"2026-10-03 03:55Z","daynight":"Night"}},{"type":"Feature","geometry":{"type":"Point","coordinates":[-43.07933,-12.53634]},"properties":{"source":"VIIRS (NOAA-20)","resolution_m":375,"frp":5.64,"intensity":"low","confidence":"n","acq_datetime":"2026-10-03 03:55Z","daynight":"Night"}},{"type":"Feature","geometry":{"type":"Point","coordinates":[-38.34335,-12.39781]},"properties":{"source":"VIIRS (NOAA-20)","resolution_m":375,"frp":2.01,"intensity":"low","confidence":"n","acq_datetime":"2026-10-03 03:55Z","daynight":"Night"}},{"type":"Feature","geometry":{"type":"Point","coordinates":[-41.27785,-11.84641]},"properties":{"source":"VIIRS (NOAA-20)","resolution_m":375,"frp":1.67,"intensity":"low","confidence":"n","acq_datetime":"2026-10-03 03:55Z","daynight":"Night"}},{"type":"Feature","geometry":{"type":"Point","coordinates":[-41.27723,-11.84282]},"properties":{"source":"VIIRS (NOAA-20)","resolution_m":375,"frp":1.67,"intensity":"low","confidence":"n","acq_datetime":"2026-10-03 03:55Z","daynight":"Night"}},{"type":"Feature","geometry":{"type":"Point","coordinates":[-43.56544,-11.83221]},"properties":{"source":"VIIRS (NOAA-20)","resolution_m":375,"frp":3.87,"intensity":"low","confidence":"n","acq_datetime":"2026-10-03 03:55Z","daynight":"Night"}},{"type":"Feature","geometry":{"type":"Point","coordinates":[-43.56857,-11.82743]},"properties":{"source":"VIIRS (NOAA-20)","resolution_m":375,"frp":3.9,"intensity":"low","confidence":"n","acq_datetime":"2026-10-03 03:55Z","daynight":"Night"}},{"type":"Feature","geometry":{"type":"Point","coordinates":[-43.55103,-11.8145]},"properties":{"source":"VIIRS (NOAA-20)","resolution_m":375,"frp":6.23,"intensity":"low","confidence":"n","acq_datetime":"2026-10-03 03:55Z","daynight":"Night"}},{"type":"Feature","geometry":{"type":"Point","coordinates":[-43.53423,-11.80479]},"properties":{"source":"VIIRS (NOAA-20)","resolution_m":375,"frp":8.39,"intensity":"low","confidence":"n","acq_datetime":"2026-10-03 03:55Z","daynight":"Night"}},{"type":"Feature","geometry":{"type":"Point","coordinates":[-43.56646,-11.79914]},"properties":{"source":"VIIRS (NOAA-20)","resolution_m":375,"frp":5.51,"intensity":"low","confidence":"n","acq_datetime":"2026-10-03 03:55Z","daynight":"Night"}},{"type":"Feature","geometry":{"type":"Point","coordinates":[-43.54005,-11.79535]},"properties":{"source":"VIIRS (NOAA-20)","resolution_m":375,"frp":4.32,"intensity":"low","confidence":"n","acq_datetime":"2026-10-03 03:55Z","daynight":"Night"}},{"type":"Feature","geometry":{"type":"Point","coordinates":[-43.58463,-11.79174]},"properties":{"source":"VIIRS (NOAA-20)","resolution_m":375,"frp":3.69,"intensity":"low","confidence":"n","acq_datetime":"2026-10-03 03:55Z","daynight":"Night"}},{"type":"Feature","geometry":{"type":"Point","coordinates":[-43.54299,-11.79062]},"properties":{"source":"VIIRS (NOAA-20)","resolution_m":375,"frp":3.19,"intensity":"low","confidence":"n","acq_datetime":"2026-10-03 03:55Z","daynight":"Night"}},{"type":"Feature","geometry":{"type":"Point","coordinates":[-43.63081,-11.70728]},"properties":{"source":"VIIRS (NOAA-20)","resolution_m":375,"frp":5.11,"intensity":"low","confidence":"n","acq_datetime":"2026-10-03 03:55Z","daynight":"Night"}},{"type":"Feature","geometry":{"type":"Point","coordinates":[-43.63461,-11.70659]},"properties":{"source":"VIIRS (NOAA-20)","resolution_m":375,"frp":4.11,"intensity":"low","confidence":"n","acq_datetime":"2026-10-03 03:55Z","daynight":"Night"}},{"type":"Feature","geometry":{"type":"Point","coordinates":[-42.41153,-11.64924]},"properties":{"source":"VIIRS (NOAA-20)","resolution_m":375,"frp":3.63,"intensity":"low","confidence":"n","acq_datetime":"2026-10-03 03:55Z","daynight":"Night"}},{"type":"Feature","geometry":{"type":"Point","coordinates":[-43.41278,-11.48746]},"properties":{"source":"VIIRS (NOAA-20)","resolution_m":375,"frp":2.07,"intensity":"low","confidence":"n","acq_datetime":"2026-10-03 03:55Z","daynight":"Night"}},{"type":"Feature","geometry":{"type":"Point","coordinates":[-43.41204,-11.48339]},"properties":{"source":"VIIRS (NOAA-20)","resolution_m":375,"frp":2.07,"intensity":"low","confidence":"n","acq_datetime":"2026-10-03 03:55Z","daynight":"Night"}},{"type":"Feature","geometry":{"type":"Point","coordinates":[-40.87365,-11.48272]},"properties":{"source":"VIIRS (NOAA-20)","resolution_m":375,"frp":1.76,"intensity":"low","confidence":"n","acq_datetime":"2026-10-03 03:55Z","daynight":"Night"}},{"type":"Feature","geometry":{"type":"Point","coordinates":[-43.40396,-11.48061]},"properties":{"source":"VIIRS (NOAA-20)","resolution_m":375,"frp":2.02,"intensity":"low","confidence":"n","acq_datetime":"2026-10-03 03:55Z","daynight":"Night"}},{"type":"Feature","geometry":{"type":"Point","coordinates":[-43.40763,-11.47996]},"properties":{"source":"VIIRS (NOAA-20)","resolution_m":375,"frp":2.02,"intensity":"low","confidence":"n","acq_datetime":"2026-10-03 03:55Z","daynight":"Night"}},{"type":"Feature","geometry":{"type":"Point","coordinates":[-43.40322,-11.47654]},"properties":{"source":"VIIRS (NOAA-20)","resolution_m":375,"frp":2.02,"intensity":"low","confidence":"n","acq_datetime":"2026-10-03 03:55Z","daynight":"Night"}},{"type":"Feature","geometry":{"type":"Point","coordinates":[-43.4017,-11.46841]},"properties":{"source":"VIIRS (NOAA-20)","resolution_m":375,"frp":3.18,"intensity":"low","confidence":"n","acq_datetime":"2026-10-03 03:55Z","daynight":"Night"}},{"type":"Feature","geometry":{"type":"Point","coordinates":[-43.39726,-11.46499]},"properties":{"source":"VIIRS (NOAA-20)","resolution_m":375,"frp":2.96,"intensity":"low","confidence":"n","acq_datetime":"2026-10-03 03:55Z","daynight":"Night"}},{"type":"Feature","geometry":{"type":"Point","coordinates":[-43.39869,-11.45214]},"properties":{"source":"VIIRS (NOAA-20)","resolution_m":375,"frp":4.02,"intensity":"low","confidence":"n","acq_datetime":"2026-10-03 03:55Z","daynight":"Night"}},{"type":"Feature","geometry":{"type":"Point","coordinates":[-43.38916,-11.44125]},"properties":{"source":"VIIRS (NOAA-20)","resolution_m":375,"frp":3.83,"intensity":"low","confidence":"n","acq_datetime":"2026-10-03 03:55Z","daynight":"Night"}},{"type":"Feature","geometry":{"type":"Point","coordinates":[-43.39281,-11.44059]},"properties":{"source":"VIIRS (NOAA-20)","resolution_m":375,"frp":3.83,"intensity":"low","confidence":"n","acq_datetime":"2026-10-03 03:55Z","daynight":"Night"}},{"type":"Feature","geometry":{"type":"Point","coordinates":[-43.83886,-10.89963]},"properties":{"source":"VIIRS (NOAA-20)","resolution_m":375,"frp":1.38,"intensity":"low","confidence":"n","acq_datetime":"2026-10-03 03:55Z","daynight":"Night"}},{"type":"Feature","geometry":{"type":"Point","coordinates":[-36.86953,-10.56777]},"properties":{"source":"VIIRS (NOAA-20)","resolution_m":375,"frp":0.55,"intensity":"low","confidence":"n","acq_datetime":"2026-10-03 03:55Z","daynight":"Night"}},{"type":"Feature","geometry":{"type":"Point","coordinates":[-39.87159,-10.3679]},"properties":{"source":"VIIRS (NOAA-20)","resolution_m":375,"frp":5.3,"intensity":"low","confidence":"n","acq_datetime":"2026-10-03 03:55Z","daynight":"Night"}},{"type":"Feature","geometry":{"type":"Point","coordinates":[-39.49594,-10.36636]},"properties":{"source":"VIIRS (NOAA-20)","resolution_m":375,"frp":1.13,"intensity":"low","confidence":"n","acq_datetime":"2026-10-03 03:55Z","daynight":"Night"}},{"type":"Feature","geometry":{"type":"Point","coordinates":[-39.49962,-10.36576]},"properties":{"source":"VIIRS (NOAA-20)","resolution_m":375,"frp":1.13,"intensity":"low","confidence":"n","acq_datetime":"2026-10-03 03:55Z","daynight":"Night"}},{"type":"Feature","geometry":{"type":"Point","coordinates":[-39.49537,-10.36298]},"properties":{"source":"VIIRS (NOAA-20)","resolution_m":375,"frp":1.13,"intensity":"low","confidence":"n","acq_datetime":"2026-10-03 03:55Z","daynight":"Night"}},{"type":"Feature","geometry":{"type":"Point","coordinates":[-39.49905,-10.36237]},"properties":{"source":"VIIRS (NOAA-20)","resolution_m":375,"frp":1.13,"intensity":"low","confidence":"n","acq_datetime":"2026-10-03 03:55Z","daynight":"Night"}},{"type":"Feature","geometry":{"type":"Point","coordinates":[-36.78118,-10.28297]},"properties":{"source":"VIIRS (NOAA-20)","resolution_m":375,"frp":0.66,"intensity":"low","confidence":"n","acq_datetime":"2026-10-03 03:55Z","daynight":"Night"}},{"type":"Feature","geometry":{"type":"Point","coordinates":[-36.5626,-10.2221]},"properties":{"source":"VIIRS (NOAA-20)","resolution_m":375,"frp":1.6,"intensity":"low","confidence":"n","acq_datetime":"2026-10-03 03:55Z","daynight":"Night"}},{"type":"Feature","geometry":{"type":"Point","coordinates":[-36.10373,-9.72925]},"properties":{"source":"VIIRS (NOAA-20)","resolution_m":375,"frp":51.51,"intensity":"high","confidence":"n","acq_datetime":"2026-10-03 03:55Z","daynight":"Night"}},{"type":"Feature","geometry":{"type":"Point","coordinates":[-36.1074,-9.72868]},"properties":{"source":"VIIRS (NOAA-20)","resolution_m":375,"frp":51.51,"intensity":"high","confidence":"n","acq_datetime":"2026-10-03 03:55Z","daynight":"Night"}},{"type":"Feature","geometry":{"type":"Point","coordinates":[-36.11106,-9.72812]},"properties":{"source":"VIIRS (NOAA-20)","resolution_m":375,"frp":32.56,"intensity":"moderate","confidence":"n","acq_datetime":"2026-10-03 03:55Z","daynight":"Night"}},{"type":"Feature","geometry":{"type":"Point","coordinates":[-36.10687,-9.7253]},"properties":{"source":"VIIRS (NOAA-20)","resolution_m":375,"frp":51.51,"intensity":"high","confidence":"n","acq_datetime":"2026-10-03 03:55Z","daynight":"Night"}},{"type":"Feature","geometry":{"type":"Point","coordinates":[-36.11054,-9.72473]},"properties":{"source":"VIIRS (NOAA-20)","resolution_m":375,"frp":32.56,"intensity":"moderate","confidence":"n","acq_datetime":"2026-10-03 03:55Z","daynight":"Night"}},{"type":"Feature","geometry":{"type":"Point","coordinates":[-36.10268,-9.72247]},"properties":{"source":"VIIRS (NOAA-20)","resolution_m":375,"frp":18.8,"intensity":"moderate","confidence":"n","acq_datetime":"2026-10-03 03:55Z","daynight":"Night"}},{"type":"Feature","geometry":{"type":"Point","coordinates":[-36.10634,-9.72191]},"properties":{"source":"VIIRS (NOAA-20)","resolution_m":375,"frp":18.8,"intensity":"moderate","confidence":"n","acq_datetime":"2026-10-03 03:55Z","daynight":"Night"}},{"type":"Feature","geometry":{"type":"Point","coordinates":[-36.11001,-9.72134]},"properties":{"source":"VIIRS (NOAA-20)","resolution_m":375,"frp":1.02,"intensity":"low","confidence":"n","acq_datetime":"2026-10-03 03:55Z","daynight":"Night"}},{"type":"Feature","geometry":{"type":"Point","coordinates":[-35.75146,-9.52761]},"properties":{"source":"VIIRS (NOAA-20)","resolution_m":375,"frp":0.78,"intensity":"low","confidence":"n","acq_datetime":"2026-10-03 03:55Z","daynight":"Night"}},{"type":"Feature","geometry":{"type":"Point","coordinates":[-40.36748,-9.46747]},"properties":{"source":"VIIRS (NOAA-20)","resolution_m":375,"frp":4.83,"intensity":"low","confidence":"n","acq_datetime":"2026-10-03 03:55Z","daynight":"Night"}},{"type":"Feature","geometry":{"type":"Point","coordinates":[-40.36688,-9.46394]},"properties":{"source":"VIIRS (NOAA-20)","resolution_m":375,"frp":4.83,"intensity":"low","confidence":"n","acq_datetime":"2026-10-03 03:55Z","daynight":"Night"}},{"type":"Feature","geometry":{"type":"Point","coordinates":[-40.37088,-9.46327]},"properties":{"source":"VIIRS (NOAA-20)","resolution_m":375,"frp":9.77,"intensity":"low","confidence":"n","acq_datetime":"2026-10-03 03:55Z","daynight":"Night"}},{"type":"Feature","geometry":{"type":"Point","coordinates":[-40.36628,-9.46041]},"properties":{"source":"VIIRS (NOAA-20)","resolution_m":375,"frp":13.08,"intensity":"moderate","confidence":"n","acq_datetime":"2026-10-03 03:55Z","daynight":"Night"}},{"type":"Feature","geometry":{"type":"Point","coordinates":[-40.37029,-9.45974]},"properties":{"source":"VIIRS (NOAA-20)","resolution_m":375,"frp":24.64,"intensity":"moderate","confidence":"n","acq_datetime":"2026-10-03 03:55Z","daynight":"Night"}},{"type":"Feature","geometry":{"type":"Point","coordinates":[-40.36569,-9.45688]},"properties":{"source":"VIIRS (NOAA-20)","resolution_m":375,"frp":13.08,"intensity":"moderate","confidence":"n","acq_datetime":"2026-10-03 03:55Z","daynight":"Night"}},{"type":"Feature","geometry":{"type":"Point","coordinates":[-40.36969,-9.45621]},"properties":{"source":"VIIRS (NOAA-20)","resolution_m":375,"frp":24.64,"intensity":"moderate","confidence":"n","acq_datetime":"2026-10-03 03:55Z","daynight":"Night"}},{"type":"Feature","geometry":{"type":"Point","coordinates":[-40.3737,-9.45554]},"properties":{"source":"VIIRS (NOAA-20)","resolution_m":375,"frp":24.64,"intensity":"moderate","confidence":"n","acq_datetime":"2026-10-03 03:55Z","daynight":"Night"}},{"type":"Feature","geometry":{"type":"Point","coordinates":[-40.36509,-9.45335]},"properties":{"source":"VIIRS (NOAA-20)","resolution_m":375,"frp":1.83,"intensity":"low","confidence":"n","acq_datetime":"2026-10-03 03:55Z","daynight":"Night"}},{"type":"Feature","geometry":{"type":"Point","coordinates":[-40.36909,-9.45268]},"properties":{"source":"VIIRS (NOAA-20)","resolution_m":375,"frp":2.15,"intensity":"low","confidence":"n","acq_datetime":"2026-10-03 03:55Z","daynight":"Night"}},{"type":"Feature","geometry":{"type":"Point","coordinates":[-37.23511,-9.13576]},"properties":{"source":"VIIRS (NOAA-20)","resolution_m":375,"frp":0.46,"intensity":"low","confidence":"n","acq_datetime":"2026-10-03 03:55Z","daynight":"Night"}},{"type":"Feature","geometry":{"type":"Point","coordinates":[-44.18259,-7.89]},"properties":{"source":"VIIRS (NOAA-20)","resolution_m":375,"frp":1.65,"intensity":"low","confidence":"n","acq_datetime":"2026-10-03 03:55Z","daynight":"Night"}},{"type":"Feature","geometry":{"type":"Point","coordinates":[-44.18747,-7.88916]},"properties":{"source":"VIIRS (NOAA-20)","resolution_m":375,"frp":0.7,"intensity":"low","confidence":"n","acq_datetime":"2026-10-03 03:55Z","daynight":"Night"}},{"type":"Feature","geometry":{"type":"Point","coordinates":[-46.64478,-7.53337]},"properties":{"source":"VIIRS (NOAA-20)","resolution_m":375,"frp":1.91,"intensity":"low","confidence":"n","acq_datetime":"2026-10-03 03:55Z","daynight":"Night"}},{"type":"Feature","geometry":{"type":"Point","coordinates":[-45.25885,-7.24028]},"properties":{"source":"VIIRS (NOAA-20)","resolution_m":375,"frp":2.88,"intensity":"low","confidence":"n","acq_datetime":"2026-10-03 03:55Z","daynight":"Night"}},{"type":"Feature","geometry":{"type":"Point","coordinates":[-46.04964,-7.22443]},"properties":{"source":"VIIRS (NOAA-20)","resolution_m":375,"frp":1.27,"intensity":"low","confidence":"n","acq_datetime":"2026-10-03 03:55Z","daynight":"Night"}},{"type":"Feature","geometry":{"type":"Point","coordinates":[-41.32857,-7.12736]},"properties":{"source":"VIIRS (NOAA-20)","resolution_m":375,"frp":1.01,"intensity":"low","confidence":"n","acq_datetime":"2026-10-03 03:55Z","daynight":"Night"}},{"type":"Feature","geometry":{"type":"Point","coordinates":[-41.33328,-7.12656]},"properties":{"source":"VIIRS (NOAA-20)","resolution_m":375,"frp":1.01,"intensity":"low","confidence":"n","acq_datetime":"2026-10-03 03:55Z","daynight":"Night"}},{"type":"Feature","geometry":{"type":"Point","coordinates":[-43.42145,-7.01339]},"properties":{"source":"VIIRS (NOAA-20)","resolution_m":375,"frp":2.75,"intensity":"low","confidence":"n","acq_datetime":"2026-10-03 03:55Z","daynight":"Night"}},{"type":"Feature","geometry":{"type":"Point","coordinates":[-43.42573,-7.01265]},"properties":{"source":"VIIRS (NOAA-20)","resolution_m":375,"frp":2.06,"intensity":"low","confidence":"n","acq_datetime":"2026-10-03 03:55Z","daynight":"Night"}},{"type":"Feature","geometry":{"type":"Point","coordinates":[-49.62615,-6.92707]},"properties":{"source":"VIIRS (NOAA-20)","resolution_m":375,"frp":2.8,"intensity":"low","confidence":"n","acq_datetime":"2026-10-03 03:55Z","daynight":"Night"}},{"type":"Feature","geometry":{"type":"Point","coordinates":[-49.63184,-6.92603]},"properties":{"source":"VIIRS (NOAA-20)","resolution_m":375,"frp":4.28,"intensity":"low","confidence":"n","acq_datetime":"2026-10-03 03:55Z","daynight":"Night"}},{"type":"Feature","geometry":{"type":"Point","coordinates":[-49.62651,-6.92505]},"properties":{"source":"VIIRS (NOAA-20)","resolution_m":375,"frp":4.13,"intensity":"low","confidence":"n","acq_datetime":"2026-10-03 03:55Z","daynight":"Night"}},{"type":"Feature","geometry":{"type":"Point","coordinates":[-44.56314,-6.92438]},"properties":{"source":"VIIRS (NOAA-20)","resolution_m":375,"frp":2.12,"intensity":"low","confidence":"n","acq_datetime":"2026-10-03 03:55Z","daynight":"Night"}},{"type":"Feature","geometry":{"type":"Point","coordinates":[-49.63216,-6.92397]},"properties":{"source":"VIIRS (NOAA-20)","resolution_m":375,"frp":4.13,"intensity":"low","confidence":"n","acq_datetime":"2026-10-03 03:55Z","daynight":"Night"}},{"type":"Feature","geometry":{"type":"Point","coordinates":[-49.62487,-6.92051]},"properties":{"source":"VIIRS (NOAA-20)","resolution_m":375,"frp":0.73,"intensity":"low","confidence":"n","acq_datetime":"2026-10-03 03:55Z","daynight":"Night"}},{"type":"Feature","geometry":{"type":"Point","coordinates":[-44.56733,-6.91876]},"properties":{"source":"VIIRS (NOAA-20)","resolution_m":375,"frp":1.97,"intensity":"low","confidence":"n","acq_datetime":"2026-10-03 03:55Z","daynight":"Night"}},{"type":"Feature","geometry":{"type":"Point","coordinates":[-43.68557,-6.9035]},"properties":{"source":"VIIRS (NOAA-20)","resolution_m":375,"frp":2.43,"intensity":"low","confidence":"n","acq_datetime":"2026-10-03 03:55Z","daynight":"Night"}},{"type":"Feature","geometry":{"type":"Point","coordinates":[-43.68738,-6.90086]},"properties":{"source":"VIIRS (NOAA-20)","resolution_m":375,"frp":3.24,"intensity":"low","confidence":"n","acq_datetime":"2026-10-03 03:55Z","daynight":"Night"}},{"type":"Feature","geometry":{"type":"Point","coordinates":[-43.73616,-6.88799]},"properties":{"source":"VIIRS (NOAA-20)","resolution_m":375,"frp":1.83,"intensity":"low","confidence":"n","acq_datetime":"2026-10-03 03:55Z","daynight":"Night"}},{"type":"Feature","geometry":{"type":"Point","coordinates":[-43.74068,-6.88723]},"properties":{"source":"VIIRS (NOAA-20)","resolution_m":375,"frp":2.26,"intensity":"low","confidence":"n","acq_datetime":"2026-10-03 03:55Z","daynight":"Night"}},{"type":"Feature","geometry":{"type":"Point","coordinates":[-44.14322,-6.74263]},"properties":{"source":"VIIRS (NOAA-20)","resolution_m":375,"frp":5.25,"intensity":"low","confidence":"n","acq_datetime":"2026-10-03 03:55Z","daynight":"Night"}},{"type":"Feature","geometry":{"type":"Point","coordinates":[-44.14705,-6.73719]},"properties":{"source":"VIIRS (NOAA-20)","resolution_m":375,"frp":1.54,"intensity":"low","confidence":"n","acq_datetime":"2026-10-03 03:55Z","daynight":"Night"}},{"type":"Feature","geometry":{"type":"Point","coordinates":[-39.76991,-6.62991]},"properties":{"source":"VIIRS (NOAA-20)","resolution_m":375,"frp":0.53,"intensity":"low","confidence":"n","acq_datetime":"2026-10-03 03:55Z","daynight":"Night"}},{"type":"Feature","geometry":{"type":"Point","coordinates":[-43.50084,-6.59366]},"properties":{"source":"VIIRS (NOAA-20)","resolution_m":375,"frp":1.22,"intensity":"low","confidence":"n","acq_datetime":"2026-10-03 03:55Z","daynight":"Night"}},{"type":"Feature","geometry":{"type":"Point","coordinates":[-43.49994,-6.58925]},"properties":{"source":"VIIRS (NOAA-20)","resolution_m":375,"frp":1.65,"intensity":"low","confidence":"n","acq_datetime":"2026-10-03 03:55Z","daynight":"Night"}},{"type":"Feature","geometry":{"type":"Point","coordinates":[-51.10022,-6.57263]},"properties":{"source":"VIIRS (NOAA-20)","resolution_m":375,"frp":7.93,"intensity":"low","confidence":"n","acq_datetime":"2026-10-03 03:55Z","daynight":"Night"}},{"type":"Feature","geometry":{"type":"Point","coordinates":[-51.10642,-6.57145]},"properties":{"source":"VIIRS (NOAA-20)","resolution_m":375,"frp":7.93,"intensity":"low","confidence":"n","acq_datetime":"2026-10-03 03:55Z","daynight":"Night"}},{"type":"Feature","geometry":{"type":"Point","coordinates":[-51.10172,-6.57003]},"properties":{"source":"VIIRS (NOAA-20)","resolution_m":375,"frp":10.36,"intensity":"moderate","confidence":"n","acq_datetime":"2026-10-03 03:55Z","daynight":"Night"}},{"type":"Feature","geometry":{"type":"Point","coordinates":[-51.1079,-6.56889]},"properties":{"source":"VIIRS (NOAA-20)","resolution_m":375,"frp":8.68,"intensity":"low","confidence":"n","acq_datetime":"2026-10-03 03:55Z","daynight":"Night"}},{"type":"Feature","geometry":{"type":"Point","coordinates":[-41.74729,-6.50529]},"properties":{"source":"VIIRS (NOAA-20)","resolution_m":375,"frp":11.9,"intensity":"moderate","confidence":"n","acq_datetime":"2026-10-03 03:55Z","daynight":"Night"}},{"type":"Feature","geometry":{"type":"Point","coordinates":[-41.75241,-6.50442]},"properties":{"source":"VIIRS (NOAA-20)","resolution_m":375,"frp":0.97,"intensity":"low","confidence":"n","acq_datetime":"2026-10-03 03:55Z","daynight":"Night"}},{"type":"Feature","geometry":{"type":"Point","coordinates":[-41.74153,-6.5022]},"properties":{"source":"VIIRS (NOAA-20)","resolution_m":375,"frp":5.52,"intensity":"low","confidence":"n","acq_datetime":"2026-10-03 03:55Z","daynight":"Night"}},{"type":"Feature","geometry":{"type":"Point","coordinates":[-41.74665,-6.50133]},"properties":{"source":"VIIRS (NOAA-20)","resolution_m":375,"frp":5.52,"intensity":"low","confidence":"n","acq_datetime":"2026-10-03 03:55Z","daynight":"Night"}},{"type":"Feature","geometry":{"type":"Point","coordinates":[-41.75181,-6.50045]},"properties":{"source":"VIIRS (NOAA-20)","resolution_m":375,"frp":1.87,"intensity":"low","confidence":"n","acq_datetime":"2026-10-03 03:55Z","daynight":"Night"}},{"type":"Feature","geometry":{"type":"Point","coordinates":[-45.86128,-6.42128]},"properties":{"source":"VIIRS (NOAA-20)","resolution_m":375,"frp":0.99,"intensity":"low","confidence":"n","acq_datetime":"2026-10-03 03:55Z","daynight":"Night"}},{"type":"Feature","geometry":{"type":"Point","coordinates":[-45.86011,-6.4163]},"properties":{"source":"VIIRS (NOAA-20)","resolution_m":375,"frp":2.0,"intensity":"low","confidence":"n","acq_datetime":"2026-10-03 03:55Z","daynight":"Night"}},{"type":"Feature","geometry":{"type":"Point","coordinates":[-45.8604,-6.41604]},"properties":{"source":"VIIRS (NOAA-20)","resolution_m":375,"frp":0.99,"intensity":"low","confidence":"n","acq_datetime":"2026-10-03 03:55Z","daynight":"Night"}},{"type":"Feature","geometry":{"type":"Point","coordinates":[-43.36185,-6.33688]},"properties":{"source":"VIIRS (NOAA-20)","resolution_m":375,"frp":4.91,"intensity":"low","confidence":"n","acq_datetime":"2026-10-03 03:55Z","daynight":"Night"}},{"type":"Feature","geometry":{"type":"Point","coordinates":[-43.68662,-6.15825]},"properties":{"source":"VIIRS (NOAA-20)","resolution_m":375,"frp":1.93,"intensity":"low","confidence":"n","acq_datetime":"2026-10-03 03:55Z","daynight":"Night"}},{"type":"Feature","geometry":{"type":"Point","coordinates":[-43.69154,-6.15739]},"properties":{"source":"VIIRS (NOAA-20)","resolution_m":375,"frp":1.93,"intensity":"low","confidence":"n","acq_datetime":"2026-10-03 03:55Z","daynight":"Night"}},{"type":"Feature","geometry":{"type":"Point","coordinates":[-43.68825,-6.1568]},"properties":{"source":"VIIRS (NOAA-20)","resolution_m":375,"frp":2.67,"intensity":"low","confidence":"n","acq_datetime":"2026-10-03 03:55Z","daynight":"Night"}},{"type":"Feature","geometry":{"type":"Point","coordinates":[-43.59313,-6.02279]},"properties":{"source":"VIIRS (NOAA-20)","resolution_m":375,"frp":5.99,"intensity":"low","confidence":"n","acq_datetime":"2026-10-03 03:55Z","daynight":"Night"}},{"type":"Feature","geometry":{"type":"Point","coordinates":[-43.59766,-6.02202]},"properties":{"source":"VIIRS (NOAA-20)","resolution_m":375,"frp":6.46,"intensity":"low","confidence":"n","acq_datetime":"2026-10-03 03:55Z","daynight":"Night"}},{"type":"Feature","geometry":{"type":"Point","coordinates":[-43.6534,-5.96125]},"properties":{"source":"VIIRS (NOAA-20)","resolution_m":375,"frp":1.84,"intensity":"low","confidence":"n","acq_datetime":"2026-10-03 03:55Z","daynight":"Night"}},{"type":"Feature","geometry":{"type":"Point","coordinates":[-43.64799,-5.95752]},"properties":{"source":"VIIRS (NOAA-20)","resolution_m":375,"frp":4.53,"intensity":"low","confidence":"n","acq_datetime":"2026-10-03 03:55Z","daynight":"Night"}},{"type":"Feature","geometry":{"type":"Point","coordinates":[-43.65268,-5.95671]},"properties":{"source":"VIIRS (NOAA-20)","resolution_m":375,"frp":4.13,"intensity":"low","confidence":"n","acq_datetime":"2026-10-03 03:55Z","daynight":"Night"}},{"type":"Feature","geometry":{"type":"Point","coordinates":[-43.64726,-5.95298]},"properties":{"source":"VIIRS (NOAA-20)","resolution_m":375,"frp":4.53,"intensity":"low","confidence":"n","acq_datetime":"2026-10-03 03:55Z","daynight":"Night"}},{"type":"Feature","geometry":{"type":"Point","coordinates":[-43.64423,-5.9524]},"properties":{"source":"VIIRS (NOAA-20)","resolution_m":375,"frp":16.36,"intensity":"moderate","confidence":"n","acq_datetime":"2026-10-03 03:55Z","daynight":"Night"}},{"type":"Feature","geometry":{"type":"Point","coordinates":[-43.65195,-5.95217]},"properties":{"source":"VIIRS (NOAA-20)","resolution_m":375,"frp":4.13,"intensity":"low","confidence":"n","acq_datetime":"2026-10-03 03:55Z","daynight":"Night"}},{"type":"Feature","geometry":{"type":"Point","coordinates":[-43.64892,-5.95162]},"properties":{"source":"VIIRS (NOAA-20)","resolution_m":375,"frp":16.36,"intensity":"moderate","confidence":"n","acq_datetime":"2026-10-03 03:55Z","daynight":"Night"}},{"type":"Feature","geometry":{"type":"Point","coordinates":[-43.6566,-5.95135]},"properties":{"source":"VIIRS (NOAA-20)","resolution_m":375,"frp":4.13,"intensity":"low","confidence":"n","acq_datetime":"2026-10-03 03:55Z","daynight":"Night"}},{"type":"Feature","geometry":{"type":"Point","coordinates":[-43.65361,-5.95084]},"properties":{"source":"VIIRS (NOAA-20)","resolution_m":375,"frp":11.42,"intensity":"moderate","confidence":"n","acq_datetime":"2026-10-03 03:55Z","daynight":"Night"}},{"type":"Feature","geometry":{"type":"Point","coordinates":[-43.66126,-5.95055]},"properties":{"source":"VIIRS (NOAA-20)","resolution_m":375,"frp":5.35,"intensity":"low","confidence":"n","acq_datetime":"2026-10-03 03:55Z","daynight":"Night"}},{"type":"Feature","geometry":{"type":"Point","coordinates":[-43.65828,-5.95007]},"properties":{"source":"VIIRS (NOAA-20)","resolution_m":375,"frp":11.42,"intensity":"moderate","confidence":"n","acq_datetime":"2026-10-03 03:55Z","daynight":"Night"}},{"type":"Feature","geometry":{"type":"Point","coordinates":[-43.66598,-5.94972]},"properties":{"source":"VIIRS (NOAA-20)","resolution_m":375,"frp":5.35,"intensity":"low","confidence":"n","acq_datetime":"2026-10-03 03:55Z","daynight":"Night"}},{"type":"Feature","geometry":{"type":"Point","coordinates":[-43.66296,-5.94929]},"properties":{"source":"VIIRS (NOAA-20)","resolution_m":375,"frp":19.48,"intensity":"moderate","confidence":"n","acq_datetime":"2026-10-03 03:55Z","daynight":"Night"}},{"type":"Feature","geometry":{"type":"Point","coordinates":[-43.6677,-5.94851]},"properties":{"source":"VIIRS (NOAA-20)","resolution_m":375,"frp":19.48,"intensity":"moderate","confidence":"n","acq_datetime":"2026-10-03 03:55Z","daynight":"Night"}},{"type":"Feature","geometry":{"type":"Point","coordinates":[-43.64651,-5.94844]},"properties":{"source":"VIIRS (NOAA-20)","resolution_m":375,"frp":26.71,"intensity":"moderate","confidence":"n","acq_datetime":"2026-10-03 03:55Z","daynight":"Night"}},{"type":"Feature","geometry":{"type":"Point","coordinates":[-43.64349,-5.94786]},"properties":{"source":"VIIRS (NOAA-20)","resolution_m":375,"frp":16.36,"intensity":"moderate","confidence":"n","acq_datetime":"2026-10-03 03:55Z","daynight":"Night"}},{"type":"Feature","geometry":{"type":"Point","coordinates":[-43.65118,-5.94763]},"properties":{"source":"VIIRS (NOAA-20)","resolution_m":375,"frp":10.56,"intensity":"moderate","confidence":"n","acq_datetime":"2026-10-03 03:55Z","daynight":"Night"}},{"type":"Feature","geometry":{"type":"Point","coordinates":[-43.64815,-5.94709]},"properties":{"source":"VIIRS (NOAA-20)","resolution_m":375,"frp":16.36,"intensity":"moderate","confidence":"n","acq_datetime":"2026-10-03 03:55Z","daynight":"Night"}},{"type":"Feature","geometry":{"type":"Point","coordinates":[-43.65584,-5.94682]},"properties":{"source":"VIIRS (NOAA-20)","resolution_m":375,"frp":10.56,"intensity":"moderate","confidence":"n","acq_datetime":"2026-10-03 03:55Z","daynight":"Night"}},{"type":"Feature","geometry":{"type":"Point","coordinates":[-43.65282,-5.94631]},"properties":{"source":"VIIRS (NOAA-20)","resolution_m":375,"frp":11.42,"intensity":"moderate","confidence":"n","acq_datetime":"2026-10-03 03:55Z","daynight":"Night"}},{"type":"Feature","geometry":{"type":"Point","coordinates":[-43.66051,-5.946]},"properties":{"source":"VIIRS (NOAA-20)","resolution_m":375,"frp":29.73,"intensity":"moderate","confidence":"n","acq_datetime":"2026-10-03 03:55Z","daynight":"Night"}},{"type":"Feature","geometry":{"type":"Point","coordinates":[-43.65751,-5.94553]},"properties":{"source":"VIIRS (NOAA-20)","resolution_m":375,"frp":11.42,"intensity":"moderate","confidence":"n","acq_datetime":"2026-10-03 03:55Z","daynight":"Night"}},{"type":"Feature","geometry":{"type":"Point","coordinates":[-43.66521,-5.94518]},"properties":{"source":"VIIRS (NOAA-20)","resolution_m":375,"frp":29.73,"intensity":"moderate","confidence":"n","acq_datetime":"2026-10-03 03:55Z","daynight":"Night"}},{"type":"Feature","geometry":{"type":"Point","coordinates":[-43.6622,-5.94475]},"properties":{"source":"VIIRS (NOAA-20)","resolution_m":375,"frp":19.48,"intensity":"moderate","confidence":"n","acq_datetime":"2026-10-03 03:55Z","daynight":"Night"}},{"type":"Feature","geometry":{"type":"Point","coordinates":[-43.6669,-5.94397]},"properties":{"source":"VIIRS (NOAA-20)","resolution_m":375,"frp":19.48,"intensity":"moderate","confidence":"n","acq_datetime":"2026-10-03 03:55Z","daynight":"Night"}},{"type":"Feature","geometry":{"type":"Point","coordinates":[-43.64577,-5.94391]},"properties":{"source":"VIIRS (NOAA-20)","resolution_m":375,"frp":26.71,"intensity":"moderate","confidence":"n","acq_datetime":"2026-10-03 03:55Z","daynight":"Night"}},{"type":"Feature","geometry":{"type":"Point","coordinates":[-43.65038,-5.9431]},"properties":{"source":"VIIRS (NOAA-20)","resolution_m":375,"frp":10.56,"intensity":"moderate","confidence":"n","acq_datetime":"2026-10-03 03:55Z","daynight":"Night"}},{"type":"Feature","geometry":{"type":"Point","coordinates":[-43.64738,-5.94255]},"properties":{"source":"VIIRS (NOAA-20)","resolution_m":375,"frp":20.04,"intensity":"moderate","confidence":"n","acq_datetime":"2026-10-03 03:55Z","daynight":"Night"}},{"type":"Feature","geometry":{"type":"Point","coordinates":[-43.65501,-5.94229]},"properties":{"source":"VIIRS (NOAA-20)","resolution_m":375,"frp":10.56,"intensity":"moderate","confidence":"n","acq_datetime":"2026-10-03 03:55Z","daynight":"Night"}},{"type":"Feature","geometry":{"type":"Point","coordinates":[-43.652,-5.94178]},"properties":{"source":"VIIRS (NOAA-20)","resolution_m":375,"frp":4.64,"intensity":"low","confidence":"n","acq_datetime":"2026-10-03 03:55Z","daynight":"Night"}},{"type":"Feature","geometry":{"type":"Point","coordinates":[-43.65969,-5.94148]},"properties":{"source":"VIIRS (NOAA-20)","resolution_m":375,"frp":29.73,"intensity":"moderate","confidence":"n","acq_datetime":"2026-10-03 03:55Z","daynight":"Night"}},{"type":"Feature","geometry":{"type":"Point","coordinates":[-43.65665,-5.941]},"properties":{"source":"VIIRS (NOAA-20)","resolution_m":375,"frp":4.64,"intensity":"low","confidence":"n","acq_datetime":"2026-10-03 03:55Z","daynight":"Night"}},{"type":"Feature","geometry":{"type":"Point","coordinates":[-45.40183,-5.93994]},"properties":{"source":"VIIRS (NOAA-20)","resolution_m":375,"frp":1.47,"intensity":"low","confidence":"n","acq_datetime":"2026-10-03 03:55Z","daynight":"Night"}},{"type":"Feature","geometry":{"type":"Point","coordinates":[-43.64502,-5.93937]},"properties":{"source":"VIIRS (NOAA-20)","resolution_m":375,"frp":5.93,"intensity":"low","confidence":"n","acq_datetime":"2026-10-03 03:55Z","daynight":"Night"}},{"type":"Feature","geometry":{"type":"Point","coordinates":[-43.6496,-5.93857]},"properties":{"source":"VIIRS (NOAA-20)","resolution_m":375,"frp":6.46,"intensity":"low","confidence":"n","acq_datetime":"2026-10-03 03:55Z","daynight":"Night"}},{"type":"Feature","geometry":{"type":"Point","coordinates":[-41.5176,-5.88829]},"properties":{"source":"VIIRS (NOAA-20)","resolution_m":375,"frp":2.46,"intensity":"low","confidence":"n","acq_datetime":"2026-10-03 03:55Z","daynight":"Night"}},{"type":"Feature","geometry":{"type":"Point","coordinates":[-45.01237,-5.82682]},"properties":{"source":"VIIRS (NOAA-20)","resolution_m":375,"frp":1.83,"intensity":"low","confidence":"n","acq_datetime":"2026-10-03 03:55Z","daynight":"Night"}},{"type":"Feature","geometry":{"type":"Point","coordinates":[-45.0133,-5.8267]},"properties":{"source":"VIIRS (NOAA-20)","resolution_m":375,"frp":2.34,"intensity":"low","confidence":"n","acq_datetime":"2026-10-03 03:55Z","daynight":"Night"}},{"type":"Feature","geometry":{"type":"Point","coordinates":[-43.61092,-5.79856]},"properties":{"source":"VIIRS (NOAA-20)","resolution_m":375,"frp":2.39,"intensity":"low","confidence":"n","acq_datetime":"2026-10-03 03:55Z","daynight":"Night"}},{"type":"Feature","geometry":{"type":"Point","coordinates":[-43.98548,-5.7637]},"properties":{"source":"VIIRS (NOAA-20)","resolution_m":375,"frp":2.09,"intensity":"low","confidence":"n","acq_datetime":"2026-10-03 03:55Z","daynight":"Night"}},{"type":"Feature","geometry":{"type":"Point","coordinates":[-42.34607,-5.76054]},"properties":{"source":"VIIRS (NOAA-20)","resolution_m":375,"frp":1.8,"intensity":"low","confidence":"n","acq_datetime":"2026-10-03 03:55Z","daynight":"Night"}},{"type":"Feature","geometry":{"type":"Point","coordinates":[-45.29552,-5.75809]},"properties":{"source":"VIIRS (NOAA-20)","resolution_m":375,"frp":1.27,"intensity":"low","confidence":"n","acq_datetime":"2026-10-03 03:55Z","daynight":"Night"}},{"type":"Feature","geometry":{"type":"Point","coordinates":[-42.3454,-5.75637]},"properties":{"source":"VIIRS (NOAA-20)","resolution_m":375,"frp":1.22,"intensity":"low","confidence":"n","acq_datetime":"2026-10-03 03:55Z","daynight":"Night"}},{"type":"Feature","geometry":{"type":"Point","coordinates":[-45.14444,-5.75269]},"properties":{"source":"VIIRS (NOAA-20)","resolution_m":375,"frp":0.98,"intensity":"low","confidence":"n","acq_datetime":"2026-10-03 03:55Z","daynight":"Night"}},{"type":"Feature","geometry":{"type":"Point","coordinates":[-45.14733,-5.75219]},"properties":{"source":"VIIRS (NOAA-20)","resolution_m":375,"frp":0.64,"intensity":"low","confidence":"n","acq_datetime":"2026-10-03 03:55Z","daynight":"Night"}},{"type":"Feature","geometry":{"type":"Point","coordinates":[-45.15024,-5.75169]},"properties":{"source":"VIIRS (NOAA-20)","resolution_m":375,"frp":0.64,"intensity":"low","confidence":"n","acq_datetime":"2026-10-03 03:55Z","daynight":"Night"}},{"type":"Feature","geometry":{"type":"Point","coordinates":[-45.14357,-5.74765]},"properties":{"source":"VIIRS (NOAA-20)","resolution_m":375,"frp":0.78,"intensity":"low","confidence":"n","acq_datetime":"2026-10-03 03:55Z","daynight":"Night"}},{"type":"Feature","geometry":{"type":"Point","coordinates":[-43.27198,-5.7475]},"properties":{"source":"VIIRS (NOAA-20)","resolution_m":375,"frp":3.11,"intensity":"low","confidence":"n","acq_datetime":"2026-10-03 03:55Z","daynight":"Night"}},{"type":"Feature","geometry":{"type":"Point","coordinates":[-45.14647,-5.74715]},"properties":{"source":"VIIRS (NOAA-20)","resolution_m":375,"frp":0.9,"intensity":"low","confidence":"n","acq_datetime":"2026-10-03 03:55Z","daynight":"Night"}},{"type":"Feature","geometry":{"type":"Point","coordinates":[-45.14934,-5.74665]},"properties":{"source":"VIIRS (NOAA-20)","resolution_m":375,"frp":0.9,"intensity":"low","confidence":"n","acq_datetime":"2026-10-03 03:55Z","daynight":"Night"}},{"type":"Feature","geometry":{"type":"Point","coordinates":[-45.1522,-5.74616]},"properties":{"source":"VIIRS (NOAA-20)","resolution_m":375,"frp":2.73,"intensity":"low","confidence":"n","acq_datetime":"2026-10-03 03:55Z","daynight":"Night"}},{"type":"Feature","geometry":{"type":"Point","coordinates":[-45.15509,-5.74566]},"properties":{"source":"VIIRS (NOAA-20)","resolution_m":375,"frp":2.73,"intensity":"low","confidence":"n","acq_datetime":"2026-10-03 03:55Z","daynight":"Night"}},{"type":"Feature","geometry":{"type":"Point","coordinates":[-45.15803,-5.74515]},"properties":{"source":"VIIRS (NOAA-20)","resolution_m":375,"frp":3.66,"intensity":"low","confidence":"n","acq_datetime":"2026-10-03 03:55Z","daynight":"Night"}},{"type":"Feature","geometry":{"type":"Point","coordinates":[-45.14264,-5.74262]},"properties":{"source":"VIIRS (NOAA-20)","resolution_m":375,"frp":0.78,"intensity":"low","confidence":"n","acq_datetime":"2026-10-03 03:55Z","daynight":"Night"}},{"type":"Feature","geometry":{"type":"Point","coordinates":[-45.05514,-5.74228]},"properties":{"source":"VIIRS (NOAA-20)","resolution_m":375,"frp":3.18,"intensity":"low","confidence":"n","acq_datetime":"2026-10-03 03:55Z","daynight":"Night"}},{"type":"Feature","geometry":{"type":"Point","coordinates":[-45.14555,-5.74212]},"properties":{"source":"VIIRS (NOAA-20)","resolution_m":375,"frp":0.9,"intensity":"low","confidence":"n","acq_datetime":"2026-10-03 03:55Z","daynight":"Night"}},{"type":"Feature","geometry":{"type":"Point","coordinates":[-45.05807,-5.74177]},"properties":{"source":"VIIRS (NOAA-20)","resolution_m":375,"frp":3.18,"intensity":"low","confidence":"h","acq_datetime":"2026-10-03 03:55Z","daynight":"Night"}},{"type":"Feature","geometry":{"type":"Point","coordinates":[-45.14841,-5.74162]},"properties":{"source":"VIIRS (NOAA-20)","resolution_m":375,"frp":0.9,"intensity":"low","confidence":"n","acq_datetime":"2026-10-03 03:55Z","daynight":"Night"}},{"type":"Feature","geometry":{"type":"Point","coordinates":[-45.06102,-5.74126]},"properties":{"source":"VIIRS (NOAA-20)","resolution_m":375,"frp":2.49,"intensity":"low","confidence":"n","acq_datetime":"2026-10-03 03:55Z","daynight":"Night"}},{"type":"Feature","geometry":{"type":"Point","coordinates":[-45.15125,-5.74113]},"properties":{"source":"VIIRS (NOAA-20)","resolution_m":375,"frp":2.73,"intensity":"low","confidence":"n","acq_datetime":"2026-10-03 03:55Z","daynight":"Night"}},{"type":"Feature","geometry":{"type":"Point","coordinates":[-45.15411,-5.74063]},"properties":{"source":"VIIRS (NOAA-20)","resolution_m":375,"frp":2.73,"intensity":"low","confidence":"n","acq_datetime":"2026-10-03 03:55Z","daynight":"Night"}},{"type":"Feature","geometry":{"type":"Point","coordinates":[-45.15705,-5.74012]},"properties":{"source":"VIIRS (NOAA-20)","resolution_m":375,"frp":3.66,"intensity":"low","confidence":"n","acq_datetime":"2026-10-03 03:55Z","daynight":"Night"}},{"type":"Feature","geometry":{"type":"Point","coordinates":[-45.16,-5.73961]},"properties":{"source":"VIIRS (NOAA-20)","resolution_m":375,"frp":3.66,"intensity":"low","confidence":"n","acq_datetime":"2026-10-03 03:55Z","daynight":"Night"}},{"type":"Feature","geometry":{"type":"Point","coordinates":[-45.16298,-5.7391]},"properties":{"source":"VIIRS (NOAA-20)","resolution_m":375,"frp":1.12,"intensity":"low","confidence":"n","acq_datetime":"2026-10-03 03:55Z","daynight":"Night"}},{"type":"Feature","geometry":{"type":"Point","coordinates":[-45.13877,-5.7381]},"properties":{"source":"VIIRS (NOAA-20)","resolution_m":375,"frp":2.47,"intensity":"low","confidence":"n","acq_datetime":"2026-10-03 03:55Z","daynight":"Night"}},{"type":"Feature","geometry":{"type":"Point","coordinates":[-45.14169,-5.73759]},"properties":{"source":"VIIRS (NOAA-20)","resolution_m":375,"frp":2.47,"intensity":"low","confidence":"n","acq_datetime":"2026-10-03 03:55Z","daynight":"Night"}},{"type":"Feature","geometry":{"type":"Point","coordinates":[-45.1446,-5.73709]},"properties":{"source":"VIIRS (NOAA-20)","resolution_m":375,"frp":3.55,"intensity":"low","confidence":"n","acq_datetime":"2026-10-03 03:55Z","daynight":"Night"}},{"type":"Feature","geometry":{"type":"Point","coordinates":[-45.05702,-5.73679]},"properties":{"source":"VIIRS (NOAA-20)","resolution_m":375,"frp":3.18,"intensity":"low","confidence":"n","acq_datetime":"2026-10-03 03:55Z","daynight":"Night"}},{"type":"Feature","geometry":{"type":"Point","coordinates":[-45.14748,-5.73659]},"properties":{"source":"VIIRS (NOAA-20)","resolution_m":375,"frp":3.55,"intensity":"low","confidence":"h","acq_datetime":"2026-10-03 03:55Z","daynight":"Night"}},{"type":"Feature","geometry":{"type":"Point","coordinates":[-45.06,-5.73627]},"properties":{"source":"VIIRS (NOAA-20)","resolution_m":375,"frp":2.49,"intensity":"low","confidence":"n","acq_datetime":"2026-10-03 03:55Z","daynight":"Night"}},{"type":"Feature","geometry":{"type":"Point","coordinates":[-45.15033,-5.73609]},"properties":{"source":"VIIRS (NOAA-20)","resolution_m":375,"frp":2.27,"intensity":"low","confidence":"n","acq_datetime":"2026-10-03 03:55Z","daynight":"Night"}},{"type":"Feature","geometry":{"type":"Point","coordinates":[-45.15319,-5.7356]},"properties":{"source":"VIIRS (NOAA-20)","resolution_m":375,"frp":2.27,"intensity":"low","confidence":"n","acq_datetime":"2026-10-03 03:55Z","daynight":"Night"}},{"type":"Feature","geometry":{"type":"Point","coordinates":[-45.15613,-5.73509]},"properties":{"source":"VIIRS (NOAA-20)","resolution_m":375,"frp":1.0,"intensity":"low","confidence":"n","acq_datetime":"2026-10-03 03:55Z","daynight":"Night"}},{"type":"Feature","geometry":{"type":"Point","coordinates":[-45.14375,-5.73204]},"properties":{"source":"VIIRS (NOAA-20)","resolution_m":375,"frp":3.55,"intensity":"low","confidence":"n","acq_datetime":"2026-10-03 03:55Z","daynight":"Night"}},{"type":"Feature","geometry":{"type":"Point","coordinates":[-45.14665,-5.73154]},"properties":{"source":"VIIRS (NOAA-20)","resolution_m":375,"frp":3.55,"intensity":"low","confidence":"n","acq_datetime":"2026-10-03 03:55Z","daynight":"Night"}},{"type":"Feature","geometry":{"type":"Point","coordinates":[-45.14951,-5.73104]},"properties":{"source":"VIIRS (NOAA-20)","resolution_m":375,"frp":2.27,"intensity":"low","confidence":"n","acq_datetime":"2026-10-03 03:55Z","daynight":"Night"}},{"type":"Feature","geometry":{"type":"Point","coordinates":[-46.20514,-5.71747]},"properties":{"source":"VIIRS (NOAA-20)","resolution_m":375,"frp":1.22,"intensity":"low","confidence":"n","acq_datetime":"2026-10-03 03:55Z","daynight":"Night"}},{"type":"Feature","geometry":{"type":"Point","coordinates":[-46.20411,-5.71579]},"properties":{"source":"VIIRS (NOAA-20)","resolution_m":375,"frp":1.12,"intensity":"low","confidence":"n","acq_datetime":"2026-10-03 03:55Z","daynight":"Night"}},{"type":"Feature","geometry":{"type":"Point","coordinates":[-44.36758,-5.63534]},"properties":{"source":"VIIRS (NOAA-20)","resolution_m":375,"frp":3.18,"intensity":"low","confidence":"n","acq_datetime":"2026-10-03 03:55Z","daynight":"Night"}},{"type":"Feature","geometry":{"type":"Point","coordinates":[-44.38083,-5.61824]},"properties":{"source":"VIIRS (NOAA-20)","resolution_m":375,"frp":12.87,"intensity":"moderate","confidence":"n","acq_datetime":"2026-10-03 03:55Z","daynight":"Night"}},{"type":"Feature","geometry":{"type":"Point","coordinates":[-44.38605,-5.61732]},"properties":{"source":"VIIRS (NOAA-20)","resolution_m":375,"frp":6.39,"intensity":"low","confidence":"n","acq_datetime":"2026-10-03 03:55Z","daynight":"Night"}},{"type":"Feature","geometry":{"type":"Point","coordinates":[-44.37914,-5.61394]},"properties":{"source":"VIIRS (NOAA-20)","resolution_m":375,"frp":9.27,"intensity":"low","confidence":"n","acq_datetime":"2026-10-03 03:55Z","daynight":"Night"}},{"type":"Feature","geometry":{"type":"Point","coordinates":[-44.38006,-5.61343]},"properties":{"source":"VIIRS (NOAA-20)","resolution_m":375,"frp":10.57,"intensity":"moderate","confidence":"n","acq_datetime":"2026-10-03 03:55Z","daynight":"Night"}},{"type":"Feature","geometry":{"type":"Point","coordinates":[-44.38438,-5.61306]},"properties":{"source":"VIIRS (NOAA-20)","resolution_m":375,"frp":9.27,"intensity":"low","confidence":"n","acq_datetime":"2026-10-03 03:55Z","daynight":"Night"}},{"type":"Feature","geometry":{"type":"Point","coordinates":[-44.38531,-5.61251]},"properties":{"source":"VIIRS (NOAA-20)","resolution_m":375,"frp":4.93,"intensity":"low","confidence":"n","acq_datetime":"2026-10-03 03:55Z","daynight":"Night"}},{"type":"Feature","geometry":{"type":"Point","coordinates":[-43.9632,-5.55848]},"properties":{"source":"VIIRS (NOAA-20)","resolution_m":375,"frp":1.82,"intensity":"low","confidence":"n","acq_datetime":"2026-10-03 03:55Z","daynight":"Night"}},{"type":"Feature","geometry":{"type":"Point","coordinates":[-43.96585,-5.55551]},"properties":{"source":"VIIRS (NOAA-20)","resolution_m":375,"frp":2.48,"intensity":"low","confidence":"n","acq_datetime":"2026-10-03 03:55Z","daynight":"Night"}},{"type":"Feature","geometry":{"type":"Point","coordinates":[-43.96243,-5.55381]},"properties":{"source":"VIIRS (NOAA-20)","resolution_m":375,"frp":1.82,"intensity":"low","confidence":"n","acq_datetime":"2026-10-03 03:55Z","daynight":"Night"}},{"type":"Feature","geometry":{"type":"Point","coordinates":[-43.44872,-5.43475]},"properties":{"source":"VIIRS (NOAA-20)","resolution_m":375,"frp":1.65,"intensity":"low","confidence":"n","acq_datetime":"2026-10-03 03:55Z","daynight":"Night"}},{"type":"Feature","geometry":{"type":"Point","coordinates":[-43.44585,-5.43203]},"properties":{"source":"VIIRS (NOAA-20)","resolution_m":375,"frp":1.99,"intensity":"low","confidence":"n","acq_datetime":"2026-10-03 03:55Z","daynight":"Night"}},{"type":"Feature","geometry":{"type":"Point","coordinates":[-43.45043,-5.43123]},"properties":{"source":"VIIRS (NOAA-20)","resolution_m":375,"frp":2.07,"intensity":"low","confidence":"n","acq_datetime":"2026-10-03 03:55Z","daynight":"Night"}},{"type":"Feature","geometry":{"type":"Point","coordinates":[-43.44788,-5.43025]},"properties":{"source":"VIIRS (NOAA-20)","resolution_m":375,"frp":1.65,"intensity":"low","confidence":"n","acq_datetime":"2026-10-03 03:55Z","daynight":"Night"}},{"type":"Feature","geometry":{"type":"Point","coordinates":[-45.19062,-5.40506]},"properties":{"source":"VIIRS (NOAA-20)","resolution_m":375,"frp":0.84,"intensity":"low","confidence":"n","acq_datetime":"2026-10-03 03:55Z","daynight":"Night"}},{"type":"Feature","geometry":{"type":"Point","coordinates":[-45.19357,-5.40455]},"properties":{"source":"VIIRS (NOAA-20)","resolution_m":375,"frp":0.75,"intensity":"low","confidence":"n","acq_datetime":"2026-10-03 03:55Z","daynight":"Night"}},{"type":"Feature","geometry":{"type":"Point","coordinates":[-46.16407,-5.19577]},"properties":{"source":"VIIRS (NOAA-20)","resolution_m":375,"frp":0.57,"intensity":"low","confidence":"n","acq_datetime":"2026-10-03 03:55Z","daynight":"Night"}},{"type":"Feature","geometry":{"type":"Point","coordinates":[-46.16737,-5.19521]},"properties":{"source":"VIIRS (NOAA-20)","resolution_m":375,"frp":0.57,"intensity":"low","confidence":"n","acq_datetime":"2026-10-03 03:55Z","daynight":"Night"}},{"type":"Feature","geometry":{"type":"Point","coordinates":[-45.41675,-5.17152]},"properties":{"source":"VIIRS (NOAA-20)","resolution_m":375,"frp":1.31,"intensity":"low","confidence":"n","acq_datetime":"2026-10-03 03:55Z","daynight":"Night"}},{"type":"Feature","geometry":{"type":"Point","coordinates":[-45.41994,-5.17098]},"properties":{"source":"VIIRS (NOAA-20)","resolution_m":375,"frp":1.28,"intensity":"low","confidence":"n","acq_datetime":"2026-10-03 03:55Z","daynight":"Night"}},{"type":"Feature","geometry":{"type":"Point","coordinates":[-45.58062,-5.13265]},"properties":{"source":"VIIRS (NOAA-20)","resolution_m":375,"frp":14.57,"intensity":"moderate","confidence":"h","acq_datetime":"2026-10-03 03:55Z","daynight":"Night"}},{"type":"Feature","geometry":{"type":"Point","coordinates":[-45.58425,-5.13202]},"properties":{"source":"VIIRS (NOAA-20)","resolution_m":375,"frp":7.26,"intensity":"low","confidence":"n","acq_datetime":"2026-10-03 03:55Z","daynight":"Night"}},{"type":"Feature","geometry":{"type":"Point","coordinates":[-49.87971,-4.812]},"properties":{"source":"VIIRS (NOAA-20)","resolution_m":375,"frp":2.83,"intensity":"low","confidence":"n","acq_datetime":"2026-10-03 03:55Z","daynight":"Night"}},{"type":"Feature","geometry":{"type":"Point","coordinates":[-49.87299,-4.80609]},"properties":{"source":"VIIRS (NOAA-20)","resolution_m":375,"frp":2.1,"intensity":"low","confidence":"n","acq_datetime":"2026-10-03 03:55Z","daynight":"Night"}},{"type":"Feature","geometry":{"type":"Point","coordinates":[-49.87917,-4.80498]},"properties":{"source":"VIIRS (NOAA-20)","resolution_m":375,"frp":2.83,"intensity":"low","confidence":"n","acq_datetime":"2026-10-03 03:55Z","daynight":"Night"}},{"type":"Feature","geometry":{"type":"Point","coordinates":[-49.97123,-4.41172]},"properties":{"source":"VIIRS (NOAA-20)","resolution_m":375,"frp":2.37,"intensity":"low","confidence":"n","acq_datetime":"2026-10-03 03:55Z","daynight":"Night"}},{"type":"Feature","geometry":{"type":"Point","coordinates":[-49.96849,-4.4064]},"properties":{"source":"VIIRS (NOAA-20)","resolution_m":375,"frp":1.73,"intensity":"low","confidence":"n","acq_datetime":"2026-10-03 03:55Z","daynight":"Night"}},{"type":"Feature","geometry":{"type":"Point","coordinates":[-49.97524,-4.40522]},"properties":{"source":"VIIRS (NOAA-20)","resolution_m":375,"frp":1.73,"intensity":"low","confidence":"n","acq_datetime":"2026-10-03 03:55Z","daynight":"Night"}},{"type":"Feature","geometry":{"type":"Point","coordinates":[-49.96997,-4.40476]},"properties":{"source":"VIIRS (NOAA-20)","resolution_m":375,"frp":2.37,"intensity":"low","confidence":"n","acq_datetime":"2026-10-03 03:55Z","daynight":"Night"}},{"type":"Feature","geometry":{"type":"Point","coordinates":[-49.97666,-4.40354]},"properties":{"source":"VIIRS (NOAA-20)","resolution_m":375,"frp":3.85,"intensity":"low","confidence":"n","acq_datetime":"2026-10-03 03:55Z","daynight":"Night"}},{"type":"Feature","geometry":{"type":"Point","coordinates":[-49.97394,-4.39825]},"properties":{"source":"VIIRS (NOAA-20)","resolution_m":375,"frp":1.73,"intensity":"low","confidence":"n","acq_datetime":"2026-10-03 03:55Z","daynight":"Night"}},{"type":"Feature","geometry":{"type":"Point","coordinates":[-39.43368,-17.24833]},"properties":{"source":"VIIRS (NOAA-20)","resolution_m":375,"frp":2.78,"intensity":"low","confidence":"n","acq_datetime":"2026-10-03 03:57Z","daynight":"Night"}},{"type":"Feature","geometry":{"type":"Point","coordinates":[-40.53386,-16.55479]},"properties":{"source":"VIIRS (NOAA-20)","resolution_m":375,"frp":0.86,"intensity":"low","confidence":"n","acq_datetime":"2026-10-03 03:57Z","daynight":"Night"}},{"type":"Feature","geometry":{"type":"Point","coordinates":[-40.53757,-16.55419]},"properties":{"source":"VIIRS (NOAA-20)","resolution_m":375,"frp":3.84,"intensity":"low","confidence":"n","acq_datetime":"2026-10-03 03:57Z","daynight":"Night"}},{"type":"Feature","geometry":{"type":"Point","coordinates":[-40.54496,-16.55298]},"properties":{"source":"VIIRS (NOAA-20)","resolution_m":375,"frp":0.87,"intensity":"low","confidence":"n","acq_datetime":"2026-10-03 03:57Z","daynight":"Night"}},{"type":"Feature","geometry":{"type":"Point","coordinates":[-40.53325,-16.55145]},"properties":{"source":"VIIRS (NOAA-20)","resolution_m":375,"frp":0.86,"intensity":"low","confidence":"n","acq_datetime":"2026-10-03 03:57Z","daynight":"Night"}},{"type":"Feature","geometry":{"type":"Point","coordinates":[-40.556,-16.55117]},"properties":{"source":"VIIRS (NOAA-20)","resolution_m":375,"frp":0.6,"intensity":"low","confidence":"n","acq_datetime":"2026-10-03 03:57Z","daynight":"Night"}},{"type":"Feature","geometry":{"type":"Point","coordinates":[-40.54435,-16.54963]},"properties":{"source":"VIIRS (NOAA-20)","resolution_m":375,"frp":0.87,"intensity":"low","confidence":"n","acq_datetime":"2026-10-03 03:57Z","daynight":"Night"}},{"type":"Feature","geometry":{"type":"Point","coordinates":[-40.52094,-16.54656]},"properties":{"source":"VIIRS (NOAA-20)","resolution_m":375,"frp":3.41,"intensity":"low","confidence":"n","acq_datetime":"2026-10-03 03:57Z","daynight":"Night"}},{"type":"Feature","geometry":{"type":"Point","coordinates":[-40.52464,-16.54595]},"properties":{"source":"VIIRS (NOAA-20)","resolution_m":375,"frp":3.41,"intensity":"low","confidence":"n","acq_datetime":"2026-10-03 03:57Z","daynight":"Night"}},{"type":"Feature","geometry":{"type":"Point","coordinates":[-40.55847,-16.54386]},"properties":{"source":"VIIRS (NOAA-20)","resolution_m":375,"frp":2.16,"intensity":"low","confidence":"n","acq_datetime":"2026-10-03 03:57Z","daynight":"Night"}},{"type":"Feature","geometry":{"type":"Point","coordinates":[-40.52408,-16.5426]},"properties":{"source":"VIIRS (NOAA-20)","resolution_m":375,"frp":1.36,"intensity":"low","confidence":"n","acq_datetime":"2026-10-03 03:57Z","daynight":"Night"}},{"type":"Feature","geometry":{"type":"Point","coordinates":[-40.52352,-16.53924]},"properties":{"source":"VIIRS (NOAA-20)","resolution_m":375,"frp":1.36,"intensity":"low","confidence":"n","acq_datetime":"2026-10-03 03:57Z","daynight":"Night"}},{"type":"Feature","geometry":{"type":"Point","coordinates":[-40.54024,-16.52614]},"properties":{"source":"VIIRS (NOAA-20)","resolution_m":375,"frp":3.31,"intensity":"low","confidence":"n","acq_datetime":"2026-10-03 03:57Z","daynight":"Night"}},{"type":"Feature","geometry":{"type":"Point","coordinates":[-40.54394,-16.52554]},"properties":{"source":"VIIRS (NOAA-20)","resolution_m":375,"frp":3.31,"intensity":"low","confidence":"n","acq_datetime":"2026-10-03 03:57Z","daynight":"Night"}},{"type":"Feature","geometry":{"type":"Point","coordinates":[-42.25875,-16.1347]},"properties":{"source":"VIIRS (NOAA-20)","resolution_m":375,"frp":1.82,"intensity":"low","confidence":"n","acq_datetime":"2026-10-03 03:57Z","daynight":"Night"}},{"type":"Feature","geometry":{"type":"Point","coordinates":[-42.22546,-16.12205]},"properties":{"source":"VIIRS (NOAA-20)","resolution_m":375,"frp":3.14,"intensity":"low","confidence":"n","acq_datetime":"2026-10-03 03:57Z","daynight":"Night"}},{"type":"Feature","geometry":{"type":"Point","coordinates":[-42.22937,-16.12137]},"properties":{"source":"VIIRS (NOAA-20)","resolution_m":375,"frp":1.08,"intensity":"low","confidence":"n","acq_datetime":"2026-10-03 03:57Z","daynight":"Night"}},{"type":"Feature","geometry":{"type":"Point","coordinates":[-39.24786,-15.7086]},"properties":{"source":"VIIRS (NOAA-20)","resolution_m":375,"frp":1.02,"intensity":"low","confidence":"n","acq_datetime":"2026-10-03 03:57Z","daynight":"Night"}},{"type":"Feature","geometry":{"type":"Point","coordinates":[-40.10973,-15.24983]},"properties":{"source":"VIIRS (NOAA-20)","resolution_m":375,"frp":0.87,"intensity":"low","confidence":"n","acq_datetime":"2026-10-03 03:57Z","daynight":"Night"}},{"type":"Feature","geometry":{"type":"Point","coordinates":[-43.27118,-15.24257]},"properties":{"source":"VIIRS (NOAA-20)","resolution_m":375,"frp":13.81,"intensity":"moderate","confidence":"n","acq_datetime":"2026-10-03 03:57Z","daynight":"Night"}},{"type":"Feature","geometry":{"type":"Point","coordinates":[-43.27602,-15.24172]},"properties":{"source":"VIIRS (NOAA-20)","resolution_m":375,"frp":78.76,"intensity":"high","confidence":"n","acq_datetime":"2026-10-03 03:57Z","daynight":"Night"}},{"type":"Feature","geometry":{"type":"Point","coordinates":[-43.27299,-15.24097]},"properties":{"source":"VIIRS (NOAA-20)","resolution_m":375,"frp":103.18,"intensity":"high","confidence":"n","acq_datetime":"2026-10-03 03:57Z","daynight":"Night"}},{"type":"Feature","geometry":{"type":"Point","coordinates":[-43.27782,-15.2401]},"properties":{"source":"VIIRS (NOAA-20)","resolution_m":375,"frp":103.18,"intensity":"high","confidence":"n","acq_datetime":"2026-10-03 03:57Z","daynight":"Night"}},{"type":"Feature","geometry":{"type":"Point","coordinates":[-43.27047,-15.23876]},"properties":{"source":"VIIRS (NOAA-20)","resolution_m":375,"frp":13.81,"intensity":"moderate","confidence":"n","acq_datetime":"2026-10-03 03:57Z","daynight":"Night"}},{"type":"Feature","geometry":{"type":"Point","coordinates":[-43.26749,-15.23804]},"properties":{"source":"VIIRS (NOAA-20)","resolution_m":375,"frp":4.37,"intensity":"low","confidence":"n","acq_datetime":"2026-10-03 03:57Z","daynight":"Night"}},{"type":"Feature","geometry":{"type":"Point","coordinates":[-43.27529,-15.23792]},"properties":{"source":"VIIRS (NOAA-20)","resolution_m":375,"frp":78.76,"intensity":"high","confidence":"n","acq_datetime":"2026-10-03 03:57Z","daynight":"Night"}},{"type":"Feature","geometry":{"type":"Point","coordinates":[-43.28014,-15.23707]},"properties":{"source":"VIIRS (NOAA-20)","resolution_m":375,"frp":78.76,"intensity":"high","confidence":"n","acq_datetime":"2026-10-03 03:57Z","daynight":"Night"}},{"type":"Feature","geometry":{"type":"Point","coordinates":[-43.2771,-15.23629]},"properties":{"source":"VIIRS (NOAA-20)","resolution_m":375,"frp":103.18,"intensity":"high","confidence":"n","acq_datetime":"2026-10-03 03:57Z","daynight":"Night"}},{"type":"Feature","geometry":{"type":"Point","coordinates":[-43.28194,-15.23542]},"properties":{"source":"VIIRS (NOAA-20)","resolution_m":375,"frp":3.99,"intensity":"low","confidence":"n","acq_datetime":"2026-10-03 03:57Z","daynight":"Night"}},{"type":"Feature","geometry":{"type":"Point","coordinates":[-43.26975,-15.23495]},"properties":{"source":"VIIRS (NOAA-20)","resolution_m":375,"frp":4.29,"intensity":"low","confidence":"n","acq_datetime":"2026-10-03 03:57Z","daynight":"Night"}},{"type":"Feature","geometry":{"type":"Point","coordinates":[-43.27457,-15.23411]},"properties":{"source":"VIIRS (NOAA-20)","resolution_m":375,"frp":19.67,"intensity":"moderate","confidence":"n","acq_datetime":"2026-10-03 03:57Z","daynight":"Night"}},{"type":"Feature","geometry":{"type":"Point","coordinates":[-43.27941,-15.23327]},"properties":{"source":"VIIRS (NOAA-20)","resolution_m":375,"frp":19.67,"intensity":"moderate","confidence":"n","acq_datetime":"2026-10-03 03:57Z","daynight":"Night"}},{"type":"Feature","geometry":{"type":"Point","coordinates":[-42.51749,-15.15513]},"properties":{"source":"VIIRS (NOAA-20)","resolution_m":375,"frp":0.83,"intensity":"low","confidence":"n","acq_datetime":"2026-10-03 03:57Z","daynight":"Night"}},{"type":"Feature","geometry":{"type":"Point","coordinates":[-39.27338,-14.94023]},"properties":{"source":"VIIRS (NOAA-20)","resolution_m":375,"frp":1.92,"intensity":"low","confidence":"n","acq_datetime":"2026-10-03 03:57Z","daynight":"Night"}},{"type":"Feature","geometry":{"type":"Point","coordinates":[-39.84726,-14.78303]},"properties":{"source":"VIIRS (NOAA-20)","resolution_m":375,"frp":1.91,"intensity":"low","confidence":"n","acq_datetime":"2026-10-03 03:57Z","daynight":"Night"}},{"type":"Feature","geometry":{"type":"Point","coordinates":[-44.39501,-13.52203]},"properties":{"source":"VIIRS (NOAA-20)","resolution_m":375,"frp":2.35,"intensity":"low","confidence":"n","acq_datetime":"2026-10-03 03:57Z","daynight":"Night"}},{"type":"Feature","geometry":{"type":"Point","coordinates":[-44.39782,-13.52186]},"properties":{"source":"VIIRS (NOAA-20)","resolution_m":375,"frp":4.45,"intensity":"low","confidence":"n","acq_datetime":"2026-10-03 03:57Z","daynight":"Night"}},{"type":"Feature","geometry":{"type":"Point","coordinates":[-44.39887,-13.52135]},"properties":{"source":"VIIRS (NOAA-20)","resolution_m":375,"frp":2.35,"intensity":"low","confidence":"n","acq_datetime":"2026-10-03 03:57Z","daynight":"Night"}},{"type":"Feature","geometry":{"type":"Point","coordinates":[-44.37326,-13.49561]},"properties":{"source":"VIIRS (NOAA-20)","resolution_m":375,"frp":9.44,"intensity":"low","confidence":"n","acq_datetime":"2026-10-03 03:57Z","daynight":"Night"}},{"type":"Feature","geometry":{"type":"Point","coordinates":[-51.17527,-29.77843]},"properties":{"source":"VIIRS (NOAA-20)","resolution_m":375,"frp":2.23,"intensity":"low","confidence":"n","acq_datetime":"2026-10-03 04:02Z","daynight":"Night"}},{"type":"Feature","geometry":{"type":"Point","coordinates":[-51.18097,-29.77714]},"properties":{"source":"VIIRS (NOAA-20)","resolution_m":375,"frp":3.8,"intensity":"low","confidence":"n","acq_datetime":"2026-10-03 04:02Z","daynight":"Night"}},{"type":"Feature","geometry":{"type":"Point","coordinates":[-55.49383,-26.03751]},"properties":{"source":"VIIRS (NOAA-20)","resolution_m":375,"frp":0.47,"intensity":"low","confidence":"n","acq_datetime":"2026-10-03 04:02Z","daynight":"Night"}},{"type":"Feature","geometry":{"type":"Point","coordinates":[-55.49748,-26.03669]},"properties":{"source":"VIIRS (NOAA-20)","resolution_m":375,"frp":0.57,"intensity":"low","confidence":"n","acq_datetime":"2026-10-03 04:02Z","daynight":"Night"}},{"type":"Feature","geometry":{"type":"Point","coordinates":[-55.49188,-26.03114]},"properties":{"source":"VIIRS (NOAA-20)","resolution_m":375,"frp":0.56,"intensity":"low","confidence":"n","acq_datetime":"2026-10-03 04:02Z","daynight":"Night"}},{"type":"Feature","geometry":{"type":"Point","coordinates":[-55.49542,-26.03035]},"properties":{"source":"VIIRS (NOAA-20)","resolution_m":375,"frp":0.78,"intensity":"low","confidence":"n","acq_datetime":"2026-10-03 04:02Z","daynight":"Night"}},{"type":"Feature","geometry":{"type":"Point","coordinates":[-51.41977,0.07702]},"properties":{"source":"MODIS (Terra/Aqua)","resolution_m":1000,"frp":4.01,"intensity":"low","confidence":"65","acq_datetime":"2026-10-03 00:01Z","daynight":"Night"}},{"type":"Feature","geometry":{"type":"Point","coordinates":[-51.56561,0.60084]},"properties":{"source":"MODIS (Terra/Aqua)","resolution_m":1000,"frp":7.69,"intensity":"low","confidence":"62","acq_datetime":"2026-10-03 00:01Z","daynight":"Night"}},{"type":"Feature","geometry":{"type":"Point","coordinates":[-50.80298,1.7379]},"properties":{"source":"MODIS (Terra/Aqua)","resolution_m":1000,"frp":7.74,"intensity":"low","confidence":"81","acq_datetime":"2026-10-03 00:01Z","daynight":"Night"}},{"type":"Feature","geometry":{"type":"Point","coordinates":[-50.80421,1.7467]},"properties":{"source":"MODIS (Terra/Aqua)","resolution_m":1000,"frp":7.95,"intensity":"low","confidence":"73","acq_datetime":"2026-10-03 00:01Z","daynight":"Night"}},{"type":"Feature","geometry":{"type":"Point","coordinates":[-50.81419,1.7543]},"properties":{"source":"MODIS (Terra/Aqua)","resolution_m":1000,"frp":8.21,"intensity":"low","confidence":"80","acq_datetime":"2026-10-03 00:01Z","daynight":"Night"}},{"type":"Feature","geometry":{"type":"Point","coordinates":[-55.61527,1.78225]},"properties":{"source":"MODIS (Terra/Aqua)","resolution_m":1000,"frp":78.47,"intensity":"high","confidence":"100","acq_datetime":"2026-10-03 00:01Z","daynight":"Night"}},{"type":"Feature","geometry":{"type":"Point","coordinates":[-55.60069,1.78434]},"properties":{"source":"MODIS (Terra/Aqua)","resolution_m":1000,"frp":24.24,"intensity":"moderate","confidence":"90","acq_datetime":"2026-10-03 00:01Z","daynight":"Night"}},{"type":"Feature","geometry":{"type":"Point","coordinates":[-55.61682,1.79344]},"properties":{"source":"MODIS (Terra/Aqua)","resolution_m":1000,"frp":9.48,"intensity":"low","confidence":"63","acq_datetime":"2026-10-03 00:01Z","daynight":"Night"}},{"type":"Feature","geometry":{"type":"Point","coordinates":[-55.60228,1.79551]},"properties":{"source":"MODIS (Terra/Aqua)","resolution_m":1000,"frp":17.82,"intensity":"moderate","confidence":"82","acq_datetime":"2026-10-03 00:01Z","daynight":"Night"}},{"type":"Feature","geometry":{"type":"Point","coordinates":[-55.5877,1.79758]},"properties":{"source":"MODIS (Terra/Aqua)","resolution_m":1000,"frp":54.99,"intensity":"high","confidence":"100","acq_datetime":"2026-10-03 00:01Z","daynight":"Night"}},{"type":"Feature","geometry":{"type":"Point","coordinates":[-55.57322,1.79964]},"properties":{"source":"MODIS (Terra/Aqua)","resolution_m":1000,"frp":44.35,"intensity":"moderate","confidence":"100","acq_datetime":"2026-10-03 00:01Z","daynight":"Night"}},{"type":"Feature","geometry":{"type":"Point","coordinates":[-55.5747,1.81079]},"properties":{"source":"MODIS (Terra/Aqua)","resolution_m":1000,"frp":17.16,"intensity":"moderate","confidence":"81","acq_datetime":"2026-10-03 00:01Z","daynight":"Night"}},{"type":"Feature","geometry":{"type":"Point","coordinates":[-55.56019,1.81284]},"properties":{"source":"MODIS (Terra/Aqua)","resolution_m":1000,"frp":12.92,"intensity":"moderate","confidence":"72","acq_datetime":"2026-10-03 00:01Z","daynight":"Night"}},{"type":"Feature","geometry":{"type":"Point","coordinates":[-55.78296,1.91913]},"properties":{"source":"MODIS (Terra/Aqua)","resolution_m":1000,"frp":12.63,"intensity":"moderate","confidence":"28","acq_datetime":"2026-10-03 00:01Z","daynight":"Night"}},{"type":"Feature","geometry":{"type":"Point","coordinates":[-50.76153,2.35285]},"properties":{"source":"MODIS (Terra/Aqua)","resolution_m":1000,"frp":7.32,"intensity":"low","confidence":"78","acq_datetime":"2026-10-03 00:01Z","daynight":"Night"}},{"type":"Feature","geometry":{"type":"Point","coordinates":[-50.75277,2.35405]},"properties":{"source":"MODIS (Terra/Aqua)","resolution_m":1000,"frp":16.63,"intensity":"moderate","confidence":"100","acq_datetime":"2026-10-03 00:01Z","daynight":"Night"}},{"type":"Feature","geometry":{"type":"Point","coordinates":[-50.96373,2.56325]},"properties":{"source":"MODIS (Terra/Aqua)","resolution_m":1000,"frp":5.88,"intensity":"low","confidence":"66","acq_datetime":"2026-10-03 00:01Z","daynight":"Night"}},{"type":"Feature","geometry":{"type":"Point","coordinates":[-51.35415,3.30333]},"properties":{"source":"MODIS (Terra/Aqua)","resolution_m":1000,"frp":3.91,"intensity":"low","confidence":"54","acq_datetime":"2026-10-03 00:01Z","daynight":"Night"}},{"type":"Feature","geometry":{"type":"Point","coordinates":[-51.59412,3.69285]},"properties":{"source":"MODIS (Terra/Aqua)","resolution_m":1000,"frp":17.83,"intensity":"moderate","confidence":"100","acq_datetime":"2026-10-03 00:01Z","daynight":"Night"}},{"type":"Feature","geometry":{"type":"Point","coordinates":[-52.50343,4.84901]},"properties":{"source":"MODIS (Terra/Aqua)","resolution_m":1000,"frp":3.63,"intensity":"low","confidence":"47","acq_datetime":"2026-10-03 00:03Z","daynight":"Night"}},{"type":"Feature","geometry":{"type":"Point","coordinates":[-52.52972,4.92841]},"properties":{"source":"MODIS (Terra/Aqua)","resolution_m":1000,"frp":8.3,"intensity":"low","confidence":"77","acq_datetime":"2026-10-03 00:03Z","daynight":"Night"}},{"type":"Feature","geometry":{"type":"Point","coordinates":[-68.2105,-34.72263]},"properties":{"source":"MODIS (Terra/Aqua)","resolution_m":1000,"frp":8.57,"intensity":"low","confidence":"64","acq_datetime":"2026-10-03 01:28Z","daynight":"Night"}},{"type":"Feature","geometry":{"type":"Point","coordinates":[-58.99867,-25.79283]},"properties":{"source":"MODIS (Terra/Aqua)","resolution_m":1000,"frp":40.48,"intensity":"moderate","confidence":"34","acq_datetime":"2026-10-03 01:30Z","daynight":"Night"}},{"type":"Feature","geometry":{"type":"Point","coordinates":[-60.26367,-23.90931]},"properties":{"source":"MODIS (Terra/Aqua)","resolution_m":1000,"frp":28.58,"intensity":"moderate","confidence":"41","acq_datetime":"2026-10-03 01:32Z","daynight":"Night"}},{"type":"Feature","geometry":{"type":"Point","coordinates":[-60.07343,-23.84298]},"properties":{"source":"MODIS (Terra/Aqua)","resolution_m":1000,"frp":24.01,"intensity":"moderate","confidence":"16","acq_datetime":"2026-10-03 01:32Z","daynight":"Night"}},{"type":"Feature","geometry":{"type":"Point","coordinates":[-60.06842,-23.83636]},"properties":{"source":"MODIS (Terra/Aqua)","resolution_m":1000,"frp":40.41,"intensity":"moderate","confidence":"61","acq_datetime":"2026-10-03 01:32Z","daynight":"Night"}},{"type":"Feature","geometry":{"type":"Point","coordinates":[-60.03884,-23.83601]},"properties":{"source":"MODIS (Terra/Aqua)","resolution_m":1000,"frp":41.1,"intensity":"moderate","confidence":"64","acq_datetime":"2026-10-03 01:32Z","daynight":"Night"}},{"type":"Feature","geometry":{"type":"Point","coordinates":[-60.03384,-23.82914]},"properties":{"source":"MODIS (Terra/Aqua)","resolution_m":1000,"frp":29.93,"intensity":"moderate","confidence":"44","acq_datetime":"2026-10-03 01:32Z","daynight":"Night"}},{"type":"Feature","geometry":{"type":"Point","coordinates":[-65.46313,-23.45682]},"properties":{"source":"MODIS (Terra/Aqua)","resolution_m":1000,"frp":13.41,"intensity":"moderate","confidence":"32","acq_datetime":"2026-10-03 01:32Z","daynight":"Night"}},{"type":"Feature","geometry":{"type":"Point","coordinates":[-60.73071,-20.90152]},"properties":{"source":"MODIS (Terra/Aqua)","resolution_m":1000,"frp":29.29,"intensity":"moderate","confidence":"49","acq_datetime":"2026-10-03 01:32Z","daynight":"Night"}},{"type":"Feature","geometry":{"type":"Point","coordinates":[-62.40798,-18.46131]},"properties":{"source":"MODIS (Terra/Aqua)","resolution_m":1000,"frp":20.83,"intensity":"moderate","confidence":"42","acq_datetime":"2026-10-03 01:32Z","daynight":"Night"}},{"type":"Feature","geometry":{"type":"Point","coordinates":[-62.40276,-18.45981]},"properties":{"source":"MODIS (Terra/Aqua)","resolution_m":1000,"frp":24.03,"intensity":"moderate","confidence":"50","acq_datetime":"2026-10-03 01:32Z","daynight":"Night"}},{"type":"Feature","geometry":{"type":"Point","coordinates":[-60.88761,-17.73805]},"properties":{"source":"MODIS (Terra/Aqua)","resolution_m":1000,"frp":115.02,"intensity":"high","confidence":"82","acq_datetime":"2026-10-03 01:34Z","daynight":"Night"}},{"type":"Feature","geometry":{"type":"Point","coordinates":[-60.8952,-17.73495]},"properties":{"source":"MODIS (Terra/Aqua)","resolution_m":1000,"frp":128.38,"intensity":"high","confidence":"88","acq_datetime":"2026-10-03 01:34Z","daynight":"Night"}},{"type":"Feature","geometry":{"type":"Point","coordinates":[-61.46011,-17.13683]},"properties":{"source":"MODIS (Terra/Aqua)","resolution_m":1000,"frp":39.08,"intensity":"moderate","confidence":"28","acq_datetime":"2026-10-03 01:34Z","daynight":"Night"}},{"type":"Feature","geometry":{"type":"Point","coordinates":[-60.6324,-17.13573]},"properties":{"source":"MODIS (Terra/Aqua)","resolution_m":1000,"frp":57.25,"intensity":"high","confidence":"65","acq_datetime":"2026-10-03 01:34Z","daynight":"Night"}},{"type":"Feature","geometry":{"type":"Point","coordinates":[-60.63943,-17.13491]},"properties":{"source":"MODIS (Terra/Aqua)","resolution_m":1000,"frp":45.6,"intensity":"moderate","confidence":"57","acq_datetime":"2026-10-03 01:34Z","daynight":"Night"}},{"type":"Feature","geometry":{"type":"Point","coordinates":[-61.41711,-15.89109]},"properties":{"source":"MODIS (Terra/Aqua)","resolution_m":1000,"frp":70.32,"intensity":"high","confidence":"75","acq_datetime":"2026-10-03 01:34Z","daynight":"Night"}},{"type":"Feature","geometry":{"type":"Point","coordinates":[-61.42271,-15.88768]},"properties":{"source":"MODIS (Terra/Aqua)","resolution_m":1000,"frp":60.1,"intensity":"high","confidence":"69","acq_datetime":"2026-10-03 01:34Z","daynight":"Night"}},{"type":"Feature","geometry":{"type":"Point","coordinates":[-61.19883,-15.2978]},"properties":{"source":"MODIS (Terra/Aqua)","resolution_m":1000,"frp":43.41,"intensity":"moderate","confidence":"49","acq_datetime":"2026-10-03 01:34Z","daynight":"Night"}},{"type":"Feature","geometry":{"type":"Point","coordinates":[-61.20401,-15.29646]},"properties":{"source":"MODIS (Terra/Aqua)","resolution_m":1000,"frp":37.23,"intensity":"moderate","confidence":"38","acq_datetime":"2026-10-03 01:34Z","daynight":"Night"}},{"type":"Feature","geometry":{"type":"Point","coordinates":[-61.53685,-15.01261]},"properties":{"source":"MODIS (Terra/Aqua)","resolution_m":1000,"frp":34.03,"intensity":"moderate","confidence":"47","acq_datetime":"2026-10-03 01:34Z","daynight":"Night"}},{"type":"Feature","geometry":{"type":"Point","coordinates":[-61.49715,-15.00511]},"properties":{"source":"MODIS (Terra/Aqua)","resolution_m":1000,"frp":29.66,"intensity":"moderate","confidence":"38","acq_datetime":"2026-10-03 01:34Z","daynight":"Night"}},{"type":"Feature","geometry":{"type":"Point","coordinates":[-61.50243,-15.0025]},"properties":{"source":"MODIS (Terra/Aqua)","resolution_m":1000,"frp":33.08,"intensity":"moderate","confidence":"48","acq_datetime":"2026-10-03 01:34Z","daynight":"Night"}},{"type":"Feature","geometry":{"type":"Point","coordinates":[-71.64617,-14.62149]},"properties":{"source":"MODIS (Terra/Aqua)","resolution_m":1000,"frp":11.81,"intensity":"moderate","confidence":"66","acq_datetime":"2026-10-03 01:34Z","daynight":"Night"}},{"type":"Feature","geometry":{"type":"Point","coordinates":[-71.63712,-14.62022]},"properties":{"source":"MODIS (Terra/Aqua)","resolution_m":1000,"frp":25.46,"intensity":"moderate","confidence":"100","acq_datetime":"2026-10-03 01:34Z","daynight":"Night"}},{"type":"Feature","geometry":{"type":"Point","coordinates":[-72.43951,-13.75376]},"properties":{"source":"MODIS (Terra/Aqua)","resolution_m":1000,"frp":15.51,"intensity":"moderate","confidence":"94","acq_datetime":"2026-10-03 01:34Z","daynight":"Night"}},{"type":"Feature","geometry":{"type":"Point","coordinates":[-65.82497,-13.68251]},"properties":{"source":"MODIS (Terra/Aqua)","resolution_m":1000,"frp":27.92,"intensity":"moderate","confidence":"81","acq_datetime":"2026-10-03 01:34Z","daynight":"Night"}},{"type":"Feature","geometry":{"type":"Point","coordinates":[-65.80517,-13.67925]},"properties":{"source":"MODIS (Terra/Aqua)","resolution_m":1000,"frp":18.0,"intensity":"moderate","confidence":"66","acq_datetime":"2026-10-03 01:34Z","daynight":"Night"}},{"type":"Feature","geometry":{"type":"Point","coordinates":[-74.67374,-13.5814]},"properties":{"source":"MODIS (Terra/Aqua)","resolution_m":1000,"frp":9.79,"intensity":"low","confidence":"33","acq_datetime":"2026-10-03 01:34Z","daynight":"Night"}},{"type":"Feature","geometry":{"type":"Point","coordinates":[-74.67603,-13.57213]},"properties":{"source":"MODIS (Terra/Aqua)","resolution_m":1000,"frp":17.53,"intensity":"moderate","confidence":"80","acq_datetime":"2026-10-03 01:34Z","daynight":"Night"}},{"type":"Feature","geometry":{"type":"Point","coordinates":[-74.66518,-13.57073]},"properties":{"source":"MODIS (Terra/Aqua)","resolution_m":1000,"frp":9.22,"intensity":"low","confidence":"26","acq_datetime":"2026-10-03 01:34Z","daynight":"Night"}},{"type":"Feature","geometry":{"type":"Point","coordinates":[-72.1741,-13.27453]},"properties":{"source":"MODIS (Terra/Aqua)","resolution_m":1000,"frp":91.48,"intensity":"high","confidence":"100","acq_datetime":"2026-10-03 01:34Z","daynight":"Night"}},{"type":"Feature","geometry":{"type":"Point","coordinates":[-72.16517,-13.27329]},"properties":{"source":"MODIS (Terra/Aqua)","resolution_m":1000,"frp":25.55,"intensity":"moderate","confidence":"100","acq_datetime":"2026-10-03 01:34Z","daynight":"Night"}},{"type":"Feature","geometry":{"type":"Point","coordinates":[-72.17548,-13.26575]},"properties":{"source":"MODIS (Terra/Aqua)","resolution_m":1000,"frp":158.2,"intensity":"high","confidence":"100","acq_datetime":"2026-10-03 01:34Z","daynight":"Night"}},{"type":"Feature","geometry":{"type":"Point","coordinates":[-72.16662,-13.2645]},"properties":{"source":"MODIS (Terra/Aqua)","resolution_m":1000,"frp":16.96,"intensity":"moderate","confidence":"94","acq_datetime":"2026-10-03 01:34Z","daynight":"Night"}},{"type":"Feature","geometry":{"type":"Point","coordinates":[-72.16792,-13.25572]},"properties":{"source":"MODIS (Terra/Aqua)","resolution_m":1000,"frp":9.63,"intensity":"low","confidence":"45","acq_datetime":"2026-10-03 01:34Z","daynight":"Night"}},{"type":"Feature","geometry":{"type":"Point","coordinates":[-72.15914,-13.25449]},"properties":{"source":"MODIS (Terra/Aqua)","resolution_m":1000,"frp":13.46,"intensity":"moderate","confidence":"79","acq_datetime":"2026-10-03 01:34Z","daynight":"Night"}},{"type":"Feature","geometry":{"type":"Point","coordinates":[-67.19106,-12.77305]},"properties":{"source":"MODIS (Terra/Aqua)","resolution_m":1000,"frp":255.27,"intensity":"extreme","confidence":"100","acq_datetime":"2026-10-03 01:34Z","daynight":"Night"}},{"type":"Feature","geometry":{"type":"Point","coordinates":[-67.17496,-12.77048]},"properties":{"source":"MODIS (Terra/Aqua)","resolution_m":1000,"frp":59.9,"intensity":"high","confidence":"100","acq_datetime":"2026-10-03 01:34Z","daynight":"Night"}},{"type":"Feature","geometry":{"type":"Point","coordinates":[-69.02361,-12.43347]},"properties":{"source":"MODIS (Terra/Aqua)","resolution_m":1000,"frp":10.49,"intensity":"moderate","confidence":"70","acq_datetime":"2026-10-03 01:34Z","daynight":"Night"}},{"type":"Feature","geometry":{"type":"Point","coordinates":[-63.17658,-12.14094]},"properties":{"source":"MODIS (Terra/Aqua)","resolution_m":1000,"frp":22.2,"intensity":"moderate","confidence":"46","acq_datetime":"2026-10-03 01:34Z","daynight":"Night"}},{"type":"Feature","geometry":{"type":"Point","coordinates":[-63.18333,-12.13285]},"properties":{"source":"MODIS (Terra/Aqua)","resolution_m":1000,"frp":23.04,"intensity":"moderate","confidence":"44","acq_datetime":"2026-10-03 01:34Z","daynight":"Night"}},{"type":"Feature","geometry":{"type":"Point","coordinates":[-74.83353,-10.91773]},"properties":{"source":"MODIS (Terra/Aqua)","resolution_m":1000,"frp":10.03,"intensity":"moderate","confidence":"82","acq_datetime":"2026-10-03 01:34Z","daynight":"Night"}},{"type":"Feature","geometry":{"type":"Point","coordinates":[-74.82366,-10.91644]},"properties":{"source":"MODIS (Terra/Aqua)","resolution_m":1000,"frp":3.43,"intensity":"low","confidence":"42","acq_datetime":"2026-10-03 01:34Z","daynight":"Night"}},{"type":"Feature","geometry":{"type":"Point","coordinates":[-74.83472,-10.90847]},"properties":{"source":"MODIS (Terra/Aqua)","resolution_m":1000,"frp":3.76,"intensity":"low","confidence":"43","acq_datetime":"2026-10-03 01:34Z","daynight":"Night"}},{"type":"Feature","geometry":{"type":"Point","coordinates":[-65.73507,-9.62038]},"properties":{"source":"MODIS (Terra/Aqua)","resolution_m":1000,"frp":14.06,"intensity":"moderate","confidence":"51","acq_datetime":"2026-10-03 01:34Z","daynight":"Night"}},{"type":"Feature","geometry":{"type":"Point","coordinates":[-68.52388,-9.54814]},"properties":{"source":"MODIS (Terra/Aqua)","resolution_m":1000,"frp":12.35,"intensity":"moderate","confidence":"67","acq_datetime":"2026-10-03 01:34Z","daynight":"Night"}},{"type":"Feature","geometry":{"type":"Point","coordinates":[-65.70738,-9.016]},"properties":{"source":"MODIS (Terra/Aqua)","resolution_m":1000,"frp":15.1,"intensity":"moderate","confidence":"28","acq_datetime":"2026-10-03 01:34Z","daynight":"Night"}},{"type":"Feature","geometry":{"type":"Point","coordinates":[-65.70223,-9.0068]},"properties":{"source":"MODIS (Terra/Aqua)","resolution_m":1000,"frp":16.43,"intensity":"moderate","confidence":"42","acq_datetime":"2026-10-03 01:34Z","daynight":"Night"}},{"type":"Feature","geometry":{"type":"Point","coordinates":[-66.79253,-8.86812]},"properties":{"source":"MODIS (Terra/Aqua)","resolution_m":1000,"frp":7.72,"intensity":"low","confidence":"27","acq_datetime":"2026-10-03 01:34Z","daynight":"Night"}},{"type":"Feature","geometry":{"type":"Point","coordinates":[-66.79465,-8.85529]},"properties":{"source":"MODIS (Terra/Aqua)","resolution_m":1000,"frp":44.37,"intensity":"moderate","confidence":"94","acq_datetime":"2026-10-03 01:34Z","daynight":"Night"}},{"type":"Feature","geometry":{"type":"Point","coordinates":[-66.74308,-8.70212]},"properties":{"source":"MODIS (Terra/Aqua)","resolution_m":1000,"frp":16.76,"intensity":"moderate","confidence":"66","acq_datetime":"2026-10-03 01:34Z","daynight":"Night"}},{"type":"Feature","geometry":{"type":"Point","coordinates":[-66.72799,-8.7008]},"properties":{"source":"MODIS (Terra/Aqua)","resolution_m":1000,"frp":19.37,"intensity":"moderate","confidence":"70","acq_datetime":"2026-10-03 01:34Z","daynight":"Night"}},{"type":"Feature","geometry":{"type":"Point","coordinates":[-77.68716,-9.08992]},"properties":{"source":"MODIS (Terra/Aqua)","resolution_m":1000,"frp":41.94,"intensity":"moderate","confidence":"100","acq_datetime":"2026-10-03 01:37Z","daynight":"Night"}},{"type":"Feature","geometry":{"type":"Point","coordinates":[-77.68628,-9.07877]},"properties":{"source":"MODIS (Terra/Aqua)","resolution_m":1000,"frp":19.36,"intensity":"moderate","confidence":"63","acq_datetime":"2026-10-03 01:37Z","daynight":"Night"}},{"type":"Feature","geometry":{"type":"Point","coordinates":[-78.02407,-8.44414]},"properties":{"source":"MODIS (Terra/Aqua)","resolution_m":1000,"frp":15.9,"intensity":"moderate","confidence":"31","acq_datetime":"2026-10-03 01:37Z","daynight":"Night"}},{"type":"Feature","geometry":{"type":"Point","coordinates":[-78.036,-8.3559]},"properties":{"source":"MODIS (Terra/Aqua)","resolution_m":1000,"frp":14.82,"intensity":"moderate","confidence":"35","acq_datetime":"2026-10-03 01:37Z","daynight":"Night"}},{"type":"Feature","geometry":{"type":"Point","coordinates":[-78.34864,-2.00411]},"properties":{"source":"MODIS (Terra/Aqua)","resolution_m":1000,"frp":22.79,"intensity":"moderate","confidence":"66","acq_datetime":"2026-10-03 01:37Z","daynight":"Night"}},{"type":"Feature","geometry":{"type":"Point","coordinates":[34.13764,52.15407]},"properties":{"source":"VIIRS (NOAA-20)","resolution_m":375,"frp":1.19,"intensity":"low","confidence":"n","acq_datetime":"2026-10-03 00:13Z","daynight":"Night"}},{"type":"Feature","geometry":{"type":"Point","coordinates":[33.82841,52.17344]},"properties":{"source":"VIIRS (NOAA-20)","resolution_m":375,"frp":0.89,"intensity":"low","confidence":"n","acq_datetime":"2026-10-03 00:13Z","daynight":"Night"}},{"type":"Feature","geometry":{"type":"Point","coordinates":[32.66521,52.33096]},"properties":{"source":"VIIRS (NOAA-20)","resolution_m":375,"frp":0.95,"intensity":"low","confidence":"n","acq_datetime":"2026-10-03 00:13Z","daynight":"Night"}},{"type":"Feature","geometry":{"type":"Point","coordinates":[32.65954,52.33197]},"properties":{"source":"VIIRS (NOAA-20)","resolution_m":375,"frp":0.82,"intensity":"low","confidence":"n","acq_datetime":"2026-10-03 00:13Z","daynight":"Night"}},{"type":"Feature","geometry":{"type":"Point","coordinates":[33.48689,52.38601]},"properties":{"source":"VIIRS (NOAA-20)","resolution_m":375,"frp":1.3,"intensity":"low","confidence":"n","acq_datetime":"2026-10-03 00:13Z","daynight":"Night"}},{"type":"Feature","geometry":{"type":"Point","coordinates":[40.05114,52.54559]},"properties":{"source":"VIIRS (NOAA-20)","resolution_m":375,"frp":0.8,"intensity":"low","confidence":"n","acq_datetime":"2026-10-03 00:13Z","daynight":"Night"}},{"type":"Feature","geometry":{"type":"Point","coordinates":[40.26,53.34739]},"properties":{"source":"VIIRS (NOAA-20)","resolution_m":375,"frp":1.9,"intensity":"low","confidence":"n","acq_datetime":"2026-10-03 00:13Z","daynight":"Night"}},{"type":"Feature","geometry":{"type":"Point","coordinates":[40.26266,53.35123]},"properties":{"source":"VIIRS (NOAA-20)","resolution_m":375,"frp":1.9,"intensity":"low","confidence":"n","acq_datetime":"2026-10-03 00:13Z","daynight":"Night"}},{"type":"Feature","geometry":{"type":"Point","coordinates":[34.10201,53.36453]},"properties":{"source":"VIIRS (NOAA-20)","resolution_m":375,"frp":3.96,"intensity":"low","confidence":"n","acq_datetime":"2026-10-03 00:13Z","daynight":"Night"}},{"type":"Feature","geometry":{"type":"Point","coordinates":[34.09605,53.36565]},"properties":{"source":"VIIRS (NOAA-20)","resolution_m":375,"frp":6.67,"intensity":"low","confidence":"n","acq_datetime":"2026-10-03 00:13Z","daynight":"Night"}},{"type":"Feature","geometry":{"type":"Point","coordinates":[34.41405,53.44307]},"properties":{"source":"VIIRS (NOAA-20)","resolution_m":375,"frp":2.38,"intensity":"low","confidence":"n","acq_datetime":"2026-10-03 00:13Z","daynight":"Night"}},{"type":"Feature","geometry":{"type":"Point","coordinates":[38.18283,54.08483]},"properties":{"source":"VIIRS (NOAA-20)","resolution_m":375,"frp":3.81,"intensity":"low","confidence":"n","acq_datetime":"2026-10-03 00:13Z","daynight":"Night"}},{"type":"Feature","geometry":{"type":"Point","coordinates":[28.3519,54.19385]},"properties":{"source":"VIIRS (NOAA-20)","resolution_m":375,"frp":1.55,"intensity":"low","confidence":"n","acq_datetime":"2026-10-03 00:13Z","daynight":"Night"}},{"type":"Feature","geometry":{"type":"Point","coordinates":[28.3457,54.19467]},"properties":{"source":"VIIRS (NOAA-20)","resolution_m":375,"frp":1.87,"intensity":"low","confidence":"n","acq_datetime":"2026-10-03 00:13Z","daynight":"Night"}},{"type":"Feature","geometry":{"type":"Point","coordinates":[38.87095,54.24551]},"properties":{"source":"VIIRS (NOAA-20)","resolution_m":375,"frp":1.29,"intensity":"low","confidence":"n","acq_datetime":"2026-10-03 00:13Z","daynight":"Night"}},{"type":"Feature","geometry":{"type":"Point","coordinates":[21.79783,55.09622]},"properties":{"source":"VIIRS (NOAA-20)","resolution_m":375,"frp":0.83,"intensity":"low","confidence":"n","acq_datetime":"2026-10-03 00:13Z","daynight":"Night"}},{"type":"Feature","geometry":{"type":"Point","coordinates":[28.58452,55.50539]},"properties":{"source":"VIIRS (NOAA-20)","resolution_m":375,"frp":0.53,"intensity":"low","confidence":"n","acq_datetime":"2026-10-03 00:13Z","daynight":"Night"}},{"type":"Feature","geometry":{"type":"Point","coordinates":[37.76184,55.55491]},"properties":{"source":"VIIRS (NOAA-20)","resolution_m":375,"frp":0.71,"intensity":"low","confidence":"n","acq_datetime":"2026-10-03 00:13Z","daynight":"Night"}},{"type":"Feature","geometry":{"type":"Point","coordinates":[31.75144,56.63319]},"properties":{"source":"VIIRS (NOAA-20)","resolution_m":375,"frp":1.05,"intensity":"low","confidence":"n","acq_datetime":"2026-10-03 00:13Z","daynight":"Night"}},{"type":"Feature","geometry":{"type":"Point","coordinates":[31.77653,56.7364]},"properties":{"source":"VIIRS (NOAA-20)","resolution_m":375,"frp":0.62,"intensity":"low","confidence":"n","acq_datetime":"2026-10-03 00:13Z","daynight":"Night"}},{"type":"Feature","geometry":{"type":"Point","coordinates":[9.96886,57.06157]},"properties":{"source":"VIIRS (NOAA-20)","resolution_m":375,"frp":2.06,"intensity":"low","confidence":"n","acq_datetime":"2026-10-03 00:13Z","daynight":"Night"}},{"type":"Feature","geometry":{"type":"Point","coordinates":[9.97261,57.06326]},"properties":{"source":"VIIRS (NOAA-20)","resolution_m":375,"frp":1.43,"intensity":"low","confidence":"n","acq_datetime":"2026-10-03 00:13Z","daynight":"Night"}},{"type":"Feature","geometry":{"type":"Point","coordinates":[12.37499,58.36158]},"properties":{"source":"VIIRS (NOAA-20)","resolution_m":375,"frp":0.46,"intensity":"low","confidence":"n","acq_datetime":"2026-10-03 00:13Z","daynight":"Night"}},{"type":"Feature","geometry":{"type":"Point","coordinates":[37.78776,59.13008]},"properties":{"source":"VIIRS (NOAA-20)","resolution_m":375,"frp":2.98,"intensity":"low","confidence":"n","acq_datetime":"2026-10-03 00:13Z","daynight":"Night"}},{"type":"Feature","geometry":{"type":"Point","coordinates":[37.79007,59.1333]},"properties":{"source":"VIIRS (NOAA-20)","resolution_m":375,"frp":2.98,"intensity":"low","confidence":"n","acq_datetime":"2026-10-03 00:13Z","daynight":"Night"}},{"type":"Feature","geometry":{"type":"Point","coordinates":[37.83975,59.13852]},"properties":{"source":"VIIRS (NOAA-20)","resolution_m":375,"frp":0.91,"intensity":"low","confidence":"n","acq_datetime":"2026-10-03 00:13Z","daynight":"Night"}},{"type":"Feature","geometry":{"type":"Point","coordinates":[37.81051,59.14041]},"properties":{"source":"VIIRS (NOAA-20)","resolution_m":375,"frp":1.79,"intensity":"low","confidence":"n","acq_datetime":"2026-10-03 00:13Z","daynight":"Night"}},{"type":"Feature","geometry":{"type":"Point","coordinates":[37.85117,59.14367]},"properties":{"source":"VIIRS (NOAA-20)","resolution_m":375,"frp":1.24,"intensity":"low","confidence":"n","acq_datetime":"2026-10-03 00:13Z","daynight":"Night"}},{"type":"Feature","geometry":{"type":"Point","coordinates":[37.84441,59.14495]},"properties":{"source":"VIIRS (NOAA-20)","resolution_m":375,"frp":1.16,"intensity":"low","confidence":"n","acq_datetime":"2026-10-03 00:13Z","daynight":"Night"}},{"type":"Feature","geometry":{"type":"Point","coordinates":[37.82187,59.14557]},"properties":{"source":"VIIRS (NOAA-20)","resolution_m":375,"frp":3.61,"intensity":"low","confidence":"n","acq_datetime":"2026-10-03 00:13Z","daynight":"Night"}},{"type":"Feature","geometry":{"type":"Point","coordinates":[37.8535,59.14689]},"properties":{"source":"VIIRS (NOAA-20)","resolution_m":375,"frp":1.82,"intensity":"low","confidence":"n","acq_datetime":"2026-10-03 00:13Z","daynight":"Night"}},{"type":"Feature","geometry":{"type":"Point","coordinates":[37.86932,59.14754]},"properties":{"source":"VIIRS (NOAA-20)","resolution_m":375,"frp":4.8,"intensity":"low","confidence":"n","acq_datetime":"2026-10-03 00:13Z","daynight":"Night"}},{"type":"Feature","geometry":{"type":"Point","coordinates":[37.86257,59.14883]},"properties":{"source":"VIIRS (NOAA-20)","resolution_m":375,"frp":1.82,"intensity":"low","confidence":"n","acq_datetime":"2026-10-03 00:13Z","daynight":"Night"}},{"type":"Feature","geometry":{"type":"Point","coordinates":[37.83999,59.14946]},"properties":{"source":"VIIRS (NOAA-20)","resolution_m":375,"frp":1.63,"intensity":"low","confidence":"n","acq_datetime":"2026-10-03 00:13Z","daynight":"Night"}},{"type":"Feature","geometry":{"type":"Point","coordinates":[34.14479,59.52921]},"properties":{"source":"VIIRS (NOAA-20)","resolution_m":375,"frp":3.53,"intensity":"low","confidence":"n","acq_datetime":"2026-10-03 00:13Z","daynight":"Night"}},{"type":"Feature","geometry":{"type":"Point","coordinates":[22.28605,60.28805]},"properties":{"source":"VIIRS (NOAA-20)","resolution_m":375,"frp":0.63,"intensity":"low","confidence":"n","acq_datetime":"2026-10-03 00:13Z","daynight":"Night"}},{"type":"Feature","geometry":{"type":"Point","coordinates":[37.80996,44.73407]},"properties":{"source":"VIIRS (NOAA-20)","resolution_m":375,"frp":1.14,"intensity":"low","confidence":"n","acq_datetime":"2026-10-03 00:16Z","daynight":"Night"}},{"type":"Feature","geometry":{"type":"Point","coordinates":[37.80506,44.73767]},"properties":{"source":"VIIRS (NOAA-20)","resolution_m":375,"frp":3.07,"intensity":"low","confidence":"n","acq_datetime":"2026-10-03 00:16Z","daynight":"Night"}},{"type":"Feature","geometry":{"type":"Point","coordinates":[33.86028,44.77122]},"properties":{"source":"VIIRS (NOAA-20)","resolution_m":375,"frp":0.76,"intensity":"low","confidence":"n","acq_datetime":"2026-10-03 00:16Z","daynight":"Night"}},{"type":"Feature","geometry":{"type":"Point","coordinates":[38.11678,44.88216]},"properties":{"source":"VIIRS (NOAA-20)","resolution_m":375,"frp":0.93,"intensity":"low","confidence":"n","acq_datetime":"2026-10-03 00:16Z","daynight":"Night"}},{"type":"Feature","geometry":{"type":"Point","coordinates":[38.11771,44.88306]},"properties":{"source":"VIIRS (NOAA-20)","resolution_m":375,"frp":2.35,"intensity":"low","confidence":"n","acq_datetime":"2026-10-03 00:16Z","daynight":"Night"}},{"type":"Feature","geometry":{"type":"Point","coordinates":[38.11919,44.88665]},"properties":{"source":"VIIRS (NOAA-20)","resolution_m":375,"frp":0.93,"intensity":"low","confidence":"n","acq_datetime":"2026-10-03 00:16Z","daynight":"Night"}},{"type":"Feature","geometry":{"type":"Point","coordinates":[31.6764,45.25906]},"properties":{"source":"VIIRS (NOAA-20)","resolution_m":375,"frp":5.1,"intensity":"low","confidence":"n","acq_datetime":"2026-10-03 00:16Z","daynight":"Night"}},{"type":"Feature","geometry":{"type":"Point","coordinates":[31.67077,45.26018]},"properties":{"source":"VIIRS (NOAA-20)","resolution_m":375,"frp":5.1,"intensity":"low","confidence":"n","acq_datetime":"2026-10-03 00:16Z","daynight":"Night"}},{"type":"Feature","geometry":{"type":"Point","coordinates":[30.90509,45.35675]},"properties":{"source":"VIIRS (NOAA-20)","resolution_m":375,"frp":2.2,"intensity":"low","confidence":"n","acq_datetime":"2026-10-03 00:16Z","daynight":"Night"}},{"type":"Feature","geometry":{"type":"Point","coordinates":[30.92899,45.37411]},"properties":{"source":"VIIRS (NOAA-20)","resolution_m":375,"frp":1.76,"intensity":"low","confidence":"n","acq_datetime":"2026-10-03 00:16Z","daynight":"Night"}},{"type":"Feature","geometry":{"type":"Point","coordinates":[30.93133,45.37513]},"properties":{"source":"VIIRS (NOAA-20)","resolution_m":375,"frp":0.87,"intensity":"low","confidence":"n","acq_datetime":"2026-10-03 00:16Z","daynight":"Night"}},{"type":"Feature","geometry":{"type":"Point","coordinates":[30.92598,45.37616]},"properties":{"source":"VIIRS (NOAA-20)","resolution_m":375,"frp":0.87,"intensity":"low","confidence":"n","acq_datetime":"2026-10-03 00:16Z","daynight":"Night"}},{"type":"Feature","geometry":{"type":"Point","coordinates":[24.06547,45.80717]},"properties":{"source":"VIIRS (NOAA-20)","resolution_m":375,"frp":2.02,"intensity":"low","confidence":"n","acq_datetime":"2026-10-03 00:16Z","daynight":"Night"}},{"type":"Feature","geometry":{"type":"Point","coordinates":[30.08653,45.8295]},"properties":{"source":"VIIRS (NOAA-20)","resolution_m":375,"frp":0.92,"intensity":"low","confidence":"n","acq_datetime":"2026-10-03 00:16Z","daynight":"Night"}},{"type":"Feature","geometry":{"type":"Point","coordinates":[30.08776,45.83283]},"properties":{"source":"VIIRS (NOAA-20)","resolution_m":375,"frp":0.92,"intensity":"low","confidence":"n","acq_datetime":"2026-10-03 00:16Z","daynight":"Night"}},{"type":"Feature","geometry":{"type":"Point","coordinates":[30.06635,45.93294]},"properties":{"source":"VIIRS (NOAA-20)","resolution_m":375,"frp":0.95,"intensity":"low","confidence":"n","acq_datetime":"2026-10-03 00:16Z","daynight":"Night"}},{"type":"Feature","geometry":{"type":"Point","coordinates":[25.28196,45.95268]},"properties":{"source":"VIIRS (NOAA-20)","resolution_m":375,"frp":1.52,"intensity":"low","confidence":"n","acq_datetime":"2026-10-03 00:16Z","daynight":"Night"}},{"type":"Feature","geometry":{"type":"Point","coordinates":[22.86645,45.95356]},"properties":{"source":"VIIRS (NOAA-20)","resolution_m":375,"frp":0.9,"intensity":"low","confidence":"n","acq_datetime":"2026-10-03 00:16Z","daynight":"Night"}},{"type":"Feature","geometry":{"type":"Point","coordinates":[44.07748,46.02459]},"properties":{"source":"VIIRS (NOAA-20)","resolution_m":375,"frp":1.14,"intensity":"low","confidence":"n","acq_datetime":"2026-10-03 00:16Z","daynight":"Night"}},{"type":"Feature","geometry":{"type":"Point","coordinates":[44.07868,46.02719]},"properties":{"source":"VIIRS (NOAA-20)","resolution_m":375,"frp":1.05,"intensity":"low","confidence":"n","acq_datetime":"2026-10-03 00:16Z","daynight":"Night"}},{"type":"Feature","geometry":{"type":"Point","coordinates":[20.19211,46.30157]},"properties":{"source":"VIIRS (NOAA-20)","resolution_m":375,"frp":0.89,"intensity":"low","confidence":"n","acq_datetime":"2026-10-03 00:16Z","daynight":"Night"}},{"type":"Feature","geometry":{"type":"Point","coordinates":[35.33669,46.33383]},"properties":{"source":"VIIRS (NOAA-20)","resolution_m":375,"frp":3.35,"intensity":"low","confidence":"n","acq_datetime":"2026-10-03 00:16Z","daynight":"Night"}},{"type":"Feature","geometry":{"type":"Point","coordinates":[35.33176,46.33495]},"properties":{"source":"VIIRS (NOAA-20)","resolution_m":375,"frp":3.35,"intensity":"low","confidence":"n","acq_datetime":"2026-10-03 00:16Z","daynight":"Night"}},{"type":"Feature","geometry":{"type":"Point","coordinates":[32.67488,47.07937]},"properties":{"source":"VIIRS (NOAA-20)","resolution_m":375,"frp":0.51,"intensity":"low","confidence":"n","acq_datetime":"2026-10-03 00:16Z","daynight":"Night"}},{"type":"Feature","geometry":{"type":"Point","coordinates":[31.75549,47.17426]},"properties":{"source":"VIIRS (NOAA-20)","resolution_m":375,"frp":0.46,"intensity":"low","confidence":"n","acq_datetime":"2026-10-03 00:16Z","daynight":"Night"}},{"type":"Feature","geometry":{"type":"Point","coordinates":[39.58265,47.22043]},"properties":{"source":"VIIRS (NOAA-20)","resolution_m":375,"frp":0.69,"intensity":"low","confidence":"n","acq_datetime":"2026-10-03 00:16Z","daynight":"Night"}},{"type":"Feature","geometry":{"type":"Point","coordinates":[29.43137,47.36151]},"properties":{"source":"VIIRS (NOAA-20)","resolution_m":375,"frp":0.51,"intensity":"low","confidence":"n","acq_datetime":"2026-10-03 00:16Z","daynight":"Night"}},{"type":"Feature","geometry":{"type":"Point","coordinates":[36.57003,47.53376]},"properties":{"source":"VIIRS (NOAA-20)","resolution_m":375,"frp":0.43,"intensity":"low","confidence":"n","acq_datetime":"2026-10-03 00:16Z","daynight":"Night"}},{"type":"Feature","geometry":{"type":"Point","coordinates":[36.57314,47.53571]},"properties":{"source":"VIIRS (NOAA-20)","resolution_m":375,"frp":0.63,"intensity":"low","confidence":"n","acq_datetime":"2026-10-03 00:16Z","daynight":"Night"}},{"type":"Feature","geometry":{"type":"Point","coordinates":[29.01756,47.78512]},"properties":{"source":"VIIRS (NOAA-20)","resolution_m":375,"frp":1.04,"intensity":"low","confidence":"n","acq_datetime":"2026-10-03 00:16Z","daynight":"Night"}},{"type":"Feature","geometry":{"type":"Point","coordinates":[33.43899,47.87148]},"properties":{"source":"VIIRS (NOAA-20)","resolution_m":375,"frp":1.26,"intensity":"low","confidence":"n","acq_datetime":"2026-10-03 00:16Z","daynight":"Night"}},{"type":"Feature","geometry":{"type":"Point","coordinates":[33.41474,47.8764]},"properties":{"source":"VIIRS (NOAA-20)","resolution_m":375,"frp":1.67,"intensity":"low","confidence":"n","acq_datetime":"2026-10-03 00:16Z","daynight":"Night"}},{"type":"Feature","geometry":{"type":"Point","coordinates":[37.95472,48.05895]},"properties":{"source":"VIIRS (NOAA-20)","resolution_m":375,"frp":1.08,"intensity":"low","confidence":"n","acq_datetime":"2026-10-03 00:16Z","daynight":"Night"}},{"type":"Feature","geometry":{"type":"Point","coordinates":[42.37617,48.09262]},"properties":{"source":"VIIRS (NOAA-20)","resolution_m":375,"frp":0.52,"intensity":"low","confidence":"n","acq_datetime":"2026-10-03 00:16Z","daynight":"Night"}},{"type":"Feature","geometry":{"type":"Point","coordinates":[37.92336,48.09927]},"properties":{"source":"VIIRS (NOAA-20)","resolution_m":375,"frp":0.95,"intensity":"low","confidence":"n","acq_datetime":"2026-10-03 00:16Z","daynight":"Night"}},{"type":"Feature","geometry":{"type":"Point","coordinates":[14.32482,48.26043]},"properties":{"source":"VIIRS (NOAA-20)","resolution_m":375,"frp":0.63,"intensity":"low","confidence":"n","acq_datetime":"2026-10-03 00:16Z","daynight":"Night"}},{"type":"Feature","geometry":{"type":"Point","coordinates":[14.32695,48.26503]},"properties":{"source":"VIIRS (NOAA-20)","resolution_m":375,"frp":1.24,"intensity":"low","confidence":"n","acq_datetime":"2026-10-03 00:16Z","daynight":"Night"}},{"type":"Feature","geometry":{"type":"Point","coordinates":[14.33072,48.26579]},"properties":{"source":"VIIRS (NOAA-20)","resolution_m":375,"frp":0.88,"intensity":"low","confidence":"n","acq_datetime":"2026-10-03 00:16Z","daynight":"Night"}},{"type":"Feature","geometry":{"type":"Point","coordinates":[14.34414,48.27563]},"properties":{"source":"VIIRS (NOAA-20)","resolution_m":375,"frp":2.28,"intensity":"low","confidence":"n","acq_datetime":"2026-10-03 00:16Z","daynight":"Night"}},{"type":"Feature","geometry":{"type":"Point","coordinates":[14.33874,48.27579]},"properties":{"source":"VIIRS (NOAA-20)","resolution_m":375,"frp":2.28,"intensity":"low","confidence":"n","acq_datetime":"2026-10-03 00:16Z","daynight":"Night"}},{"type":"Feature","geometry":{"type":"Point","coordinates":[14.33332,48.27596]},"properties":{"source":"VIIRS (NOAA-20)","resolution_m":375,"frp":3.9,"intensity":"low","confidence":"n","acq_datetime":"2026-10-03 00:16Z","daynight":"Night"}},{"type":"Feature","geometry":{"type":"Point","coordinates":[14.32788,48.27612]},"properties":{"source":"VIIRS (NOAA-20)","resolution_m":375,"frp":3.9,"intensity":"low","confidence":"n","acq_datetime":"2026-10-03 00:16Z","daynight":"Night"}},{"type":"Feature","geometry":{"type":"Point","coordinates":[14.32243,48.27628]},"properties":{"source":"VIIRS (NOAA-20)","resolution_m":375,"frp":0.97,"intensity":"low","confidence":"n","acq_datetime":"2026-10-03 00:16Z","daynight":"Night"}},{"type":"Feature","geometry":{"type":"Point","coordinates":[14.33702,48.27669]},"properties":{"source":"VIIRS (NOAA-20)","resolution_m":375,"frp":3.46,"intensity":"low","confidence":"n","acq_datetime":"2026-10-03 00:16Z","daynight":"Night"}},{"type":"Feature","geometry":{"type":"Point","coordinates":[14.3316,48.27688]},"properties":{"source":"VIIRS (NOAA-20)","resolution_m":375,"frp":3.46,"intensity":"low","confidence":"n","acq_datetime":"2026-10-03 00:16Z","daynight":"Night"}},{"type":"Feature","geometry":{"type":"Point","coordinates":[14.32616,48.27707]},"properties":{"source":"VIIRS (NOAA-20)","resolution_m":375,"frp":2.46,"intensity":"low","confidence":"n","acq_datetime":"2026-10-03 00:16Z","daynight":"Night"}},{"type":"Feature","geometry":{"type":"Point","coordinates":[14.33918,48.28134]},"properties":{"source":"VIIRS (NOAA-20)","resolution_m":375,"frp":0.91,"intensity":"low","confidence":"n","acq_datetime":"2026-10-03 00:16Z","daynight":"Night"}},{"type":"Feature","geometry":{"type":"Point","coordinates":[14.33375,48.2815]},"properties":{"source":"VIIRS (NOAA-20)","resolution_m":375,"frp":1.33,"intensity":"low","confidence":"n","acq_datetime":"2026-10-03 00:16Z","daynight":"Night"}},{"type":"Feature","geometry":{"type":"Point","coordinates":[14.33744,48.28223]},"properties":{"source":"VIIRS (NOAA-20)","resolution_m":375,"frp":3.46,"intensity":"low","confidence":"n","acq_datetime":"2026-10-03 00:16Z","daynight":"Night"}},{"type":"Feature","geometry":{"type":"Point","coordinates":[24.24472,48.3849]},"properties":{"source":"VIIRS (NOAA-20)","resolution_m":375,"frp":0.77,"intensity":"low","confidence":"n","acq_datetime":"2026-10-03 00:16Z","daynight":"Night"}},{"type":"Feature","geometry":{"type":"Point","coordinates":[17.18919,48.45599]},"properties":{"source":"VIIRS (NOAA-20)","resolution_m":375,"frp":1.62,"intensity":"low","confidence":"n","acq_datetime":"2026-10-03 00:16Z","daynight":"Night"}},{"type":"Feature","geometry":{"type":"Point","coordinates":[17.19137,48.45801]},"properties":{"source":"VIIRS (NOAA-20)","resolution_m":375,"frp":1.72,"intensity":"low","confidence":"n","acq_datetime":"2026-10-03 00:16Z","daynight":"Night"}},{"type":"Feature","geometry":{"type":"Point","coordinates":[34.62717,48.47347]},"properties":{"source":"VIIRS (NOAA-20)","resolution_m":375,"frp":1.83,"intensity":"low","confidence":"n","acq_datetime":"2026-10-03 00:16Z","daynight":"Night"}},{"type":"Feature","geometry":{"type":"Point","coordinates":[34.6227,48.52208]},"properties":{"source":"VIIRS (NOAA-20)","resolution_m":375,"frp":1.1,"intensity":"low","confidence":"n","acq_datetime":"2026-10-03 00:16Z","daynight":"Night"}},{"type":"Feature","geometry":{"type":"Point","coordinates":[34.64278,48.53371]},"properties":{"source":"VIIRS (NOAA-20)","resolution_m":375,"frp":3.23,"intensity":"low","confidence":"n","acq_datetime":"2026-10-03 00:16Z","daynight":"Night"}},{"type":"Feature","geometry":{"type":"Point","coordinates":[34.64317,48.53466]},"properties":{"source":"VIIRS (NOAA-20)","resolution_m":375,"frp":3.42,"intensity":"low","confidence":"n","acq_datetime":"2026-10-03 00:16Z","daynight":"Night"}},{"type":"Feature","geometry":{"type":"Point","coordinates":[21.17847,48.60098]},"properties":{"source":"VIIRS (NOAA-20)","resolution_m":375,"frp":1.0,"intensity":"low","confidence":"n","acq_datetime":"2026-10-03 00:16Z","daynight":"Night"}},{"type":"Feature","geometry":{"type":"Point","coordinates":[21.17936,48.60501]},"properties":{"source":"VIIRS (NOAA-20)","resolution_m":375,"frp":1.99,"intensity":"low","confidence":"n","acq_datetime":"2026-10-03 00:16Z","daynight":"Night"}},{"type":"Feature","geometry":{"type":"Point","coordinates":[21.17402,48.60548]},"properties":{"source":"VIIRS (NOAA-20)","resolution_m":375,"frp":1.99,"intensity":"low","confidence":"n","acq_datetime":"2026-10-03 00:16Z","daynight":"Night"}},{"type":"Feature","geometry":{"type":"Point","coordinates":[21.18023,48.60904]},"properties":{"source":"VIIRS (NOAA-20)","resolution_m":375,"frp":1.99,"intensity":"low","confidence":"n","acq_datetime":"2026-10-03 00:16Z","daynight":"Night"}},{"type":"Feature","geometry":{"type":"Point","coordinates":[21.1749,48.60951]},"properties":{"source":"VIIRS (NOAA-20)","resolution_m":375,"frp":1.99,"intensity":"low","confidence":"n","acq_datetime":"2026-10-03 00:16Z","daynight":"Night"}},{"type":"Feature","geometry":{"type":"Point","coordinates":[21.19706,48.61164]},"properties":{"source":"VIIRS (NOAA-20)","resolution_m":375,"frp":1.08,"intensity":"low","confidence":"n","acq_datetime":"2026-10-03 00:16Z","daynight":"Night"}},{"type":"Feature","geometry":{"type":"Point","coordinates":[21.19437,48.62419]},"properties":{"source":"VIIRS (NOAA-20)","resolution_m":375,"frp":1.29,"intensity":"low","confidence":"n","acq_datetime":"2026-10-03 00:16Z","daynight":"Night"}},{"type":"Feature","geometry":{"type":"Point","coordinates":[26.60328,48.74881]},"properties":{"source":"VIIRS (NOAA-20)","resolution_m":375,"frp":0.89,"intensity":"low","confidence":"n","acq_datetime":"2026-10-03 00:16Z","daynight":"Night"}},{"type":"Feature","geometry":{"type":"Point","coordinates":[24.70729,48.97876]},"properties":{"source":"VIIRS (NOAA-20)","resolution_m":375,"frp":1.87,"intensity":"low","confidence":"n","acq_datetime":"2026-10-03 00:16Z","daynight":"Night"}},{"type":"Feature","geometry":{"type":"Point","coordinates":[38.33967,49.03476]},"properties":{"source":"VIIRS (NOAA-20)","resolution_m":375,"frp":2.04,"intensity":"low","confidence":"n","acq_datetime":"2026-10-03 00:16Z","daynight":"Night"}},{"type":"Feature","geometry":{"type":"Point","coordinates":[38.33994,49.03637]},"properties":{"source":"VIIRS (NOAA-20)","resolution_m":375,"frp":3.71,"intensity":"low","confidence":"n","acq_datetime":"2026-10-03 00:16Z","daynight":"Night"}},{"type":"Feature","geometry":{"type":"Point","coordinates":[38.34192,49.03884]},"properties":{"source":"VIIRS (NOAA-20)","resolution_m":375,"frp":0.83,"intensity":"low","confidence":"n","acq_datetime":"2026-10-03 00:16Z","daynight":"Night"}},{"type":"Feature","geometry":{"type":"Point","coordinates":[36.85428,50.16442]},"properties":{"source":"VIIRS (NOAA-20)","resolution_m":375,"frp":4.96,"intensity":"low","confidence":"n","acq_datetime":"2026-10-03 00:16Z","daynight":"Night"}},{"type":"Feature","geometry":{"type":"Point","coordinates":[19.28745,50.33379]},"properties":{"source":"VIIRS (NOAA-20)","resolution_m":375,"frp":2.1,"intensity":"low","confidence":"n","acq_datetime":"2026-10-03 00:16Z","daynight":"Night"}},{"type":"Feature","geometry":{"type":"Point","coordinates":[19.28049,50.33428]},"properties":{"source":"VIIRS (NOAA-20)","resolution_m":375,"frp":2.1,"intensity":"low","confidence":"n","acq_datetime":"2026-10-03 00:16Z","daynight":"Night"}},{"type":"Feature","geometry":{"type":"Point","coordinates":[19.28616,50.33571]},"properties":{"source":"VIIRS (NOAA-20)","resolution_m":375,"frp":3.85,"intensity":"low","confidence":"n","acq_datetime":"2026-10-03 00:16Z","daynight":"Night"}},{"type":"Feature","geometry":{"type":"Point","coordinates":[19.27917,50.33617]},"properties":{"source":"VIIRS (NOAA-20)","resolution_m":375,"frp":1.4,"intensity":"low","confidence":"n","acq_datetime":"2026-10-03 00:16Z","daynight":"Night"}},{"type":"Feature","geometry":{"type":"Point","coordinates":[19.28828,50.33827]},"properties":{"source":"VIIRS (NOAA-20)","resolution_m":375,"frp":2.1,"intensity":"low","confidence":"n","acq_datetime":"2026-10-03 00:16Z","daynight":"Night"}},{"type":"Feature","geometry":{"type":"Point","coordinates":[19.33698,50.34142]},"properties":{"source":"VIIRS (NOAA-20)","resolution_m":375,"frp":1.54,"intensity":"low","confidence":"n","acq_datetime":"2026-10-03 00:16Z","daynight":"Night"}},{"type":"Feature","geometry":{"type":"Point","coordinates":[19.33005,50.34187]},"properties":{"source":"VIIRS (NOAA-20)","resolution_m":375,"frp":1.54,"intensity":"low","confidence":"n","acq_datetime":"2026-10-03 00:16Z","daynight":"Night"}},{"type":"Feature","geometry":{"type":"Point","coordinates":[19.339,50.34372]},"properties":{"source":"VIIRS (NOAA-20)","resolution_m":375,"frp":1.98,"intensity":"low","confidence":"n","acq_datetime":"2026-10-03 00:16Z","daynight":"Night"}},{"type":"Feature","geometry":{"type":"Point","coordinates":[19.33209,50.34422]},"properties":{"source":"VIIRS (NOAA-20)","resolution_m":375,"frp":2.02,"intensity":"low","confidence":"n","acq_datetime":"2026-10-03 00:16Z","daynight":"Night"}},{"type":"Feature","geometry":{"type":"Point","coordinates":[19.28993,50.34723]},"properties":{"source":"VIIRS (NOAA-20)","resolution_m":375,"frp":1.36,"intensity":"low","confidence":"n","acq_datetime":"2026-10-03 00:16Z","daynight":"Night"}},{"type":"Feature","geometry":{"type":"Point","coordinates":[19.29567,50.34869]},"properties":{"source":"VIIRS (NOAA-20)","resolution_m":375,"frp":0.61,"intensity":"low","confidence":"n","acq_datetime":"2026-10-03 00:16Z","daynight":"Night"}},{"type":"Feature","geometry":{"type":"Point","coordinates":[18.14,50.41401]},"properties":{"source":"VIIRS (NOAA-20)","resolution_m":375,"frp":0.96,"intensity":"low","confidence":"n","acq_datetime":"2026-10-03 00:16Z","daynight":"Night"}},{"type":"Feature","geometry":{"type":"Point","coordinates":[18.13739,50.41495]},"properties":{"source":"VIIRS (NOAA-20)","resolution_m":375,"frp":0.72,"intensity":"low","confidence":"n","acq_datetime":"2026-10-03 00:16Z","daynight":"Night"}},{"type":"Feature","geometry":{"type":"Point","coordinates":[18.14075,50.41874]},"properties":{"source":"VIIRS (NOAA-20)","resolution_m":375,"frp":1.93,"intensity":"low","confidence":"n","acq_datetime":"2026-10-03 00:16Z","daynight":"Night"}},{"type":"Feature","geometry":{"type":"Point","coordinates":[26.26003,50.54604]},"properties":{"source":"VIIRS (NOAA-20)","resolution_m":375,"frp":1.6,"intensity":"low","confidence":"n","acq_datetime":"2026-10-03 00:16Z","daynight":"Night"}},{"type":"Feature","geometry":{"type":"Point","coordinates":[30.27727,50.56301]},"properties":{"source":"VIIRS (NOAA-20)","resolution_m":375,"frp":3.35,"intensity":"low","confidence":"n","acq_datetime":"2026-10-03 00:16Z","daynight":"Night"}},{"type":"Feature","geometry":{"type":"Point","coordinates":[35.63903,50.75055]},"properties":{"source":"VIIRS (NOAA-20)","resolution_m":375,"frp":0.55,"intensity":"low","confidence":"n","acq_datetime":"2026-10-03 00:16Z","daynight":"Night"}},{"type":"Feature","geometry":{"type":"Point","coordinates":[21.67505,50.92935]},"properties":{"source":"VIIRS (NOAA-20)","resolution_m":375,"frp":0.89,"intensity":"low","confidence":"n","acq_datetime":"2026-10-03 00:16Z","daynight":"Night"}},{"type":"Feature","geometry":{"type":"Point","coordinates":[29.83808,51.16806]},"properties":{"source":"VIIRS (NOAA-20)","resolution_m":375,"frp":0.76,"intensity":"low","confidence":"n","acq_datetime":"2026-10-03 00:16Z","daynight":"Night"}},{"type":"Feature","geometry":{"type":"Point","coordinates":[26.61246,51.35257]},"properties":{"source":"VIIRS (NOAA-20)","resolution_m":375,"frp":0.98,"intensity":"low","confidence":"n","acq_datetime":"2026-10-03 00:16Z","daynight":"Night"}},{"type":"Feature","geometry":{"type":"Point","coordinates":[34.08733,51.65865]},"properties":{"source":"VIIRS (NOAA-20)","resolution_m":375,"frp":0.6,"intensity":"low","confidence":"n","acq_datetime":"2026-10-03 00:16Z","daynight":"Night"}},{"type":"Feature","geometry":{"type":"Point","coordinates":[15.97692,51.68977]},"properties":{"source":"VIIRS (NOAA-20)","resolution_m":375,"frp":0.93,"intensity":"low","confidence":"n","acq_datetime":"2026-10-03 00:16Z","daynight":"Night"}},{"type":"Feature","geometry":{"type":"Point","coordinates":[29.33836,51.88811]},"properties":{"source":"VIIRS (NOAA-20)","resolution_m":375,"frp":1.0,"intensity":"low","confidence":"n","acq_datetime":"2026-10-03 00:16Z","daynight":"Night"}},{"type":"Feature","geometry":{"type":"Point","coordinates":[29.33284,51.88894]},"properties":{"source":"VIIRS (NOAA-20)","resolution_m":375,"frp":1.04,"intensity":"low","confidence":"n","acq_datetime":"2026-10-03 00:16Z","daynight":"Night"}},{"type":"Feature","geometry":{"type":"Point","coordinates":[29.34094,51.89462]},"properties":{"source":"VIIRS (NOAA-20)","resolution_m":375,"frp":1.27,"intensity":"low","confidence":"n","acq_datetime":"2026-10-03 00:16Z","daynight":"Night"}},{"type":"Feature","geometry":{"type":"Point","coordinates":[10.39784,52.15246]},"properties":{"source":"VIIRS (NOAA-20)","resolution_m":375,"frp":2.53,"intensity":"low","confidence":"n","acq_datetime":"2026-10-03 00:16Z","daynight":"Night"}},{"type":"Feature","geometry":{"type":"Point","coordinates":[10.39282,52.15549]},"properties":{"source":"VIIRS (NOAA-20)","resolution_m":375,"frp":2.67,"intensity":"low","confidence":"n","acq_datetime":"2026-10-03 00:16Z","daynight":"Night"}},{"type":"Feature","geometry":{"type":"Point","coordinates":[10.40202,52.15559]},"properties":{"source":"VIIRS (NOAA-20)","resolution_m":375,"frp":2.67,"intensity":"low","confidence":"n","acq_datetime":"2026-10-03 00:16Z","daynight":"Night"}},{"type":"Feature","geometry":{"type":"Point","coordinates":[10.38847,52.15895]},"properties":{"source":"VIIRS (NOAA-20)","resolution_m":375,"frp":3.68,"intensity":"low","confidence":"n","acq_datetime":"2026-10-03 00:16Z","daynight":"Night"}},{"type":"Feature","geometry":{"type":"Point","coordinates":[10.39761,52.15909]},"properties":{"source":"VIIRS (NOAA-20)","resolution_m":375,"frp":2.53,"intensity":"low","confidence":"n","acq_datetime":"2026-10-03 00:16Z","daynight":"Night"}},{"type":"Feature","geometry":{"type":"Point","coordinates":[10.39256,52.16213]},"properties":{"source":"VIIRS (NOAA-20)","resolution_m":375,"frp":2.67,"intensity":"low","confidence":"n","acq_datetime":"2026-10-03 00:16Z","daynight":"Night"}},{"type":"Feature","geometry":{"type":"Point","coordinates":[10.42518,52.16613]},"properties":{"source":"VIIRS (NOAA-20)","resolution_m":375,"frp":1.96,"intensity":"low","confidence":"n","acq_datetime":"2026-10-03 00:16Z","daynight":"Night"}},{"type":"Feature","geometry":{"type":"Point","coordinates":[8.03938,52.21008]},"properties":{"source":"VIIRS (NOAA-20)","resolution_m":375,"frp":0.86,"intensity":"low","confidence":"n","acq_datetime":"2026-10-03 00:16Z","daynight":"Night"}},{"type":"Feature","geometry":{"type":"Point","coordinates":[9.88168,52.35636]},"properties":{"source":"VIIRS (NOAA-20)","resolution_m":375,"frp":0.69,"intensity":"low","confidence":"n","acq_datetime":"2026-10-03 00:16Z","daynight":"Night"}},{"type":"Feature","geometry":{"type":"Point","coordinates":[19.66557,52.58276]},"properties":{"source":"VIIRS (NOAA-20)","resolution_m":375,"frp":1.2,"intensity":"low","confidence":"n","acq_datetime":"2026-10-03 00:16Z","daynight":"Night"}},{"type":"Feature","geometry":{"type":"Point","coordinates":[8.66533,53.14068]},"properties":{"source":"VIIRS (NOAA-20)","resolution_m":375,"frp":0.63,"intensity":"low","confidence":"n","acq_datetime":"2026-10-03 00:16Z","daynight":"Night"}},{"type":"Feature","geometry":{"type":"Point","coordinates":[24.44879,53.26124]},"properties":{"source":"VIIRS (NOAA-20)","resolution_m":375,"frp":0.86,"intensity":"low","confidence":"n","acq_datetime":"2026-10-03 00:16Z","daynight":"Night"}},{"type":"Feature","geometry":{"type":"Point","coordinates":[9.89415,53.52394]},"properties":{"source":"VIIRS (NOAA-20)","resolution_m":375,"frp":3.57,"intensity":"low","confidence":"n","acq_datetime":"2026-10-03 00:16Z","daynight":"Night"}},{"type":"Feature","geometry":{"type":"Point","coordinates":[40.80629,36.13047]},"properties":{"source":"VIIRS (NOAA-20)","resolution_m":375,"frp":1.24,"intensity":"low","confidence":"n","acq_datetime":"2026-10-03 00:18Z","daynight":"Night"}},{"type":"Feature","geometry":{"type":"Point","coordinates":[40.8069,36.13467]},"properties":{"source":"VIIRS (NOAA-20)","resolution_m":375,"frp":0.78,"intensity":"low","confidence":"n","acq_datetime":"2026-10-03 00:18Z","daynight":"Night"}},{"type":"Feature","geometry":{"type":"Point","coordinates":[38.72455,38.45333]},"properties":{"source":"VIIRS (NOAA-20)","resolution_m":375,"frp":1.34,"intensity":"low","confidence":"n","acq_datetime":"2026-10-03 00:18Z","daynight":"Night"}},{"type":"Feature","geometry":{"type":"Point","coordinates":[27.5097,39.09137]},"properties":{"source":"VIIRS (NOAA-20)","resolution_m":375,"frp":0.75,"intensity":"low","confidence":"n","acq_datetime":"2026-10-03 00:18Z","daynight":"Night"}},{"type":"Feature","geometry":{"type":"Point","coordinates":[27.51076,39.09471]},"properties":{"source":"VIIRS (NOAA-20)","resolution_m":375,"frp":0.67,"intensity":"low","confidence":"n","acq_datetime":"2026-10-03 00:18Z","daynight":"Night"}},{"type":"Feature","geometry":{"type":"Point","coordinates":[27.52142,39.11397]},"properties":{"source":"VIIRS (NOAA-20)","resolution_m":375,"frp":1.61,"intensity":"low","confidence":"n","acq_datetime":"2026-10-03 00:18Z","daynight":"Night"}},{"type":"Feature","geometry":{"type":"Point","coordinates":[27.52688,39.11652]},"properties":{"source":"VIIRS (NOAA-20)","resolution_m":375,"frp":1.45,"intensity":"low","confidence":"n","acq_datetime":"2026-10-03 00:18Z","daynight":"Night"}},{"type":"Feature","geometry":{"type":"Point","coordinates":[26.24556,39.8646]},"properties":{"source":"VIIRS (NOAA-20)","resolution_m":375,"frp":1.21,"intensity":"low","confidence":"n","acq_datetime":"2026-10-03 00:18Z","daynight":"Night"}},{"type":"Feature","geometry":{"type":"Point","coordinates":[26.24109,39.86533]},"properties":{"source":"VIIRS (NOAA-20)","resolution_m":375,"frp":1.14,"intensity":"low","confidence":"n","acq_datetime":"2026-10-03 00:18Z","daynight":"Night"}},{"type":"Feature","geometry":{"type":"Point","coordinates":[28.87303,39.9007]},"properties":{"source":"VIIRS (NOAA-20)","resolution_m":375,"frp":0.52,"intensity":"low","confidence":"n","acq_datetime":"2026-10-03 00:18Z","daynight":"Night"}},{"type":"Feature","geometry":{"type":"Point","coordinates":[18.51229,40.10865]},"properties":{"source":"VIIRS (NOAA-20)","resolution_m":375,"frp":7.86,"intensity":"low","confidence":"h","acq_datetime":"2026-10-03 00:18Z","daynight":"Night"}},{"type":"Feature","geometry":{"type":"Point","coordinates":[34.06562,40.47628]},"properties":{"source":"VIIRS (NOAA-20)","resolution_m":375,"frp":3.45,"intensity":"low","confidence":"n","acq_datetime":"2026-10-03 00:18Z","daynight":"Night"}},{"type":"Feature","geometry":{"type":"Point","coordinates":[34.06798,40.47667]},"properties":{"source":"VIIRS (NOAA-20)","resolution_m":375,"frp":2.31,"intensity":"low","confidence":"n","acq_datetime":"2026-10-03 00:18Z","daynight":"Night"}},{"type":"Feature","geometry":{"type":"Point","coordinates":[34.06252,40.47797]},"properties":{"source":"VIIRS (NOAA-20)","resolution_m":375,"frp":2.31,"intensity":"low","confidence":"n","acq_datetime":"2026-10-03 00:18Z","daynight":"Night"}},{"type":"Feature","geometry":{"type":"Point","coordinates":[34.06951,40.48094]},"properties":{"source":"VIIRS (NOAA-20)","resolution_m":375,"frp":2.14,"intensity":"low","confidence":"n","acq_datetime":"2026-10-03 00:18Z","daynight":"Night"}},{"type":"Feature","geometry":{"type":"Point","coordinates":[17.20679,40.50416]},"properties":{"source":"VIIRS (NOAA-20)","resolution_m":375,"frp":1.74,"intensity":"low","confidence":"n","acq_datetime":"2026-10-03 00:18Z","daynight":"Night"}},{"type":"Feature","geometry":{"type":"Point","coordinates":[17.20303,40.51801]},"properties":{"source":"VIIRS (NOAA-20)","resolution_m":375,"frp":1.71,"intensity":"low","confidence":"n","acq_datetime":"2026-10-03 00:18Z","daynight":"Night"}},{"type":"Feature","geometry":{"type":"Point","coordinates":[16.56477,40.55844]},"properties":{"source":"VIIRS (NOAA-20)","resolution_m":375,"frp":1.23,"intensity":"low","confidence":"n","acq_datetime":"2026-10-03 00:18Z","daynight":"Night"}},{"type":"Feature","geometry":{"type":"Point","coordinates":[16.56554,40.55954]},"properties":{"source":"VIIRS (NOAA-20)","resolution_m":375,"frp":1.38,"intensity":"low","confidence":"n","acq_datetime":"2026-10-03 00:18Z","daynight":"Night"}},{"type":"Feature","geometry":{"type":"Point","coordinates":[17.37684,40.57997]},"properties":{"source":"VIIRS (NOAA-20)","resolution_m":375,"frp":0.98,"intensity":"low","confidence":"n","acq_datetime":"2026-10-03 00:18Z","daynight":"Night"}},{"type":"Feature","geometry":{"type":"Point","coordinates":[17.9998,40.63103]},"properties":{"source":"VIIRS (NOAA-20)","resolution_m":375,"frp":0.82,"intensity":"low","confidence":"n","acq_datetime":"2026-10-03 00:18Z","daynight":"Night"}},{"type":"Feature","geometry":{"type":"Point","coordinates":[16.2849,40.72763]},"properties":{"source":"VIIRS (NOAA-20)","resolution_m":375,"frp":1.1,"intensity":"low","confidence":"n","acq_datetime":"2026-10-03 00:18Z","daynight":"Night"}},{"type":"Feature","geometry":{"type":"Point","coordinates":[16.34886,40.75129]},"properties":{"source":"VIIRS (NOAA-20)","resolution_m":375,"frp":0.87,"intensity":"low","confidence":"n","acq_datetime":"2026-10-03 00:18Z","daynight":"Night"}},{"type":"Feature","geometry":{"type":"Point","coordinates":[29.5304,40.76581]},"properties":{"source":"VIIRS (NOAA-20)","resolution_m":375,"frp":0.92,"intensity":"low","confidence":"n","acq_datetime":"2026-10-03 00:18Z","daynight":"Night"}},{"type":"Feature","geometry":{"type":"Point","coordinates":[29.59819,40.78189]},"properties":{"source":"VIIRS (NOAA-20)","resolution_m":375,"frp":1.55,"intensity":"low","confidence":"n","acq_datetime":"2026-10-03 00:18Z","daynight":"Night"}},{"type":"Feature","geometry":{"type":"Point","coordinates":[29.37377,40.79943]},"properties":{"source":"VIIRS (NOAA-20)","resolution_m":375,"frp":0.66,"intensity":"low","confidence":"n","acq_datetime":"2026-10-03 00:18Z","daynight":"Night"}},{"type":"Feature","geometry":{"type":"Point","coordinates":[29.37162,40.79959]},"properties":{"source":"VIIRS (NOAA-20)","resolution_m":375,"frp":0.84,"intensity":"low","confidence":"n","acq_datetime":"2026-10-03 00:18Z","daynight":"Night"}},{"type":"Feature","geometry":{"type":"Point","coordinates":[15.77364,40.81794]},"properties":{"source":"VIIRS (NOAA-20)","resolution_m":375,"frp":0.66,"intensity":"low","confidence":"n","acq_datetime":"2026-10-03 00:18Z","daynight":"Night"}},{"type":"Feature","geometry":{"type":"Point","coordinates":[26.55991,40.85311]},"properties":{"source":"VIIRS (NOAA-20)","resolution_m":375,"frp":3.82,"intensity":"low","confidence":"n","acq_datetime":"2026-10-03 00:18Z","daynight":"Night"}},{"type":"Feature","geometry":{"type":"Point","coordinates":[26.55538,40.85385]},"properties":{"source":"VIIRS (NOAA-20)","resolution_m":375,"frp":3.12,"intensity":"low","confidence":"n","acq_datetime":"2026-10-03 00:18Z","daynight":"Night"}},{"type":"Feature","geometry":{"type":"Point","coordinates":[26.56084,40.85638]},"properties":{"source":"VIIRS (NOAA-20)","resolution_m":375,"frp":0.69,"intensity":"low","confidence":"n","acq_datetime":"2026-10-03 00:18Z","daynight":"Night"}},{"type":"Feature","geometry":{"type":"Point","coordinates":[26.54727,40.85862]},"properties":{"source":"VIIRS (NOAA-20)","resolution_m":375,"frp":0.62,"intensity":"low","confidence":"n","acq_datetime":"2026-10-03 00:18Z","daynight":"Night"}},{"type":"Feature","geometry":{"type":"Point","coordinates":[26.55725,40.8604]},"properties":{"source":"VIIRS (NOAA-20)","resolution_m":375,"frp":0.96,"intensity":"low","confidence":"n","acq_datetime":"2026-10-03 00:18Z","daynight":"Night"}},{"type":"Feature","geometry":{"type":"Point","coordinates":[26.5482,40.86189]},"properties":{"source":"VIIRS (NOAA-20)","resolution_m":375,"frp":0.62,"intensity":"low","confidence":"n","acq_datetime":"2026-10-03 00:18Z","daynight":"Night"}},{"type":"Feature","geometry":{"type":"Point","coordinates":[27.96223,41.01446]},"properties":{"source":"VIIRS (NOAA-20)","resolution_m":375,"frp":0.5,"intensity":"low","confidence":"n","acq_datetime":"2026-10-03 00:18Z","daynight":"Night"}},{"type":"Feature","geometry":{"type":"Point","coordinates":[28.55832,41.02106]},"properties":{"source":"VIIRS (NOAA-20)","resolution_m":375,"frp":0.96,"intensity":"low","confidence":"n","acq_datetime":"2026-10-03 00:18Z","daynight":"Night"}},{"type":"Feature","geometry":{"type":"Point","coordinates":[28.55343,41.02195]},"properties":{"source":"VIIRS (NOAA-20)","resolution_m":375,"frp":1.25,"intensity":"low","confidence":"n","acq_datetime":"2026-10-03 00:18Z","daynight":"Night"}},{"type":"Feature","geometry":{"type":"Point","coordinates":[19.83012,41.08455]},"properties":{"source":"VIIRS (NOAA-20)","resolution_m":375,"frp":0.93,"intensity":"low","confidence":"n","acq_datetime":"2026-10-03 00:18Z","daynight":"Night"}},{"type":"Feature","geometry":{"type":"Point","coordinates":[19.82375,41.08522]},"properties":{"source":"VIIRS (NOAA-20)","resolution_m":375,"frp":21.65,"intensity":"moderate","confidence":"n","acq_datetime":"2026-10-03 00:18Z","daynight":"Night"}},{"type":"Feature","geometry":{"type":"Point","coordinates":[19.81696,41.08593]},"properties":{"source":"VIIRS (NOAA-20)","resolution_m":375,"frp":21.65,"intensity":"moderate","confidence":"n","acq_datetime":"2026-10-03 00:18Z","daynight":"Night"}},{"type":"Feature","geometry":{"type":"Point","coordinates":[26.71056,41.08833]},"properties":{"source":"VIIRS (NOAA-20)","resolution_m":375,"frp":0.59,"intensity":"low","confidence":"n","acq_datetime":"2026-10-03 00:18Z","daynight":"Night"}},{"type":"Feature","geometry":{"type":"Point","coordinates":[19.83101,41.08845]},"properties":{"source":"VIIRS (NOAA-20)","resolution_m":375,"frp":1.65,"intensity":"low","confidence":"n","acq_datetime":"2026-10-03 00:18Z","daynight":"Night"}},{"type":"Feature","geometry":{"type":"Point","coordinates":[19.8247,41.08911]},"properties":{"source":"VIIRS (NOAA-20)","resolution_m":375,"frp":19.41,"intensity":"moderate","confidence":"n","acq_datetime":"2026-10-03 00:18Z","daynight":"Night"}},{"type":"Feature","geometry":{"type":"Point","coordinates":[19.818,41.08982]},"properties":{"source":"VIIRS (NOAA-20)","resolution_m":375,"frp":19.41,"intensity":"moderate","confidence":"n","acq_datetime":"2026-10-03 00:18Z","daynight":"Night"}},{"type":"Feature","geometry":{"type":"Point","coordinates":[19.85294,41.09011]},"properties":{"source":"VIIRS (NOAA-20)","resolution_m":375,"frp":1.07,"intensity":"low","confidence":"n","acq_datetime":"2026-10-03 00:18Z","daynight":"Night"}},{"type":"Feature","geometry":{"type":"Point","coordinates":[19.811,41.09056]},"properties":{"source":"VIIRS (NOAA-20)","resolution_m":375,"frp":1.08,"intensity":"low","confidence":"n","acq_datetime":"2026-10-03 00:18Z","daynight":"Night"}},{"type":"Feature","geometry":{"type":"Point","coordinates":[19.84563,41.09089]},"properties":{"source":"VIIRS (NOAA-20)","resolution_m":375,"frp":1.07,"intensity":"low","confidence":"n","acq_datetime":"2026-10-03 00:18Z","daynight":"Night"}},{"type":"Feature","geometry":{"type":"Point","coordinates":[19.82571,41.093]},"properties":{"source":"VIIRS (NOAA-20)","resolution_m":375,"frp":19.41,"intensity":"moderate","confidence":"n","acq_datetime":"2026-10-03 00:18Z","daynight":"Night"}},{"type":"Feature","geometry":{"type":"Point","coordinates":[19.81907,41.0937]},"properties":{"source":"VIIRS (NOAA-20)","resolution_m":375,"frp":19.41,"intensity":"moderate","confidence":"n","acq_datetime":"2026-10-03 00:18Z","daynight":"Night"}},{"type":"Feature","geometry":{"type":"Point","coordinates":[19.84684,41.09475]},"properties":{"source":"VIIRS (NOAA-20)","resolution_m":375,"frp":1.65,"intensity":"low","confidence":"n","acq_datetime":"2026-10-03 00:18Z","daynight":"Night"}},{"type":"Feature","geometry":{"type":"Point","coordinates":[19.83957,41.09552]},"properties":{"source":"VIIRS (NOAA-20)","resolution_m":375,"frp":1.24,"intensity":"low","confidence":"n","acq_datetime":"2026-10-03 00:18Z","daynight":"Night"}},{"type":"Feature","geometry":{"type":"Point","coordinates":[19.82016,41.09758]},"properties":{"source":"VIIRS (NOAA-20)","resolution_m":375,"frp":0.53,"intensity":"low","confidence":"n","acq_datetime":"2026-10-03 00:18Z","daynight":"Night"}},{"type":"Feature","geometry":{"type":"Point","coordinates":[23.41483,41.09965]},"properties":{"source":"VIIRS (NOAA-20)","resolution_m":375,"frp":0.93,"intensity":"low","confidence":"n","acq_datetime":"2026-10-03 00:18Z","daynight":"Night"}},{"type":"Feature","geometry":{"type":"Point","coordinates":[15.26041,41.1058]},"properties":{"source":"VIIRS (NOAA-20)","resolution_m":375,"frp":0.88,"intensity":"low","confidence":"n","acq_datetime":"2026-10-03 00:18Z","daynight":"Night"}},{"type":"Feature","geometry":{"type":"Point","coordinates":[32.6312,41.1764]},"properties":{"source":"VIIRS (NOAA-20)","resolution_m":375,"frp":2.24,"intensity":"low","confidence":"n","acq_datetime":"2026-10-03 00:18Z","daynight":"Night"}},{"type":"Feature","geometry":{"type":"Point","coordinates":[32.63281,41.18027]},"properties":{"source":"VIIRS (NOAA-20)","resolution_m":375,"frp":1.12,"intensity":"low","confidence":"n","acq_datetime":"2026-10-03 00:18Z","daynight":"Night"}},{"type":"Feature","geometry":{"type":"Point","coordinates":[32.63593,41.18805]},"properties":{"source":"VIIRS (NOAA-20)","resolution_m":375,"frp":0.68,"intensity":"low","confidence":"n","acq_datetime":"2026-10-03 00:18Z","daynight":"Night"}},{"type":"Feature","geometry":{"type":"Point","coordinates":[32.61797,41.19199]},"properties":{"source":"VIIRS (NOAA-20)","resolution_m":375,"frp":2.91,"intensity":"low","confidence":"n","acq_datetime":"2026-10-03 00:18Z","daynight":"Night"}},{"type":"Feature","geometry":{"type":"Point","coordinates":[31.41011,41.25552]},"properties":{"source":"VIIRS (NOAA-20)","resolution_m":375,"frp":0.93,"intensity":"low","confidence":"n","acq_datetime":"2026-10-03 00:18Z","daynight":"Night"}},{"type":"Feature","geometry":{"type":"Point","coordinates":[31.42616,41.26413]},"properties":{"source":"VIIRS (NOAA-20)","resolution_m":375,"frp":1.57,"intensity":"low","confidence":"n","acq_datetime":"2026-10-03 00:18Z","daynight":"Night"}},{"type":"Feature","geometry":{"type":"Point","coordinates":[31.42016,41.26536]},"properties":{"source":"VIIRS (NOAA-20)","resolution_m":375,"frp":1.93,"intensity":"low","confidence":"n","acq_datetime":"2026-10-03 00:18Z","daynight":"Night"}},{"type":"Feature","geometry":{"type":"Point","coordinates":[26.67543,41.36127]},"properties":{"source":"VIIRS (NOAA-20)","resolution_m":375,"frp":0.78,"intensity":"low","confidence":"n","acq_datetime":"2026-10-03 00:18Z","daynight":"Night"}},{"type":"Feature","geometry":{"type":"Point","coordinates":[19.72423,41.54893]},"properties":{"source":"VIIRS (NOAA-20)","resolution_m":375,"frp":0.65,"intensity":"low","confidence":"n","acq_datetime":"2026-10-03 00:18Z","daynight":"Night"}},{"type":"Feature","geometry":{"type":"Point","coordinates":[32.42649,41.564]},"properties":{"source":"VIIRS (NOAA-20)","resolution_m":375,"frp":0.64,"intensity":"low","confidence":"n","acq_datetime":"2026-10-03 00:18Z","daynight":"Night"}},{"type":"Feature","geometry":{"type":"Point","coordinates":[19.61801,41.70127]},"properties":{"source":"VIIRS (NOAA-20)","resolution_m":375,"frp":0.97,"intensity":"low","confidence":"n","acq_datetime":"2026-10-03 00:18Z","daynight":"Night"}},{"type":"Feature","geometry":{"type":"Point","coordinates":[26.79572,41.75917]},"properties":{"source":"VIIRS (NOAA-20)","resolution_m":375,"frp":0.44,"intensity":"low","confidence":"n","acq_datetime":"2026-10-03 00:18Z","daynight":"Night"}},{"type":"Feature","geometry":{"type":"Point","coordinates":[26.70173,41.79856]},"properties":{"source":"VIIRS (NOAA-20)","resolution_m":375,"frp":0.8,"intensity":"low","confidence":"n","acq_datetime":"2026-10-03 00:18Z","daynight":"Night"}},{"type":"Feature","geometry":{"type":"Point","coordinates":[12.71065,42.01079]},"properties":{"source":"VIIRS (NOAA-20)","resolution_m":375,"frp":0.84,"intensity":"low","confidence":"n","acq_datetime":"2026-10-03 00:18Z","daynight":"Night"}},{"type":"Feature","geometry":{"type":"Point","coordinates":[26.0531,42.37384]},"properties":{"source":"VIIRS (NOAA-20)","resolution_m":375,"frp":0.35,"intensity":"low","confidence":"n","acq_datetime":"2026-10-03 00:18Z","daynight":"Night"}},{"type":"Feature","geometry":{"type":"Point","coordinates":[21.05153,42.51402]},"properties":{"source":"VIIRS (NOAA-20)","resolution_m":375,"frp":0.53,"intensity":"low","confidence":"n","acq_datetime":"2026-10-03 00:18Z","daynight":"Night"}},{"type":"Feature","geometry":{"type":"Point","coordinates":[22.39298,42.59696]},"properties":{"source":"VIIRS (NOAA-20)","resolution_m":375,"frp":4.94,"intensity":"low","confidence":"n","acq_datetime":"2026-10-03 00:18Z","daynight":"Night"}},{"type":"Feature","geometry":{"type":"Point","coordinates":[21.1166,42.64508]},"properties":{"source":"VIIRS (NOAA-20)","resolution_m":375,"frp":0.99,"intensity":"low","confidence":"n","acq_datetime":"2026-10-03 00:18Z","daynight":"Night"}},{"type":"Feature","geometry":{"type":"Point","coordinates":[24.16935,42.71555]},"properties":{"source":"VIIRS (NOAA-20)","resolution_m":375,"frp":3.55,"intensity":"low","confidence":"n","acq_datetime":"2026-10-03 00:18Z","daynight":"Night"}},{"type":"Feature","geometry":{"type":"Point","coordinates":[18.8789,42.92527]},"properties":{"source":"VIIRS (NOAA-20)","resolution_m":375,"frp":4.92,"intensity":"low","confidence":"n","acq_datetime":"2026-10-03 00:18Z","daynight":"Night"}},{"type":"Feature","geometry":{"type":"Point","coordinates":[18.88107,42.92537]},"properties":{"source":"VIIRS (NOAA-20)","resolution_m":375,"frp":6.31,"intensity":"low","confidence":"n","acq_datetime":"2026-10-03 00:18Z","daynight":"Night"}},{"type":"Feature","geometry":{"type":"Point","coordinates":[18.87542,42.92586]},"properties":{"source":"VIIRS (NOAA-20)","resolution_m":375,"frp":5.05,"intensity":"low","confidence":"n","acq_datetime":"2026-10-03 00:18Z","daynight":"Night"}},{"type":"Feature","geometry":{"type":"Point","coordinates":[18.88262,42.92949]},"properties":{"source":"VIIRS (NOAA-20)","resolution_m":375,"frp":6.31,"intensity":"low","confidence":"n","acq_datetime":"2026-10-03 00:18Z","daynight":"Night"}},{"type":"Feature","geometry":{"type":"Point","coordinates":[18.87686,42.93]},"properties":{"source":"VIIRS (NOAA-20)","resolution_m":375,"frp":5.05,"intensity":"low","confidence":"n","acq_datetime":"2026-10-03 00:18Z","daynight":"Night"}},{"type":"Feature","geometry":{"type":"Point","coordinates":[18.15624,43.1545]},"properties":{"source":"VIIRS (NOAA-20)","resolution_m":375,"frp":2.16,"intensity":"low","confidence":"n","acq_datetime":"2026-10-03 00:18Z","daynight":"Night"}},{"type":"Feature","geometry":{"type":"Point","coordinates":[27.592,43.23421]},"properties":{"source":"VIIRS (NOAA-20)","resolution_m":375,"frp":0.57,"intensity":"low","confidence":"n","acq_datetime":"2026-10-03 00:18Z","daynight":"Night"}},{"type":"Feature","geometry":{"type":"Point","coordinates":[16.43726,43.54395]},"properties":{"source":"VIIRS (NOAA-20)","resolution_m":375,"frp":1.01,"intensity":"low","confidence":"n","acq_datetime":"2026-10-03 00:18Z","daynight":"Night"}},{"type":"Feature","geometry":{"type":"Point","coordinates":[16.43724,43.54462]},"properties":{"source":"VIIRS (NOAA-20)","resolution_m":375,"frp":0.39,"intensity":"low","confidence":"n","acq_datetime":"2026-10-03 00:18Z","daynight":"Night"}},{"type":"Feature","geometry":{"type":"Point","coordinates":[17.59058,43.64821]},"properties":{"source":"VIIRS (NOAA-20)","resolution_m":375,"frp":0.96,"intensity":"low","confidence":"n","acq_datetime":"2026-10-03 00:18Z","daynight":"Night"}},{"type":"Feature","geometry":{"type":"Point","coordinates":[11.83498,43.66128]},"properties":{"source":"VIIRS (NOAA-20)","resolution_m":375,"frp":0.93,"intensity":"low","confidence":"n","acq_datetime":"2026-10-03 00:18Z","daynight":"Night"}},{"type":"Feature","geometry":{"type":"Point","coordinates":[11.83447,43.66226]},"properties":{"source":"VIIRS (NOAA-20)","resolution_m":375,"frp":0.66,"intensity":"low","confidence":"n","acq_datetime":"2026-10-03 00:18Z","daynight":"Night"}},{"type":"Feature","geometry":{"type":"Point","coordinates":[26.03793,43.71768]},"properties":{"source":"VIIRS (NOAA-20)","resolution_m":375,"frp":0.84,"intensity":"low","confidence":"n","acq_datetime":"2026-10-03 00:18Z","daynight":"Night"}},{"type":"Feature","geometry":{"type":"Point","coordinates":[26.03317,43.7184]},"properties":{"source":"VIIRS (NOAA-20)","resolution_m":375,"frp":0.84,"intensity":"low","confidence":"n","acq_datetime":"2026-10-03 00:18Z","daynight":"Night"}},{"type":"Feature","geometry":{"type":"Point","coordinates":[25.47111,43.72389]},"properties":{"source":"VIIRS (NOAA-20)","resolution_m":375,"frp":0.67,"intensity":"low","confidence":"n","acq_datetime":"2026-10-03 00:18Z","daynight":"Night"}},{"type":"Feature","geometry":{"type":"Point","coordinates":[25.64375,43.80056]},"properties":{"source":"VIIRS (NOAA-20)","resolution_m":375,"frp":0.99,"intensity":"low","confidence":"n","acq_datetime":"2026-10-03 00:18Z","daynight":"Night"}},{"type":"Feature","geometry":{"type":"Point","coordinates":[25.78325,43.81762]},"properties":{"source":"VIIRS (NOAA-20)","resolution_m":375,"frp":1.05,"intensity":"low","confidence":"n","acq_datetime":"2026-10-03 00:18Z","daynight":"Night"}},{"type":"Feature","geometry":{"type":"Point","coordinates":[24.33308,43.86692]},"properties":{"source":"VIIRS (NOAA-20)","resolution_m":375,"frp":1.06,"intensity":"low","confidence":"n","acq_datetime":"2026-10-03 00:18Z","daynight":"Night"}},{"type":"Feature","geometry":{"type":"Point","coordinates":[23.81883,43.91753]},"properties":{"source":"VIIRS (NOAA-20)","resolution_m":375,"frp":18.07,"intensity":"moderate","confidence":"n","acq_datetime":"2026-10-03 00:18Z","daynight":"Night"}},{"type":"Feature","geometry":{"type":"Point","coordinates":[23.8136,43.91821]},"properties":{"source":"VIIRS (NOAA-20)","resolution_m":375,"frp":18.07,"intensity":"moderate","confidence":"n","acq_datetime":"2026-10-03 00:18Z","daynight":"Night"}},{"type":"Feature","geometry":{"type":"Point","coordinates":[23.80836,43.91889]},"properties":{"source":"VIIRS (NOAA-20)","resolution_m":375,"frp":9.52,"intensity":"low","confidence":"n","acq_datetime":"2026-10-03 00:18Z","daynight":"Night"}},{"type":"Feature","geometry":{"type":"Point","coordinates":[24.22064,43.92076]},"properties":{"source":"VIIRS (NOAA-20)","resolution_m":375,"frp":1.08,"intensity":"low","confidence":"n","acq_datetime":"2026-10-03 00:18Z","daynight":"Night"}},{"type":"Feature","geometry":{"type":"Point","coordinates":[23.8197,43.92096]},"properties":{"source":"VIIRS (NOAA-20)","resolution_m":375,"frp":18.07,"intensity":"moderate","confidence":"n","acq_datetime":"2026-10-03 00:18Z","daynight":"Night"}},{"type":"Feature","geometry":{"type":"Point","coordinates":[23.81447,43.92164]},"properties":{"source":"VIIRS (NOAA-20)","resolution_m":375,"frp":18.07,"intensity":"moderate","confidence":"n","acq_datetime":"2026-10-03 00:18Z","daynight":"Night"}},{"type":"Feature","geometry":{"type":"Point","coordinates":[24.22152,43.92416]},"properties":{"source":"VIIRS (NOAA-20)","resolution_m":375,"frp":1.08,"intensity":"low","confidence":"n","acq_datetime":"2026-10-03 00:18Z","daynight":"Night"}},{"type":"Feature","geometry":{"type":"Point","coordinates":[22.64907,44.28262]},"properties":{"source":"VIIRS (NOAA-20)","resolution_m":375,"frp":0.95,"intensity":"low","confidence":"n","acq_datetime":"2026-10-03 00:18Z","daynight":"Night"}},{"type":"Feature","geometry":{"type":"Point","coordinates":[22.32179,44.75946]},"properties":{"source":"VIIRS (NOAA-20)","resolution_m":375,"frp":0.72,"intensity":"low","confidence":"n","acq_datetime":"2026-10-03 00:18Z","daynight":"Night"}},{"type":"Feature","geometry":{"type":"Point","coordinates":[22.31548,44.76018]},"properties":{"source":"VIIRS (NOAA-20)","resolution_m":375,"frp":0.72,"intensity":"low","confidence":"n","acq_datetime":"2026-10-03 00:18Z","daynight":"Night"}},{"type":"Feature","geometry":{"type":"Point","coordinates":[20.08947,44.76426]},"properties":{"source":"VIIRS (NOAA-20)","resolution_m":375,"frp":0.45,"intensity":"low","confidence":"n","acq_datetime":"2026-10-03 00:18Z","daynight":"Night"}},{"type":"Feature","geometry":{"type":"Point","coordinates":[22.31358,44.77167]},"properties":{"source":"VIIRS (NOAA-20)","resolution_m":375,"frp":0.65,"intensity":"low","confidence":"n","acq_datetime":"2026-10-03 00:18Z","daynight":"Night"}},{"type":"Feature","geometry":{"type":"Point","coordinates":[22.30752,44.77236]},"properties":{"source":"VIIRS (NOAA-20)","resolution_m":375,"frp":0.65,"intensity":"low","confidence":"n","acq_datetime":"2026-10-03 00:18Z","daynight":"Night"}},{"type":"Feature","geometry":{"type":"Point","coordinates":[19.94732,44.82719]},"properties":{"source":"VIIRS (NOAA-20)","resolution_m":375,"frp":0.52,"intensity":"low","confidence":"n","acq_datetime":"2026-10-03 00:18Z","daynight":"Night"}},{"type":"Feature","geometry":{"type":"Point","coordinates":[22.50756,44.88693]},"properties":{"source":"VIIRS (NOAA-20)","resolution_m":375,"frp":1.3,"intensity":"low","confidence":"n","acq_datetime":"2026-10-03 00:18Z","daynight":"Night"}},{"type":"Feature","geometry":{"type":"Point","coordinates":[22.48842,44.90411]},"properties":{"source":"VIIRS (NOAA-20)","resolution_m":375,"frp":2.08,"intensity":"low","confidence":"n","acq_datetime":"2026-10-03 00:18Z","daynight":"Night"}},{"type":"Feature","geometry":{"type":"Point","coordinates":[22.48277,44.90476]},"properties":{"source":"VIIRS (NOAA-20)","resolution_m":375,"frp":2.08,"intensity":"low","confidence":"n","acq_datetime":"2026-10-03 00:18Z","daynight":"Night"}},{"type":"Feature","geometry":{"type":"Point","coordinates":[22.49011,44.90728]},"properties":{"source":"VIIRS (NOAA-20)","resolution_m":375,"frp":5.03,"intensity":"low","confidence":"n","acq_datetime":"2026-10-03 00:18Z","daynight":"Night"}},{"type":"Feature","geometry":{"type":"Point","coordinates":[22.48919,44.90775]},"properties":{"source":"VIIRS (NOAA-20)","resolution_m":375,"frp":2.08,"intensity":"low","confidence":"n","acq_datetime":"2026-10-03 00:18Z","daynight":"Night"}},{"type":"Feature","geometry":{"type":"Point","coordinates":[22.48446,44.90792]},"properties":{"source":"VIIRS (NOAA-20)","resolution_m":375,"frp":1.45,"intensity":"low","confidence":"n","acq_datetime":"2026-10-03 00:18Z","daynight":"Night"}},{"type":"Feature","geometry":{"type":"Point","coordinates":[22.48344,44.90842]},"properties":{"source":"VIIRS (NOAA-20)","resolution_m":375,"frp":2.08,"intensity":"low","confidence":"n","acq_datetime":"2026-10-03 00:18Z","daynight":"Night"}},{"type":"Feature","geometry":{"type":"Point","coordinates":[22.47844,44.9086]},"properties":{"source":"VIIRS (NOAA-20)","resolution_m":375,"frp":1.45,"intensity":"low","confidence":"n","acq_datetime":"2026-10-03 00:18Z","daynight":"Night"}},{"type":"Feature","geometry":{"type":"Point","coordinates":[18.90235,44.92078]},"properties":{"source":"VIIRS (NOAA-20)","resolution_m":375,"frp":1.11,"intensity":"low","confidence":"n","acq_datetime":"2026-10-03 00:18Z","daynight":"Night"}},{"type":"Feature","geometry":{"type":"Point","coordinates":[21.06555,45.02221]},"properties":{"source":"VIIRS (NOAA-20)","resolution_m":375,"frp":0.87,"intensity":"low","confidence":"n","acq_datetime":"2026-10-03 00:18Z","daynight":"Night"}},{"type":"Feature","geometry":{"type":"Point","coordinates":[21.12179,45.02431]},"properties":{"source":"VIIRS (NOAA-20)","resolution_m":375,"frp":1.07,"intensity":"low","confidence":"n","acq_datetime":"2026-10-03 00:18Z","daynight":"Night"}},{"type":"Feature","geometry":{"type":"Point","coordinates":[19.47164,45.04208]},"properties":{"source":"VIIRS (NOAA-20)","resolution_m":375,"frp":0.71,"intensity":"low","confidence":"n","acq_datetime":"2026-10-03 00:18Z","daynight":"Night"}},{"type":"Feature","geometry":{"type":"Point","coordinates":[19.4724,45.04626]},"properties":{"source":"VIIRS (NOAA-20)","resolution_m":375,"frp":0.71,"intensity":"low","confidence":"n","acq_datetime":"2026-10-03 00:18Z","daynight":"Night"}},{"type":"Feature","geometry":{"type":"Point","coordinates":[19.74961,45.05103]},"properties":{"source":"VIIRS (NOAA-20)","resolution_m":375,"frp":1.56,"intensity":"low","confidence":"n","acq_datetime":"2026-10-03 00:18Z","daynight":"Night"}},{"type":"Feature","geometry":{"type":"Point","coordinates":[21.25265,45.0539]},"properties":{"source":"VIIRS (NOAA-20)","resolution_m":375,"frp":0.97,"intensity":"low","confidence":"n","acq_datetime":"2026-10-03 00:18Z","daynight":"Night"}},{"type":"Feature","geometry":{"type":"Point","coordinates":[21.25332,45.05523]},"properties":{"source":"VIIRS (NOAA-20)","resolution_m":375,"frp":1.12,"intensity":"low","confidence":"n","acq_datetime":"2026-10-03 00:18Z","daynight":"Night"}},{"type":"Feature","geometry":{"type":"Point","coordinates":[19.74158,45.06436]},"properties":{"source":"VIIRS (NOAA-20)","resolution_m":375,"frp":1.09,"intensity":"low","confidence":"n","acq_datetime":"2026-10-03 00:18Z","daynight":"Night"}},{"type":"Feature","geometry":{"type":"Point","coordinates":[20.86918,45.06615]},"properties":{"source":"VIIRS (NOAA-20)","resolution_m":375,"frp":1.3,"intensity":"low","confidence":"n","acq_datetime":"2026-10-03 00:18Z","daynight":"Night"}},{"type":"Feature","geometry":{"type":"Point","coordinates":[19.7424,45.06849]},"properties":{"source":"VIIRS (NOAA-20)","resolution_m":375,"frp":1.34,"intensity":"low","confidence":"n","acq_datetime":"2026-10-03 00:18Z","daynight":"Night"}},{"type":"Feature","geometry":{"type":"Point","coordinates":[19.60221,45.06863]},"properties":{"source":"VIIRS (NOAA-20)","resolution_m":375,"frp":0.76,"intensity":"low","confidence":"n","acq_datetime":"2026-10-03 00:18Z","daynight":"Night"}},{"type":"Feature","geometry":{"type":"Point","coordinates":[20.86997,45.07007]},"properties":{"source":"VIIRS (NOAA-20)","resolution_m":375,"frp":1.3,"intensity":"low","confidence":"n","acq_datetime":"2026-10-03 00:18Z","daynight":"Night"}},{"type":"Feature","geometry":{"type":"Point","coordinates":[19.56376,45.09327]},"properties":{"source":"VIIRS (NOAA-20)","resolution_m":375,"frp":0.62,"intensity":"low","confidence":"n","acq_datetime":"2026-10-03 00:18Z","daynight":"Night"}},{"type":"Feature","geometry":{"type":"Point","coordinates":[25.41751,45.12336]},"properties":{"source":"VIIRS (NOAA-20)","resolution_m":375,"frp":1.38,"intensity":"low","confidence":"n","acq_datetime":"2026-10-03 00:18Z","daynight":"Night"}},{"type":"Feature","geometry":{"type":"Point","coordinates":[21.1154,45.12847]},"properties":{"source":"VIIRS (NOAA-20)","resolution_m":375,"frp":1.16,"intensity":"low","confidence":"n","acq_datetime":"2026-10-03 00:18Z","daynight":"Night"}},{"type":"Feature","geometry":{"type":"Point","coordinates":[21.10933,45.13305]},"properties":{"source":"VIIRS (NOAA-20)","resolution_m":375,"frp":2.75,"intensity":"low","confidence":"n","acq_datetime":"2026-10-03 00:18Z","daynight":"Night"}},{"type":"Feature","geometry":{"type":"Point","coordinates":[21.11014,45.13692]},"properties":{"source":"VIIRS (NOAA-20)","resolution_m":375,"frp":2.75,"intensity":"low","confidence":"n","acq_datetime":"2026-10-03 00:18Z","daynight":"Night"}},{"type":"Feature","geometry":{"type":"Point","coordinates":[20.54037,45.13749]},"properties":{"source":"VIIRS (NOAA-20)","resolution_m":375,"frp":1.67,"intensity":"low","confidence":"n","acq_datetime":"2026-10-03 00:18Z","daynight":"Night"}},{"type":"Feature","geometry":{"type":"Point","coordinates":[21.11094,45.1408]},"properties":{"source":"VIIRS (NOAA-20)","resolution_m":375,"frp":1.37,"intensity":"low","confidence":"n","acq_datetime":"2026-10-03 00:18Z","daynight":"Night"}},{"type":"Feature","geometry":{"type":"Point","coordinates":[21.10406,45.14151]},"properties":{"source":"VIIRS (NOAA-20)","resolution_m":375,"frp":1.37,"intensity":"low","confidence":"n","acq_datetime":"2026-10-03 00:18Z","daynight":"Night"}},{"type":"Feature","geometry":{"type":"Point","coordinates":[9.93651,45.14987]},"properties":{"source":"VIIRS (NOAA-20)","resolution_m":375,"frp":0.99,"intensity":"low","confidence":"n","acq_datetime":"2026-10-03 00:18Z","daynight":"Night"}},{"type":"Feature","geometry":{"type":"Point","coordinates":[20.77181,45.15527]},"properties":{"source":"VIIRS (NOAA-20)","resolution_m":375,"frp":2.13,"intensity":"low","confidence":"n","acq_datetime":"2026-10-03 00:18Z","daynight":"Night"}},{"type":"Feature","geometry":{"type":"Point","coordinates":[20.77259,45.15921]},"properties":{"source":"VIIRS (NOAA-20)","resolution_m":375,"frp":1.29,"intensity":"low","confidence":"n","acq_datetime":"2026-10-03 00:18Z","daynight":"Night"}},{"type":"Feature","geometry":{"type":"Point","coordinates":[20.74409,45.16204]},"properties":{"source":"VIIRS (NOAA-20)","resolution_m":375,"frp":1.37,"intensity":"low","confidence":"n","acq_datetime":"2026-10-03 00:18Z","daynight":"Night"}},{"type":"Feature","geometry":{"type":"Point","coordinates":[20.74488,45.16599]},"properties":{"source":"VIIRS (NOAA-20)","resolution_m":375,"frp":1.37,"intensity":"low","confidence":"n","acq_datetime":"2026-10-03 00:18Z","daynight":"Night"}},{"type":"Feature","geometry":{"type":"Point","coordinates":[20.73852,45.17064]},"properties":{"source":"VIIRS (NOAA-20)","resolution_m":375,"frp":1.24,"intensity":"low","confidence":"n","acq_datetime":"2026-10-03 00:18Z","daynight":"Night"}},{"type":"Feature","geometry":{"type":"Point","coordinates":[20.44525,45.19133]},"properties":{"source":"VIIRS (NOAA-20)","resolution_m":375,"frp":1.44,"intensity":"low","confidence":"n","acq_datetime":"2026-10-03 00:18Z","daynight":"Night"}},{"type":"Feature","geometry":{"type":"Point","coordinates":[20.8816,45.20026]},"properties":{"source":"VIIRS (NOAA-20)","resolution_m":375,"frp":0.63,"intensity":"low","confidence":"n","acq_datetime":"2026-10-03 00:18Z","daynight":"Night"}},{"type":"Feature","geometry":{"type":"Point","coordinates":[20.63703,45.21906]},"properties":{"source":"VIIRS (NOAA-20)","resolution_m":375,"frp":0.81,"intensity":"low","confidence":"n","acq_datetime":"2026-10-03 00:18Z","daynight":"Night"}},{"type":"Feature","geometry":{"type":"Point","coordinates":[20.63823,45.221]},"properties":{"source":"VIIRS (NOAA-20)","resolution_m":375,"frp":5.12,"intensity":"low","confidence":"n","acq_datetime":"2026-10-03 00:18Z","daynight":"Night"}},{"type":"Feature","geometry":{"type":"Point","coordinates":[20.63782,45.22303]},"properties":{"source":"VIIRS (NOAA-20)","resolution_m":375,"frp":5.1,"intensity":"low","confidence":"n","acq_datetime":"2026-10-03 00:18Z","daynight":"Night"}},{"type":"Feature","geometry":{"type":"Point","coordinates":[20.71536,45.31633]},"properties":{"source":"VIIRS (NOAA-20)","resolution_m":375,"frp":2.14,"intensity":"low","confidence":"n","acq_datetime":"2026-10-03 00:18Z","daynight":"Night"}},{"type":"Feature","geometry":{"type":"Point","coordinates":[20.71577,45.31871]},"properties":{"source":"VIIRS (NOAA-20)","resolution_m":375,"frp":1.87,"intensity":"low","confidence":"n","acq_datetime":"2026-10-03 00:18Z","daynight":"Night"}},{"type":"Feature","geometry":{"type":"Point","coordinates":[10.99315,45.42931]},"properties":{"source":"VIIRS (NOAA-20)","resolution_m":375,"frp":1.29,"intensity":"low","confidence":"n","acq_datetime":"2026-10-03 00:18Z","daynight":"Night"}},{"type":"Feature","geometry":{"type":"Point","coordinates":[10.99706,45.43143]},"properties":{"source":"VIIRS (NOAA-20)","resolution_m":375,"frp":0.95,"intensity":"low","confidence":"n","acq_datetime":"2026-10-03 00:18Z","daynight":"Night"}},{"type":"Feature","geometry":{"type":"Point","coordinates":[10.44903,45.46165]},"properties":{"source":"VIIRS (NOAA-20)","resolution_m":375,"frp":1.54,"intensity":"low","confidence":"n","acq_datetime":"2026-10-03 00:18Z","daynight":"Night"}},{"type":"Feature","geometry":{"type":"Point","coordinates":[10.20682,45.48266]},"properties":{"source":"VIIRS (NOAA-20)","resolution_m":375,"frp":0.78,"intensity":"low","confidence":"n","acq_datetime":"2026-10-03 00:18Z","daynight":"Night"}},{"type":"Feature","geometry":{"type":"Point","coordinates":[20.69517,45.48425]},"properties":{"source":"VIIRS (NOAA-20)","resolution_m":375,"frp":1.77,"intensity":"low","confidence":"n","acq_datetime":"2026-10-03 00:18Z","daynight":"Night"}},{"type":"Feature","geometry":{"type":"Point","coordinates":[20.6806,45.48567]},"properties":{"source":"VIIRS (NOAA-20)","resolution_m":375,"frp":1.08,"intensity":"low","confidence":"n","acq_datetime":"2026-10-03 00:18Z","daynight":"Night"}},{"type":"Feature","geometry":{"type":"Point","coordinates":[10.23939,45.50878]},"properties":{"source":"VIIRS (NOAA-20)","resolution_m":375,"frp":0.5,"intensity":"low","confidence":"n","acq_datetime":"2026-10-03 00:18Z","daynight":"Night"}},{"type":"Feature","geometry":{"type":"Point","coordinates":[20.62193,45.5279]},"properties":{"source":"VIIRS (NOAA-20)","resolution_m":375,"frp":1.35,"intensity":"low","confidence":"n","acq_datetime":"2026-10-03 00:18Z","daynight":"Night"}},{"type":"Feature","geometry":{"type":"Point","coordinates":[20.62202,45.52956]},"properties":{"source":"VIIRS (NOAA-20)","resolution_m":375,"frp":0.8,"intensity":"low","confidence":"n","acq_datetime":"2026-10-03 00:18Z","daynight":"Night"}},{"type":"Feature","geometry":{"type":"Point","coordinates":[20.64546,45.57196]},"properties":{"source":"VIIRS (NOAA-20)","resolution_m":375,"frp":1.11,"intensity":"low","confidence":"n","acq_datetime":"2026-10-03 00:18Z","daynight":"Night"}},{"type":"Feature","geometry":{"type":"Point","coordinates":[13.62553,46.07003]},"properties":{"source":"VIIRS (NOAA-20)","resolution_m":375,"frp":0.89,"intensity":"low","confidence":"n","acq_datetime":"2026-10-03 00:18Z","daynight":"Night"}},{"type":"Feature","geometry":{"type":"Point","coordinates":[40.82273,34.91156]},"properties":{"source":"VIIRS (NOAA-20)","resolution_m":375,"frp":1.32,"intensity":"low","confidence":"n","acq_datetime":"2026-10-03 00:20Z","daynight":"Night"}},{"type":"Feature","geometry":{"type":"Point","coordinates":[40.82415,34.91206]},"properties":{"source":"VIIRS (NOAA-20)","resolution_m":375,"frp":1.63,"intensity":"low","confidence":"n","acq_datetime":"2026-10-03 00:20Z","daynight":"Night"}},{"type":"Feature","geometry":{"type":"Point","coordinates":[37.94428,34.91586]},"properties":{"source":"VIIRS (NOAA-20)","resolution_m":375,"frp":1.65,"intensity":"low","confidence":"n","acq_datetime":"2026-10-03 00:20Z","daynight":"Night"}},{"type":"Feature","geometry":{"type":"Point","coordinates":[40.44202,35.30105]},"properties":{"source":"VIIRS (NOAA-20)","resolution_m":375,"frp":1.16,"intensity":"low","confidence":"n","acq_datetime":"2026-10-03 00:20Z","daynight":"Night"}},{"type":"Feature","geometry":{"type":"Point","coordinates":[8.16749,35.40328]},"properties":{"source":"VIIRS (NOAA-20)","resolution_m":375,"frp":2.56,"intensity":"low","confidence":"n","acq_datetime":"2026-10-03 00:20Z","daynight":"Night"}},{"type":"Feature","geometry":{"type":"Point","coordinates":[8.17026,35.40363]},"properties":{"source":"VIIRS (NOAA-20)","resolution_m":375,"frp":1.84,"intensity":"low","confidence":"n","acq_datetime":"2026-10-03 00:20Z","daynight":"Night"}},{"type":"Feature","geometry":{"type":"Point","coordinates":[8.16244,35.40385]},"properties":{"source":"VIIRS (NOAA-20)","resolution_m":375,"frp":1.82,"intensity":"low","confidence":"n","acq_datetime":"2026-10-03 00:20Z","daynight":"Night"}},{"type":"Feature","geometry":{"type":"Point","coordinates":[33.72874,36.26263]},"properties":{"source":"VIIRS (NOAA-20)","resolution_m":375,"frp":1.77,"intensity":"low","confidence":"n","acq_datetime":"2026-10-03 00:20Z","daynight":"Night"}},{"type":"Feature","geometry":{"type":"Point","coordinates":[10.0217,36.50124]},"properties":{"source":"VIIRS (NOAA-20)","resolution_m":375,"frp":1.2,"intensity":"low","confidence":"n","acq_datetime":"2026-10-03 00:20Z","daynight":"Night"}},{"type":"Feature","geometry":{"type":"Point","coordinates":[7.30333,36.76607]},"properties":{"source":"VIIRS (NOAA-20)","resolution_m":375,"frp":1.62,"intensity":"low","confidence":"n","acq_datetime":"2026-10-03 00:20Z","daynight":"Night"}},{"type":"Feature","geometry":{"type":"Point","coordinates":[10.19755,36.77945]},"properties":{"source":"VIIRS (NOAA-20)","resolution_m":375,"frp":0.6,"intensity":"low","confidence":"n","acq_datetime":"2026-10-03 00:20Z","daynight":"Night"}},{"type":"Feature","geometry":{"type":"Point","coordinates":[9.63668,36.9162]},"properties":{"source":"VIIRS (NOAA-20)","resolution_m":375,"frp":1.43,"intensity":"low","confidence":"n","acq_datetime":"2026-10-03 00:20Z","daynight":"Night"}},{"type":"Feature","geometry":{"type":"Point","coordinates":[9.63754,36.91634]},"properties":{"source":"VIIRS (NOAA-20)","resolution_m":375,"frp":1.22,"intensity":"low","confidence":"n","acq_datetime":"2026-10-03 00:20Z","daynight":"Night"}},{"type":"Feature","geometry":{"type":"Point","coordinates":[9.63698,36.92269]},"properties":{"source":"VIIRS (NOAA-20)","resolution_m":375,"frp":1.43,"intensity":"low","confidence":"n","acq_datetime":"2026-10-03 00:20Z","daynight":"Night"}},{"type":"Feature","geometry":{"type":"Point","coordinates":[9.63786,36.92282]},"properties":{"source":"VIIRS (NOAA-20)","resolution_m":375,"frp":1.22,"intensity":"low","confidence":"n","acq_datetime":"2026-10-03 00:20Z","daynight":"Night"}},{"type":"Feature","geometry":{"type":"Point","coordinates":[9.2466,37.10307]},"properties":{"source":"VIIRS (NOAA-20)","resolution_m":375,"frp":3.26,"intensity":"low","confidence":"n","acq_datetime":"2026-10-03 00:20Z","daynight":"Night"}},{"type":"Feature","geometry":{"type":"Point","coordinates":[30.44065,37.25294]},"properties":{"source":"VIIRS (NOAA-20)","resolution_m":375,"frp":1.16,"intensity":"low","confidence":"n","acq_datetime":"2026-10-03 00:20Z","daynight":"Night"}},{"type":"Feature","geometry":{"type":"Point","coordinates":[15.26483,38.20415]},"properties":{"source":"VIIRS (NOAA-20)","resolution_m":375,"frp":1.52,"intensity":"low","confidence":"n","acq_datetime":"2026-10-03 00:20Z","daynight":"Night"}},{"type":"Feature","geometry":{"type":"Point","coordinates":[15.26546,38.20573]},"properties":{"source":"VIIRS (NOAA-20)","resolution_m":375,"frp":2.53,"intensity":"low","confidence":"n","acq_datetime":"2026-10-03 00:20Z","daynight":"Night"}},{"type":"Feature","geometry":{"type":"Point","coordinates":[16.01904,38.70779]},"properties":{"source":"VIIRS (NOAA-20)","resolution_m":375,"frp":0.76,"intensity":"low","confidence":"n","acq_datetime":"2026-10-03 00:20Z","daynight":"Night"}},{"type":"Feature","geometry":{"type":"Point","coordinates":[26.94504,38.73805]},"properties":{"source":"VIIRS (NOAA-20)","resolution_m":375,"frp":0.76,"intensity":"low","confidence":"n","acq_datetime":"2026-10-03 00:20Z","daynight":"Night"}},{"type":"Feature","geometry":{"type":"Point","coordinates":[26.93144,38.74044]},"properties":{"source":"VIIRS (NOAA-20)","resolution_m":375,"frp":2.69,"intensity":"low","confidence":"n","acq_datetime":"2026-10-03 00:20Z","daynight":"Night"}},{"type":"Feature","geometry":{"type":"Point","coordinates":[17.05937,38.9691]},"properties":{"source":"VIIRS (NOAA-20)","resolution_m":375,"frp":1.25,"intensity":"low","confidence":"n","acq_datetime":"2026-10-03 00:20Z","daynight":"Night"}},{"type":"Feature","geometry":{"type":"Point","coordinates":[9.01257,39.08549]},"properties":{"source":"VIIRS (NOAA-20)","resolution_m":375,"frp":1.27,"intensity":"low","confidence":"n","acq_datetime":"2026-10-03 00:20Z","daynight":"Night"}},{"type":"Feature","geometry":{"type":"Point","coordinates":[17.13217,39.18473]},"properties":{"source":"VIIRS (NOAA-20)","resolution_m":375,"frp":3.17,"intensity":"low","confidence":"n","acq_datetime":"2026-10-03 00:20Z","daynight":"Night"}},{"type":"Feature","geometry":{"type":"Point","coordinates":[17.13964,39.19748]},"properties":{"source":"VIIRS (NOAA-20)","resolution_m":375,"frp":1.42,"intensity":"low","confidence":"n","acq_datetime":"2026-10-03 00:20Z","daynight":"Night"}},{"type":"Feature","geometry":{"type":"Point","coordinates":[22.80551,39.38741]},"properties":{"source":"VIIRS (NOAA-20)","resolution_m":375,"frp":0.6,"intensity":"low","confidence":"n","acq_datetime":"2026-10-03 00:20Z","daynight":"Night"}},{"type":"Feature","geometry":{"type":"Point","coordinates":[37.7819,59.13105]},"properties":{"source":"VIIRS (NOAA-20)","resolution_m":375,"frp":3.74,"intensity":"low","confidence":"n","acq_datetime":"2026-10-03 01:52Z","daynight":"Night"}},{"type":"Feature","geometry":{"type":"Point","coordinates":[37.78622,59.13366]},"properties":{"source":"VIIRS (NOAA-20)","resolution_m":375,"frp":7.84,"intensity":"low","confidence":"n","acq_datetime":"2026-10-03 01:52Z","daynight":"Night"}},{"type":"Feature","geometry":{"type":"Point","coordinates":[37.7907,59.13613]},"properties":{"source":"VIIRS (NOAA-20)","resolution_m":375,"frp":3.74,"intensity":"low","confidence":"n","acq_datetime":"2026-10-03 01:52Z","daynight":"Night"}},{"type":"Feature","geometry":{"type":"Point","coordinates":[34.14057,59.5308]},"properties":{"source":"VIIRS (NOAA-20)","resolution_m":375,"frp":1.11,"intensity":"low","confidence":"n","acq_datetime":"2026-10-03 01:52Z","daynight":"Night"}},{"type":"Feature","geometry":{"type":"Point","coordinates":[28.345,54.19581]},"properties":{"source":"VIIRS (NOAA-20)","resolution_m":375,"frp":0.69,"intensity":"low","confidence":"n","acq_datetime":"2026-10-03 01:54Z","daynight":"Night"}},{"type":"Feature","geometry":{"type":"Point","coordinates":[28.34728,54.19819]},"properties":{"source":"VIIRS (NOAA-20)","resolution_m":375,"frp":0.98,"intensity":"low","confidence":"n","acq_datetime":"2026-10-03 01:54Z","daynight":"Night"}},{"type":"Feature","geometry":{"type":"Point","coordinates":[25.40616,56.87954]},"properties":{"source":"VIIRS (NOAA-20)","resolution_m":375,"frp":1.18,"intensity":"low","confidence":"n","acq_datetime":"2026-10-03 01:54Z","daynight":"Night"}},{"type":"Feature","geometry":{"type":"Point","coordinates":[25.41099,56.88367]},"properties":{"source":"VIIRS (NOAA-20)","resolution_m":375,"frp":0.91,"intensity":"low","confidence":"n","acq_datetime":"2026-10-03 01:54Z","daynight":"Night"}},{"type":"Feature","geometry":{"type":"Point","coordinates":[25.41127,56.88409]},"properties":{"source":"VIIRS (NOAA-20)","resolution_m":375,"frp":0.58,"intensity":"low","confidence":"n","acq_datetime":"2026-10-03 01:54Z","daynight":"Night"}},{"type":"Feature","geometry":{"type":"Point","coordinates":[11.42147,58.34781]},"properties":{"source":"VIIRS (NOAA-20)","resolution_m":375,"frp":0.74,"intensity":"low","confidence":"n","acq_datetime":"2026-10-03 01:54Z","daynight":"Night"}},{"type":"Feature","geometry":{"type":"Point","coordinates":[1.05603,59.59042]},"properties":{"source":"VIIRS (NOAA-20)","resolution_m":375,"frp":0.71,"intensity":"low","confidence":"n","acq_datetime":"2026-10-03 01:54Z","daynight":"Night"}},{"type":"Feature","geometry":{"type":"Point","coordinates":[1.5132,59.60849]},"properties":{"source":"VIIRS (NOAA-20)","resolution_m":375,"frp":0.5,"intensity":"low","confidence":"n","acq_datetime":"2026-10-03 01:54Z","daynight":"Night"}},{"type":"Feature","geometry":{"type":"Point","coordinates":[15.4488,60.48824]},"properties":{"source":"VIIRS (NOAA-20)","resolution_m":375,"frp":1.01,"intensity":"low","confidence":"n","acq_datetime":"2026-10-03 01:54Z","daynight":"Night"}},{"type":"Feature","geometry":{"type":"Point","coordinates":[9.14294,63.31612]},"properties":{"source":"VIIRS (NOAA-20)","resolution_m":375,"frp":0.64,"intensity":"low","confidence":"n","acq_datetime":"2026-10-03 01:54Z","daynight":"Night"}},{"type":"Feature","geometry":{"type":"Point","coordinates":[9.14512,63.31938]},"properties":{"source":"VIIRS (NOAA-20)","resolution_m":375,"frp":0.95,"intensity":"low","confidence":"n","acq_datetime":"2026-10-03 01:54Z","daynight":"Night"}},{"type":"Feature","geometry":{"type":"Point","coordinates":[17.18703,48.4562]},"properties":{"source":"VIIRS (NOAA-20)","resolution_m":375,"frp":0.59,"intensity":"low","confidence":"n","acq_datetime":"2026-10-03 01:56Z","daynight":"Night"}},{"type":"Feature","geometry":{"type":"Point","coordinates":[21.17764,48.60443]},"properties":{"source":"VIIRS (NOAA-20)","resolution_m":375,"frp":1.31,"intensity":"low","confidence":"n","acq_datetime":"2026-10-03 01:56Z","daynight":"Night"}},{"type":"Feature","geometry":{"type":"Point","coordinates":[21.1714,48.60654]},"properties":{"source":"VIIRS (NOAA-20)","resolution_m":375,"frp":1.31,"intensity":"low","confidence":"n","acq_datetime":"2026-10-03 01:56Z","daynight":"Night"}},{"type":"Feature","geometry":{"type":"Point","coordinates":[21.17766,48.60959]},"properties":{"source":"VIIRS (NOAA-20)","resolution_m":375,"frp":3.48,"intensity":"low","confidence":"n","acq_datetime":"2026-10-03 01:56Z","daynight":"Night"}},{"type":"Feature","geometry":{"type":"Point","coordinates":[21.19001,48.62091]},"properties":{"source":"VIIRS (NOAA-20)","resolution_m":375,"frp":1.43,"intensity":"low","confidence":"n","acq_datetime":"2026-10-03 01:56Z","daynight":"Night"}},{"type":"Feature","geometry":{"type":"Point","coordinates":[18.48653,50.04014]},"properties":{"source":"VIIRS (NOAA-20)","resolution_m":375,"frp":0.68,"intensity":"low","confidence":"n","acq_datetime":"2026-10-03 01:56Z","daynight":"Night"}},{"type":"Feature","geometry":{"type":"Point","coordinates":[19.28325,50.33496]},"properties":{"source":"VIIRS (NOAA-20)","resolution_m":375,"frp":0.81,"intensity":"low","confidence":"n","acq_datetime":"2026-10-03 01:56Z","daynight":"Night"}},{"type":"Feature","geometry":{"type":"Point","coordinates":[19.29164,50.33838]},"properties":{"source":"VIIRS (NOAA-20)","resolution_m":375,"frp":0.86,"intensity":"low","confidence":"n","acq_datetime":"2026-10-03 01:56Z","daynight":"Night"}},{"type":"Feature","geometry":{"type":"Point","coordinates":[19.28682,50.33986]},"properties":{"source":"VIIRS (NOAA-20)","resolution_m":375,"frp":1.52,"intensity":"low","confidence":"n","acq_datetime":"2026-10-03 01:56Z","daynight":"Night"}},{"type":"Feature","geometry":{"type":"Point","coordinates":[19.33553,50.34292]},"properties":{"source":"VIIRS (NOAA-20)","resolution_m":375,"frp":0.94,"intensity":"low","confidence":"n","acq_datetime":"2026-10-03 01:56Z","daynight":"Night"}},{"type":"Feature","geometry":{"type":"Point","coordinates":[18.14418,50.41888]},"properties":{"source":"VIIRS (NOAA-20)","resolution_m":375,"frp":1.08,"intensity":"low","confidence":"n","acq_datetime":"2026-10-03 01:56Z","daynight":"Night"}},{"type":"Feature","geometry":{"type":"Point","coordinates":[17.97684,50.53471]},"properties":{"source":"VIIRS (NOAA-20)","resolution_m":375,"frp":1.12,"intensity":"low","confidence":"n","acq_datetime":"2026-10-03 01:56Z","daynight":"Night"}},{"type":"Feature","geometry":{"type":"Point","coordinates":[17.97544,50.53582]},"properties":{"source":"VIIRS (NOAA-20)","resolution_m":375,"frp":1.05,"intensity":"low","confidence":"n","acq_datetime":"2026-10-03 01:56Z","daynight":"Night"}},{"type":"Feature","geometry":{"type":"Point","coordinates":[5.67357,50.76546]},"properties":{"source":"VIIRS (NOAA-20)","resolution_m":375,"frp":1.15,"intensity":"low","confidence":"n","acq_datetime":"2026-10-03 01:56Z","daynight":"Night"}},{"type":"Feature","geometry":{"type":"Point","coordinates":[20.52765,50.80683]},"properties":{"source":"VIIRS (NOAA-20)","resolution_m":375,"frp":0.99,"intensity":"low","confidence":"n","acq_datetime":"2026-10-03 01:56Z","daynight":"Night"}},{"type":"Feature","geometry":{"type":"Point","coordinates":[7.0166,50.82014]},"properties":{"source":"VIIRS (NOAA-20)","resolution_m":375,"frp":2.05,"intensity":"low","confidence":"n","acq_datetime":"2026-10-03 01:56Z","daynight":"Night"}},{"type":"Feature","geometry":{"type":"Point","coordinates":[6.92265,50.87721]},"properties":{"source":"VIIRS (NOAA-20)","resolution_m":375,"frp":0.35,"intensity":"low","confidence":"n","acq_datetime":"2026-10-03 01:56Z","daynight":"Night"}},{"type":"Feature","geometry":{"type":"Point","coordinates":[21.67124,50.93065]},"properties":{"source":"VIIRS (NOAA-20)","resolution_m":375,"frp":1.71,"intensity":"low","confidence":"n","acq_datetime":"2026-10-03 01:56Z","daynight":"Night"}},{"type":"Feature","geometry":{"type":"Point","coordinates":[21.67813,50.93264]},"properties":{"source":"VIIRS (NOAA-20)","resolution_m":375,"frp":1.2,"intensity":"low","confidence":"n","acq_datetime":"2026-10-03 01:56Z","daynight":"Night"}},{"type":"Feature","geometry":{"type":"Point","coordinates":[18.9405,51.10625]},"properties":{"source":"VIIRS (NOAA-20)","resolution_m":375,"frp":0.63,"intensity":"low","confidence":"n","acq_datetime":"2026-10-03 01:56Z","daynight":"Night"}},{"type":"Feature","geometry":{"type":"Point","coordinates":[4.32878,51.16581]},"properties":{"source":"VIIRS (NOAA-20)","resolution_m":375,"frp":1.49,"intensity":"low","confidence":"n","acq_datetime":"2026-10-03 01:56Z","daynight":"Night"}},{"type":"Feature","geometry":{"type":"Point","coordinates":[3.81279,51.16643]},"properties":{"source":"VIIRS (NOAA-20)","resolution_m":375,"frp":5.52,"intensity":"low","confidence":"n","acq_datetime":"2026-10-03 01:56Z","daynight":"Night"}},{"type":"Feature","geometry":{"type":"Point","coordinates":[3.80736,51.16726]},"properties":{"source":"VIIRS (NOAA-20)","resolution_m":375,"frp":1.79,"intensity":"low","confidence":"n","acq_datetime":"2026-10-03 01:56Z","daynight":"Night"}},{"type":"Feature","geometry":{"type":"Point","coordinates":[3.80194,51.16808]},"properties":{"source":"VIIRS (NOAA-20)","resolution_m":375,"frp":1.79,"intensity":"low","confidence":"n","acq_datetime":"2026-10-03 01:56Z","daynight":"Night"}},{"type":"Feature","geometry":{"type":"Point","coordinates":[3.80862,51.17051]},"properties":{"source":"VIIRS (NOAA-20)","resolution_m":375,"frp":1.79,"intensity":"low","confidence":"n","acq_datetime":"2026-10-03 01:56Z","daynight":"Night"}},{"type":"Feature","geometry":{"type":"Point","coordinates":[3.80319,51.17134]},"properties":{"source":"VIIRS (NOAA-20)","resolution_m":375,"frp":1.79,"intensity":"low","confidence":"n","acq_datetime":"2026-10-03 01:56Z","daynight":"Night"}},{"type":"Feature","geometry":{"type":"Point","coordinates":[3.80988,51.17377]},"properties":{"source":"VIIRS (NOAA-20)","resolution_m":375,"frp":3.61,"intensity":"low","confidence":"n","acq_datetime":"2026-10-03 01:56Z","daynight":"Night"}},{"type":"Feature","geometry":{"type":"Point","coordinates":[3.80445,51.17459]},"properties":{"source":"VIIRS (NOAA-20)","resolution_m":375,"frp":3.61,"intensity":"low","confidence":"n","acq_datetime":"2026-10-03 01:56Z","daynight":"Night"}},{"type":"Feature","geometry":{"type":"Point","coordinates":[3.81114,51.17702]},"properties":{"source":"VIIRS (NOAA-20)","resolution_m":375,"frp":3.61,"intensity":"low","confidence":"n","acq_datetime":"2026-10-03 01:56Z","daynight":"Night"}},{"type":"Feature","geometry":{"type":"Point","coordinates":[3.81365,51.18354]},"properties":{"source":"VIIRS (NOAA-20)","resolution_m":375,"frp":0.84,"intensity":"low","confidence":"n","acq_datetime":"2026-10-03 01:56Z","daynight":"Night"}},{"type":"Feature","geometry":{"type":"Point","coordinates":[4.33816,51.25726]},"properties":{"source":"VIIRS (NOAA-20)","resolution_m":375,"frp":0.75,"intensity":"low","confidence":"n","acq_datetime":"2026-10-03 01:56Z","daynight":"Night"}},{"type":"Feature","geometry":{"type":"Point","coordinates":[4.32454,51.26628]},"properties":{"source":"VIIRS (NOAA-20)","resolution_m":375,"frp":1.51,"intensity":"low","confidence":"n","acq_datetime":"2026-10-03 01:56Z","daynight":"Night"}},{"type":"Feature","geometry":{"type":"Point","coordinates":[6.70907,51.3642]},"properties":{"source":"VIIRS (NOAA-20)","resolution_m":375,"frp":4.35,"intensity":"low","confidence":"n","acq_datetime":"2026-10-03 01:56Z","daynight":"Night"}},{"type":"Feature","geometry":{"type":"Point","coordinates":[6.70353,51.36518]},"properties":{"source":"VIIRS (NOAA-20)","resolution_m":375,"frp":4.35,"intensity":"low","confidence":"n","acq_datetime":"2026-10-03 01:56Z","daynight":"Night"}},{"type":"Feature","geometry":{"type":"Point","coordinates":[6.71055,51.36746]},"properties":{"source":"VIIRS (NOAA-20)","resolution_m":375,"frp":4.35,"intensity":"low","confidence":"n","acq_datetime":"2026-10-03 01:56Z","daynight":"Night"}},{"type":"Feature","geometry":{"type":"Point","coordinates":[6.70501,51.36845]},"properties":{"source":"VIIRS (NOAA-20)","resolution_m":375,"frp":4.35,"intensity":"low","confidence":"n","acq_datetime":"2026-10-03 01:56Z","daynight":"Night"}},{"type":"Feature","geometry":{"type":"Point","coordinates":[6.73728,51.42624]},"properties":{"source":"VIIRS (NOAA-20)","resolution_m":375,"frp":0.83,"intensity":"low","confidence":"n","acq_datetime":"2026-10-03 01:56Z","daynight":"Night"}},{"type":"Feature","geometry":{"type":"Point","coordinates":[6.73617,51.46003]},"properties":{"source":"VIIRS (NOAA-20)","resolution_m":375,"frp":1.46,"intensity":"low","confidence":"n","acq_datetime":"2026-10-03 01:56Z","daynight":"Night"}},{"type":"Feature","geometry":{"type":"Point","coordinates":[6.71584,51.4813]},"properties":{"source":"VIIRS (NOAA-20)","resolution_m":375,"frp":1.15,"intensity":"low","confidence":"n","acq_datetime":"2026-10-03 01:56Z","daynight":"Night"}},{"type":"Feature","geometry":{"type":"Point","coordinates":[6.70474,51.48327]},"properties":{"source":"VIIRS (NOAA-20)","resolution_m":375,"frp":2.91,"intensity":"low","confidence":"n","acq_datetime":"2026-10-03 01:56Z","daynight":"Night"}},{"type":"Feature","geometry":{"type":"Point","coordinates":[6.72288,51.48357]},"properties":{"source":"VIIRS (NOAA-20)","resolution_m":375,"frp":1.15,"intensity":"low","confidence":"n","acq_datetime":"2026-10-03 01:56Z","daynight":"Night"}},{"type":"Feature","geometry":{"type":"Point","coordinates":[6.71733,51.48456]},"properties":{"source":"VIIRS (NOAA-20)","resolution_m":375,"frp":1.15,"intensity":"low","confidence":"n","acq_datetime":"2026-10-03 01:56Z","daynight":"Night"}},{"type":"Feature","geometry":{"type":"Point","coordinates":[6.71177,51.48555]},"properties":{"source":"VIIRS (NOAA-20)","resolution_m":375,"frp":2.91,"intensity":"low","confidence":"n","acq_datetime":"2026-10-03 01:56Z","daynight":"Night"}},{"type":"Feature","geometry":{"type":"Point","coordinates":[6.72992,51.48585]},"properties":{"source":"VIIRS (NOAA-20)","resolution_m":375,"frp":0.93,"intensity":"low","confidence":"n","acq_datetime":"2026-10-03 01:56Z","daynight":"Night"}},{"type":"Feature","geometry":{"type":"Point","coordinates":[6.70622,51.48654]},"properties":{"source":"VIIRS (NOAA-20)","resolution_m":375,"frp":2.91,"intensity":"low","confidence":"n","acq_datetime":"2026-10-03 01:56Z","daynight":"Night"}},{"type":"Feature","geometry":{"type":"Point","coordinates":[6.72436,51.48684]},"properties":{"source":"VIIRS (NOAA-20)","resolution_m":375,"frp":2.24,"intensity":"low","confidence":"n","acq_datetime":"2026-10-03 01:56Z","daynight":"Night"}},{"type":"Feature","geometry":{"type":"Point","coordinates":[6.71881,51.48782]},"properties":{"source":"VIIRS (NOAA-20)","resolution_m":375,"frp":2.24,"intensity":"low","confidence":"n","acq_datetime":"2026-10-03 01:56Z","daynight":"Night"}},{"type":"Feature","geometry":{"type":"Point","coordinates":[6.71326,51.48881]},"properties":{"source":"VIIRS (NOAA-20)","resolution_m":375,"frp":1.51,"intensity":"low","confidence":"n","acq_datetime":"2026-10-03 01:56Z","daynight":"Night"}},{"type":"Feature","geometry":{"type":"Point","coordinates":[6.73586,51.49891]},"properties":{"source":"VIIRS (NOAA-20)","resolution_m":375,"frp":0.65,"intensity":"low","confidence":"n","acq_datetime":"2026-10-03 01:56Z","daynight":"Night"}},{"type":"Feature","geometry":{"type":"Point","coordinates":[6.73883,51.50543]},"properties":{"source":"VIIRS (NOAA-20)","resolution_m":375,"frp":1.08,"intensity":"low","confidence":"n","acq_datetime":"2026-10-03 01:56Z","daynight":"Night"}},{"type":"Feature","geometry":{"type":"Point","coordinates":[6.96908,51.51874]},"properties":{"source":"VIIRS (NOAA-20)","resolution_m":375,"frp":5.31,"intensity":"low","confidence":"n","acq_datetime":"2026-10-03 01:56Z","daynight":"Night"}},{"type":"Feature","geometry":{"type":"Point","coordinates":[0.46759,51.59233]},"properties":{"source":"VIIRS (NOAA-20)","resolution_m":375,"frp":0.51,"intensity":"low","confidence":"n","acq_datetime":"2026-10-03 01:56Z","daynight":"Night"}},{"type":"Feature","geometry":{"type":"Point","coordinates":[8.50929,51.61962]},"properties":{"source":"VIIRS (NOAA-20)","resolution_m":375,"frp":0.77,"intensity":"low","confidence":"n","acq_datetime":"2026-10-03 01:56Z","daynight":"Night"}},{"type":"Feature","geometry":{"type":"Point","coordinates":[15.9761,51.68745]},"properties":{"source":"VIIRS (NOAA-20)","resolution_m":375,"frp":1.03,"intensity":"low","confidence":"n","acq_datetime":"2026-10-03 01:56Z","daynight":"Night"}},{"type":"Feature","geometry":{"type":"Point","coordinates":[8.05438,51.7645]},"properties":{"source":"VIIRS (NOAA-20)","resolution_m":375,"frp":0.53,"intensity":"low","confidence":"n","acq_datetime":"2026-10-03 01:56Z","daynight":"Night"}},{"type":"Feature","geometry":{"type":"Point","coordinates":[8.03148,51.85867]},"properties":{"source":"VIIRS (NOAA-20)","resolution_m":375,"frp":0.89,"intensity":"low","confidence":"n","acq_datetime":"2026-10-03 01:56Z","daynight":"Night"}},{"type":"Feature","geometry":{"type":"Point","coordinates":[29.33521,51.88489]},"properties":{"source":"VIIRS (NOAA-20)","resolution_m":375,"frp":1.45,"intensity":"low","confidence":"n","acq_datetime":"2026-10-03 01:56Z","daynight":"Night"}},{"type":"Feature","geometry":{"type":"Point","coordinates":[29.33248,51.88975]},"properties":{"source":"VIIRS (NOAA-20)","resolution_m":375,"frp":1.82,"intensity":"low","confidence":"n","acq_datetime":"2026-10-03 01:56Z","daynight":"Night"}},{"type":"Feature","geometry":{"type":"Point","coordinates":[29.33893,51.89576]},"properties":{"source":"VIIRS (NOAA-20)","resolution_m":375,"frp":1.82,"intensity":"low","confidence":"n","acq_datetime":"2026-10-03 01:56Z","daynight":"Night"}},{"type":"Feature","geometry":{"type":"Point","coordinates":[4.10835,51.94236]},"properties":{"source":"VIIRS (NOAA-20)","resolution_m":375,"frp":0.39,"intensity":"low","confidence":"n","acq_datetime":"2026-10-03 01:56Z","daynight":"Night"}},{"type":"Feature","geometry":{"type":"Point","coordinates":[10.40243,52.15014]},"properties":{"source":"VIIRS (NOAA-20)","resolution_m":375,"frp":2.97,"intensity":"low","confidence":"n","acq_datetime":"2026-10-03 01:56Z","daynight":"Night"}},{"type":"Feature","geometry":{"type":"Point","coordinates":[10.39589,52.1515]},"properties":{"source":"VIIRS (NOAA-20)","resolution_m":375,"frp":2.55,"intensity":"low","confidence":"n","acq_datetime":"2026-10-03 01:56Z","daynight":"Night"}},{"type":"Feature","geometry":{"type":"Point","coordinates":[10.40435,52.1536]},"properties":{"source":"VIIRS (NOAA-20)","resolution_m":375,"frp":2.97,"intensity":"low","confidence":"n","acq_datetime":"2026-10-03 01:56Z","daynight":"Night"}},{"type":"Feature","geometry":{"type":"Point","coordinates":[10.39782,52.15496]},"properties":{"source":"VIIRS (NOAA-20)","resolution_m":375,"frp":2.55,"intensity":"low","confidence":"n","acq_datetime":"2026-10-03 01:56Z","daynight":"Night"}},{"type":"Feature","geometry":{"type":"Point","coordinates":[10.40627,52.15707]},"properties":{"source":"VIIRS (NOAA-20)","resolution_m":375,"frp":10.39,"intensity":"moderate","confidence":"n","acq_datetime":"2026-10-03 01:56Z","daynight":"Night"}},{"type":"Feature","geometry":{"type":"Point","coordinates":[10.39321,52.15978]},"properties":{"source":"VIIRS (NOAA-20)","resolution_m":375,"frp":1.95,"intensity":"low","confidence":"n","acq_datetime":"2026-10-03 01:56Z","daynight":"Night"}},{"type":"Feature","geometry":{"type":"Point","coordinates":[10.41663,52.16264]},"properties":{"source":"VIIRS (NOAA-20)","resolution_m":375,"frp":2.63,"intensity":"low","confidence":"n","acq_datetime":"2026-10-03 01:56Z","daynight":"Night"}},{"type":"Feature","geometry":{"type":"Point","coordinates":[8.04748,52.20884]},"properties":{"source":"VIIRS (NOAA-20)","resolution_m":375,"frp":5.88,"intensity":"low","confidence":"n","acq_datetime":"2026-10-03 01:56Z","daynight":"Night"}},{"type":"Feature","geometry":{"type":"Point","coordinates":[9.88555,52.35381]},"properties":{"source":"VIIRS (NOAA-20)","resolution_m":375,"frp":0.51,"intensity":"low","confidence":"n","acq_datetime":"2026-10-03 01:56Z","daynight":"Night"}},{"type":"Feature","geometry":{"type":"Point","coordinates":[7.31875,52.465]},"properties":{"source":"VIIRS (NOAA-20)","resolution_m":375,"frp":1.69,"intensity":"low","confidence":"n","acq_datetime":"2026-10-03 01:56Z","daynight":"Night"}},{"type":"Feature","geometry":{"type":"Point","coordinates":[4.61307,52.47324]},"properties":{"source":"VIIRS (NOAA-20)","resolution_m":375,"frp":0.7,"intensity":"low","confidence":"n","acq_datetime":"2026-10-03 01:56Z","daynight":"Night"}},{"type":"Feature","geometry":{"type":"Point","coordinates":[4.6075,52.47409]},"properties":{"source":"VIIRS (NOAA-20)","resolution_m":375,"frp":0.55,"intensity":"low","confidence":"n","acq_datetime":"2026-10-03 01:56Z","daynight":"Night"}},{"type":"Feature","geometry":{"type":"Point","coordinates":[4.58524,52.47752]},"properties":{"source":"VIIRS (NOAA-20)","resolution_m":375,"frp":0.98,"intensity":"low","confidence":"n","acq_datetime":"2026-10-03 01:56Z","daynight":"Night"}},{"type":"Feature","geometry":{"type":"Point","coordinates":[4.59771,52.47905]},"properties":{"source":"VIIRS (NOAA-20)","resolution_m":375,"frp":0.73,"intensity":"low","confidence":"n","acq_datetime":"2026-10-03 01:56Z","daynight":"Night"}},{"type":"Feature","geometry":{"type":"Point","coordinates":[4.59349,52.48316]},"properties":{"source":"VIIRS (NOAA-20)","resolution_m":375,"frp":0.47,"intensity":"low","confidence":"n","acq_datetime":"2026-10-03 01:56Z","daynight":"Night"}},{"type":"Feature","geometry":{"type":"Point","coordinates":[4.58792,52.48401]},"properties":{"source":"VIIRS (NOAA-20)","resolution_m":375,"frp":1.32,"intensity":"low","confidence":"n","acq_datetime":"2026-10-03 01:56Z","daynight":"Night"}},{"type":"Feature","geometry":{"type":"Point","coordinates":[4.6004,52.48555]},"properties":{"source":"VIIRS (NOAA-20)","resolution_m":375,"frp":0.47,"intensity":"low","confidence":"n","acq_datetime":"2026-10-03 01:56Z","daynight":"Night"}},{"type":"Feature","geometry":{"type":"Point","coordinates":[4.6267,52.49185]},"properties":{"source":"VIIRS (NOAA-20)","resolution_m":375,"frp":0.75,"intensity":"low","confidence":"n","acq_datetime":"2026-10-03 01:56Z","daynight":"Night"}},{"type":"Feature","geometry":{"type":"Point","coordinates":[4.62113,52.49271]},"properties":{"source":"VIIRS (NOAA-20)","resolution_m":375,"frp":0.75,"intensity":"low","confidence":"n","acq_datetime":"2026-10-03 01:56Z","daynight":"Night"}},{"type":"Feature","geometry":{"type":"Point","coordinates":[4.61557,52.49357]},"properties":{"source":"VIIRS (NOAA-20)","resolution_m":375,"frp":4.28,"intensity":"low","confidence":"n","acq_datetime":"2026-10-03 01:56Z","daynight":"Night"}},{"type":"Feature","geometry":{"type":"Point","coordinates":[4.61,52.49443]},"properties":{"source":"VIIRS (NOAA-20)","resolution_m":375,"frp":4.28,"intensity":"low","confidence":"n","acq_datetime":"2026-10-03 01:56Z","daynight":"Night"}},{"type":"Feature","geometry":{"type":"Point","coordinates":[4.60443,52.49529]},"properties":{"source":"VIIRS (NOAA-20)","resolution_m":375,"frp":0.58,"intensity":"low","confidence":"n","acq_datetime":"2026-10-03 01:56Z","daynight":"Night"}},{"type":"Feature","geometry":{"type":"Point","coordinates":[7.30412,52.56311]},"properties":{"source":"VIIRS (NOAA-20)","resolution_m":375,"frp":0.96,"intensity":"low","confidence":"n","acq_datetime":"2026-10-03 01:56Z","daynight":"Night"}},{"type":"Feature","geometry":{"type":"Point","coordinates":[19.6714,52.5844]},"properties":{"source":"VIIRS (NOAA-20)","resolution_m":375,"frp":1.56,"intensity":"low","confidence":"n","acq_datetime":"2026-10-03 01:56Z","daynight":"Night"}},{"type":"Feature","geometry":{"type":"Point","coordinates":[-0.54635,52.64177]},"properties":{"source":"VIIRS (NOAA-20)","resolution_m":375,"frp":0.41,"intensity":"low","confidence":"n","acq_datetime":"2026-10-03 01:56Z","daynight":"Night"}},{"type":"Feature","geometry":{"type":"Point","coordinates":[-8.69054,52.64381]},"properties":{"source":"VIIRS (NOAA-20)","resolution_m":375,"frp":0.74,"intensity":"low","confidence":"n","acq_datetime":"2026-10-03 01:56Z","daynight":"Night"}},{"type":"Feature","geometry":{"type":"Point","coordinates":[-1.06915,53.08517]},"properties":{"source":"VIIRS (NOAA-20)","resolution_m":375,"frp":0.71,"intensity":"low","confidence":"n","acq_datetime":"2026-10-03 01:56Z","daynight":"Night"}},{"type":"Feature","geometry":{"type":"Point","coordinates":[-1.06784,53.08545]},"properties":{"source":"VIIRS (NOAA-20)","resolution_m":375,"frp":0.51,"intensity":"low","confidence":"n","acq_datetime":"2026-10-03 01:56Z","daynight":"Night"}},{"type":"Feature","geometry":{"type":"Point","coordinates":[8.68583,53.12485]},"properties":{"source":"VIIRS (NOAA-20)","resolution_m":375,"frp":1.11,"intensity":"low","confidence":"n","acq_datetime":"2026-10-03 01:56Z","daynight":"Night"}},{"type":"Feature","geometry":{"type":"Point","coordinates":[8.67486,53.1414]},"properties":{"source":"VIIRS (NOAA-20)","resolution_m":375,"frp":1.5,"intensity":"low","confidence":"n","acq_datetime":"2026-10-03 01:56Z","daynight":"Night"}},{"type":"Feature","geometry":{"type":"Point","coordinates":[24.44884,53.26084]},"properties":{"source":"VIIRS (NOAA-20)","resolution_m":375,"frp":0.85,"intensity":"low","confidence":"n","acq_datetime":"2026-10-03 01:56Z","daynight":"Night"}},{"type":"Feature","geometry":{"type":"Point","coordinates":[24.44921,53.26102]},"properties":{"source":"VIIRS (NOAA-20)","resolution_m":375,"frp":0.61,"intensity":"low","confidence":"n","acq_datetime":"2026-10-03 01:56Z","daynight":"Night"}},{"type":"Feature","geometry":{"type":"Point","coordinates":[9.94899,53.48256]},"properties":{"source":"VIIRS (NOAA-20)","resolution_m":375,"frp":0.71,"intensity":"low","confidence":"n","acq_datetime":"2026-10-03 01:56Z","daynight":"Night"}},{"type":"Feature","geometry":{"type":"Point","coordinates":[10.03415,53.51045]},"properties":{"source":"VIIRS (NOAA-20)","resolution_m":375,"frp":0.73,"intensity":"low","confidence":"n","acq_datetime":"2026-10-03 01:56Z","daynight":"Night"}},{"type":"Feature","geometry":{"type":"Point","coordinates":[10.03526,53.51107]},"properties":{"source":"VIIRS (NOAA-20)","resolution_m":375,"frp":0.85,"intensity":"low","confidence":"n","acq_datetime":"2026-10-03 01:56Z","daynight":"Night"}},{"type":"Feature","geometry":{"type":"Point","coordinates":[10.03603,53.51381]},"properties":{"source":"VIIRS (NOAA-20)","resolution_m":375,"frp":0.73,"intensity":"low","confidence":"n","acq_datetime":"2026-10-03 01:56Z","daynight":"Night"}},{"type":"Feature","geometry":{"type":"Point","coordinates":[10.03714,53.51443]},"properties":{"source":"VIIRS (NOAA-20)","resolution_m":375,"frp":0.85,"intensity":"low","confidence":"n","acq_datetime":"2026-10-03 01:56Z","daynight":"Night"}},{"type":"Feature","geometry":{"type":"Point","coordinates":[9.90138,53.52169]},"properties":{"source":"VIIRS (NOAA-20)","resolution_m":375,"frp":3.0,"intensity":"low","confidence":"n","acq_datetime":"2026-10-03 01:56Z","daynight":"Night"}},{"type":"Feature","geometry":{"type":"Point","coordinates":[4.79607,55.71885]},"properties":{"source":"VIIRS (NOAA-20)","resolution_m":375,"frp":0.35,"intensity":"low","confidence":"n","acq_datetime":"2026-10-03 01:56Z","daynight":"Night"}},{"type":"Feature","geometry":{"type":"Point","coordinates":[-3.67074,56.01039]},"properties":{"source":"VIIRS (NOAA-20)","resolution_m":375,"frp":0.47,"intensity":"low","confidence":"n","acq_datetime":"2026-10-03 01:56Z","daynight":"Night"}},{"type":"Feature","geometry":{"type":"Point","coordinates":[13.22801,56.07873]},"properties":{"source":"VIIRS (NOAA-20)","resolution_m":375,"frp":2.57,"intensity":"low","confidence":"n","acq_datetime":"2026-10-03 01:56Z","daynight":"Night"}},{"type":"Feature","geometry":{"type":"Point","coordinates":[9.97896,57.06087]},"properties":{"source":"VIIRS (NOAA-20)","resolution_m":375,"frp":1.36,"intensity":"low","confidence":"n","acq_datetime":"2026-10-03 01:56Z","daynight":"Night"}},{"type":"Feature","geometry":{"type":"Point","coordinates":[16.61008,40.23514]},"properties":{"source":"VIIRS (NOAA-20)","resolution_m":375,"frp":1.48,"intensity":"low","confidence":"n","acq_datetime":"2026-10-03 01:58Z","daynight":"Night"}},{"type":"Feature","geometry":{"type":"Point","coordinates":[16.56232,40.55869]},"properties":{"source":"VIIRS (NOAA-20)","resolution_m":375,"frp":1.29,"intensity":"low","confidence":"n","acq_datetime":"2026-10-03 01:58Z","daynight":"Night"}},{"type":"Feature","geometry":{"type":"Point","coordinates":[16.34993,40.75427]},"properties":{"source":"VIIRS (NOAA-20)","resolution_m":375,"frp":0.97,"intensity":"low","confidence":"n","acq_datetime":"2026-10-03 01:58Z","daynight":"Night"}},{"type":"Feature","geometry":{"type":"Point","coordinates":[16.34502,40.75581]},"properties":{"source":"VIIRS (NOAA-20)","resolution_m":375,"frp":1.52,"intensity":"low","confidence":"n","acq_datetime":"2026-10-03 01:58Z","daynight":"Night"}},{"type":"Feature","geometry":{"type":"Point","coordinates":[12.71267,42.00721]},"properties":{"source":"VIIRS (NOAA-20)","resolution_m":375,"frp":0.47,"intensity":"low","confidence":"n","acq_datetime":"2026-10-03 01:58Z","daynight":"Night"}},{"type":"Feature","geometry":{"type":"Point","coordinates":[12.71406,42.00927]},"properties":{"source":"VIIRS (NOAA-20)","resolution_m":375,"frp":0.73,"intensity":"low","confidence":"n","acq_datetime":"2026-10-03 01:58Z","daynight":"Night"}},{"type":"Feature","geometry":{"type":"Point","coordinates":[12.67385,42.57013]},"properties":{"source":"VIIRS (NOAA-20)","resolution_m":375,"frp":1.09,"intensity":"low","confidence":"n","acq_datetime":"2026-10-03 01:58Z","daynight":"Night"}},{"type":"Feature","geometry":{"type":"Point","coordinates":[18.88554,42.92445]},"properties":{"source":"VIIRS (NOAA-20)","resolution_m":375,"frp":5.0,"intensity":"low","confidence":"n","acq_datetime":"2026-10-03 01:58Z","daynight":"Night"}},{"type":"Feature","geometry":{"type":"Point","coordinates":[18.8798,42.92585]},"properties":{"source":"VIIRS (NOAA-20)","resolution_m":375,"frp":7.15,"intensity":"low","confidence":"n","acq_datetime":"2026-10-03 01:58Z","daynight":"Night"}},{"type":"Feature","geometry":{"type":"Point","coordinates":[18.87896,42.92662]},"properties":{"source":"VIIRS (NOAA-20)","resolution_m":375,"frp":9.05,"intensity":"low","confidence":"n","acq_datetime":"2026-10-03 01:58Z","daynight":"Night"}},{"type":"Feature","geometry":{"type":"Point","coordinates":[18.8732,42.92807]},"properties":{"source":"VIIRS (NOAA-20)","resolution_m":375,"frp":3.76,"intensity":"low","confidence":"n","acq_datetime":"2026-10-03 01:58Z","daynight":"Night"}},{"type":"Feature","geometry":{"type":"Point","coordinates":[18.8808,42.93282]},"properties":{"source":"VIIRS (NOAA-20)","resolution_m":375,"frp":2.09,"intensity":"low","confidence":"n","acq_datetime":"2026-10-03 01:58Z","daynight":"Night"}},{"type":"Feature","geometry":{"type":"Point","coordinates":[12.54631,43.36553]},"properties":{"source":"VIIRS (NOAA-20)","resolution_m":375,"frp":0.89,"intensity":"low","confidence":"n","acq_datetime":"2026-10-03 01:58Z","daynight":"Night"}},{"type":"Feature","geometry":{"type":"Point","coordinates":[4.89552,43.43177]},"properties":{"source":"VIIRS (NOAA-20)","resolution_m":375,"frp":0.87,"intensity":"low","confidence":"n","acq_datetime":"2026-10-03 01:58Z","daynight":"Night"}},{"type":"Feature","geometry":{"type":"Point","coordinates":[4.89149,43.4362]},"properties":{"source":"VIIRS (NOAA-20)","resolution_m":375,"frp":1.06,"intensity":"low","confidence":"n","acq_datetime":"2026-10-03 01:58Z","daynight":"Night"}},{"type":"Feature","geometry":{"type":"Point","coordinates":[4.88625,43.43719]},"properties":{"source":"VIIRS (NOAA-20)","resolution_m":375,"frp":1.06,"intensity":"low","confidence":"n","acq_datetime":"2026-10-03 01:58Z","daynight":"Night"}},{"type":"Feature","geometry":{"type":"Point","coordinates":[4.881,43.43819]},"properties":{"source":"VIIRS (NOAA-20)","resolution_m":375,"frp":0.69,"intensity":"low","confidence":"n","acq_datetime":"2026-10-03 01:58Z","daynight":"Night"}},{"type":"Feature","geometry":{"type":"Point","coordinates":[4.89273,43.43962]},"properties":{"source":"VIIRS (NOAA-20)","resolution_m":375,"frp":0.93,"intensity":"low","confidence":"n","acq_datetime":"2026-10-03 01:58Z","daynight":"Night"}},{"type":"Feature","geometry":{"type":"Point","coordinates":[4.88748,43.44062]},"properties":{"source":"VIIRS (NOAA-20)","resolution_m":375,"frp":0.93,"intensity":"low","confidence":"n","acq_datetime":"2026-10-03 01:58Z","daynight":"Night"}},{"type":"Feature","geometry":{"type":"Point","coordinates":[4.88223,43.44162]},"properties":{"source":"VIIRS (NOAA-20)","resolution_m":375,"frp":1.19,"intensity":"low","confidence":"n","acq_datetime":"2026-10-03 01:58Z","daynight":"Night"}},{"type":"Feature","geometry":{"type":"Point","coordinates":[4.90045,43.44548]},"properties":{"source":"VIIRS (NOAA-20)","resolution_m":375,"frp":2.49,"intensity":"low","confidence":"n","acq_datetime":"2026-10-03 01:58Z","daynight":"Night"}},{"type":"Feature","geometry":{"type":"Point","coordinates":[4.89519,43.44648]},"properties":{"source":"VIIRS (NOAA-20)","resolution_m":375,"frp":2.07,"intensity":"low","confidence":"n","acq_datetime":"2026-10-03 01:58Z","daynight":"Night"}},{"type":"Feature","geometry":{"type":"Point","coordinates":[17.58874,43.64877]},"properties":{"source":"VIIRS (NOAA-20)","resolution_m":375,"frp":0.88,"intensity":"low","confidence":"n","acq_datetime":"2026-10-03 01:58Z","daynight":"Night"}},{"type":"Feature","geometry":{"type":"Point","coordinates":[8.78062,44.44411]},"properties":{"source":"VIIRS (NOAA-20)","resolution_m":375,"frp":1.99,"intensity":"low","confidence":"n","acq_datetime":"2026-10-03 01:58Z","daynight":"Night"}},{"type":"Feature","geometry":{"type":"Point","coordinates":[8.78303,44.44526]},"properties":{"source":"VIIRS (NOAA-20)","resolution_m":375,"frp":1.29,"intensity":"low","confidence":"n","acq_datetime":"2026-10-03 01:58Z","daynight":"Night"}},{"type":"Feature","geometry":{"type":"Point","coordinates":[8.77838,44.44632]},"properties":{"source":"VIIRS (NOAA-20)","resolution_m":375,"frp":1.29,"intensity":"low","confidence":"n","acq_datetime":"2026-10-03 01:58Z","daynight":"Night"}},{"type":"Feature","geometry":{"type":"Point","coordinates":[19.9442,44.82731]},"properties":{"source":"VIIRS (NOAA-20)","resolution_m":375,"frp":0.93,"intensity":"low","confidence":"n","acq_datetime":"2026-10-03 01:58Z","daynight":"Night"}},{"type":"Feature","geometry":{"type":"Point","coordinates":[19.74875,45.05352]},"properties":{"source":"VIIRS (NOAA-20)","resolution_m":375,"frp":1.52,"intensity":"low","confidence":"n","acq_datetime":"2026-10-03 01:58Z","daynight":"Night"}},{"type":"Feature","geometry":{"type":"Point","coordinates":[19.74264,45.06503]},"properties":{"source":"VIIRS (NOAA-20)","resolution_m":375,"frp":0.84,"intensity":"low","confidence":"n","acq_datetime":"2026-10-03 01:58Z","daynight":"Night"}},{"type":"Feature","geometry":{"type":"Point","coordinates":[19.74241,45.06994]},"properties":{"source":"VIIRS (NOAA-20)","resolution_m":375,"frp":1.56,"intensity":"low","confidence":"n","acq_datetime":"2026-10-03 01:58Z","daynight":"Night"}},{"type":"Feature","geometry":{"type":"Point","coordinates":[21.10709,45.13112]},"properties":{"source":"VIIRS (NOAA-20)","resolution_m":375,"frp":1.53,"intensity":"low","confidence":"n","acq_datetime":"2026-10-03 01:58Z","daynight":"Night"}},{"type":"Feature","geometry":{"type":"Point","coordinates":[21.11137,45.13721]},"properties":{"source":"VIIRS (NOAA-20)","resolution_m":375,"frp":4.95,"intensity":"low","confidence":"n","acq_datetime":"2026-10-03 01:58Z","daynight":"Night"}},{"type":"Feature","geometry":{"type":"Point","coordinates":[21.10369,45.13992]},"properties":{"source":"VIIRS (NOAA-20)","resolution_m":375,"frp":3.37,"intensity":"low","confidence":"n","acq_datetime":"2026-10-03 01:58Z","daynight":"Night"}},{"type":"Feature","geometry":{"type":"Point","coordinates":[9.94341,45.14728]},"properties":{"source":"VIIRS (NOAA-20)","resolution_m":375,"frp":1.48,"intensity":"low","confidence":"n","acq_datetime":"2026-10-03 01:58Z","daynight":"Night"}},{"type":"Feature","geometry":{"type":"Point","coordinates":[20.74647,45.16728]},"properties":{"source":"VIIRS (NOAA-20)","resolution_m":375,"frp":0.98,"intensity":"low","confidence":"n","acq_datetime":"2026-10-03 01:58Z","daynight":"Night"}},{"type":"Feature","geometry":{"type":"Point","coordinates":[20.63858,45.21998]},"properties":{"source":"VIIRS (NOAA-20)","resolution_m":375,"frp":2.47,"intensity":"low","confidence":"n","acq_datetime":"2026-10-03 01:58Z","daynight":"Night"}},{"type":"Feature","geometry":{"type":"Point","coordinates":[20.63136,45.2225]},"properties":{"source":"VIIRS (NOAA-20)","resolution_m":375,"frp":2.47,"intensity":"low","confidence":"n","acq_datetime":"2026-10-03 01:58Z","daynight":"Night"}},{"type":"Feature","geometry":{"type":"Point","coordinates":[20.63331,45.22311]},"properties":{"source":"VIIRS (NOAA-20)","resolution_m":375,"frp":3.48,"intensity":"low","confidence":"n","acq_datetime":"2026-10-03 01:58Z","daynight":"Night"}},{"type":"Feature","geometry":{"type":"Point","coordinates":[11.94519,45.37982]},"properties":{"source":"VIIRS (NOAA-20)","resolution_m":375,"frp":0.94,"intensity":"low","confidence":"n","acq_datetime":"2026-10-03 01:58Z","daynight":"Night"}},{"type":"Feature","geometry":{"type":"Point","coordinates":[11.94722,45.38122]},"properties":{"source":"VIIRS (NOAA-20)","resolution_m":375,"frp":1.86,"intensity":"low","confidence":"n","acq_datetime":"2026-10-03 01:58Z","daynight":"Night"}},{"type":"Feature","geometry":{"type":"Point","coordinates":[11.94735,45.38413]},"properties":{"source":"VIIRS (NOAA-20)","resolution_m":375,"frp":0.94,"intensity":"low","confidence":"n","acq_datetime":"2026-10-03 01:58Z","daynight":"Night"}},{"type":"Feature","geometry":{"type":"Point","coordinates":[10.45516,45.4601]},"properties":{"source":"VIIRS (NOAA-20)","resolution_m":375,"frp":1.3,"intensity":"low","confidence":"n","acq_datetime":"2026-10-03 01:58Z","daynight":"Night"}},{"type":"Feature","geometry":{"type":"Point","coordinates":[10.21265,45.47735]},"properties":{"source":"VIIRS (NOAA-20)","resolution_m":375,"frp":1.48,"intensity":"low","confidence":"n","acq_datetime":"2026-10-03 01:58Z","daynight":"Night"}},{"type":"Feature","geometry":{"type":"Point","coordinates":[10.20748,45.47858]},"properties":{"source":"VIIRS (NOAA-20)","resolution_m":375,"frp":1.48,"intensity":"low","confidence":"n","acq_datetime":"2026-10-03 01:58Z","daynight":"Night"}},{"type":"Feature","geometry":{"type":"Point","coordinates":[10.2451,45.5097]},"properties":{"source":"VIIRS (NOAA-20)","resolution_m":375,"frp":1.32,"intensity":"low","confidence":"n","acq_datetime":"2026-10-03 01:58Z","daynight":"Night"}},{"type":"Feature","geometry":{"type":"Point","coordinates":[20.61613,45.52998]},"properties":{"source":"VIIRS (NOAA-20)","resolution_m":375,"frp":0.7,"intensity":"low","confidence":"n","acq_datetime":"2026-10-03 01:58Z","daynight":"Night"}},{"type":"Feature","geometry":{"type":"Point","coordinates":[13.62809,46.06981]},"properties":{"source":"VIIRS (NOAA-20)","resolution_m":375,"frp":0.72,"intensity":"low","confidence":"n","acq_datetime":"2026-10-03 01:58Z","daynight":"Night"}},{"type":"Feature","geometry":{"type":"Point","coordinates":[13.0726,46.22864]},"properties":{"source":"VIIRS (NOAA-20)","resolution_m":375,"frp":0.78,"intensity":"low","confidence":"n","acq_datetime":"2026-10-03 01:58Z","daynight":"Night"}},{"type":"Feature","geometry":{"type":"Point","coordinates":[13.0726,46.22999]},"properties":{"source":"VIIRS (NOAA-20)","resolution_m":375,"frp":1.59,"intensity":"low","confidence":"n","acq_datetime":"2026-10-03 01:58Z","daynight":"Night"}},{"type":"Feature","geometry":{"type":"Point","coordinates":[-0.14183,46.80948]},"properties":{"source":"VIIRS (NOAA-20)","resolution_m":375,"frp":0.41,"intensity":"low","confidence":"n","acq_datetime":"2026-10-03 01:58Z","daynight":"Night"}},{"type":"Feature","geometry":{"type":"Point","coordinates":[8.26717,47.06959]},"properties":{"source":"VIIRS (NOAA-20)","resolution_m":375,"frp":2.19,"intensity":"low","confidence":"n","acq_datetime":"2026-10-03 01:58Z","daynight":"Night"}},{"type":"Feature","geometry":{"type":"Point","coordinates":[7.56197,47.17341]},"properties":{"source":"VIIRS (NOAA-20)","resolution_m":375,"frp":0.94,"intensity":"low","confidence":"n","acq_datetime":"2026-10-03 01:58Z","daynight":"Night"}},{"type":"Feature","geometry":{"type":"Point","coordinates":[3.92967,48.18198]},"properties":{"source":"VIIRS (NOAA-20)","resolution_m":375,"frp":0.32,"intensity":"low","confidence":"n","acq_datetime":"2026-10-03 01:58Z","daynight":"Night"}},{"type":"Feature","geometry":{"type":"Point","coordinates":[14.3265,48.26359]},"properties":{"source":"VIIRS (NOAA-20)","resolution_m":375,"frp":1.08,"intensity":"low","confidence":"n","acq_datetime":"2026-10-03 01:58Z","daynight":"Night"}},{"type":"Feature","geometry":{"type":"Point","coordinates":[14.32486,48.27411]},"properties":{"source":"VIIRS (NOAA-20)","resolution_m":375,"frp":3.73,"intensity":"low","confidence":"n","acq_datetime":"2026-10-03 01:58Z","daynight":"Night"}},{"type":"Feature","geometry":{"type":"Point","coordinates":[14.34112,48.27487]},"properties":{"source":"VIIRS (NOAA-20)","resolution_m":375,"frp":4.33,"intensity":"low","confidence":"n","acq_datetime":"2026-10-03 01:58Z","daynight":"Night"}},{"type":"Feature","geometry":{"type":"Point","coordinates":[14.33427,48.27668]},"properties":{"source":"VIIRS (NOAA-20)","resolution_m":375,"frp":3.73,"intensity":"low","confidence":"n","acq_datetime":"2026-10-03 01:58Z","daynight":"Night"}},{"type":"Feature","geometry":{"type":"Point","coordinates":[14.35057,48.27743]},"properties":{"source":"VIIRS (NOAA-20)","resolution_m":375,"frp":2.27,"intensity":"low","confidence":"n","acq_datetime":"2026-10-03 01:58Z","daynight":"Night"}},{"type":"Feature","geometry":{"type":"Point","coordinates":[2.98443,48.38549]},"properties":{"source":"VIIRS (NOAA-20)","resolution_m":375,"frp":0.64,"intensity":"low","confidence":"n","acq_datetime":"2026-10-03 01:58Z","daynight":"Night"}},{"type":"Feature","geometry":{"type":"Point","coordinates":[2.97932,48.38629]},"properties":{"source":"VIIRS (NOAA-20)","resolution_m":375,"frp":0.64,"intensity":"low","confidence":"n","acq_datetime":"2026-10-03 01:58Z","daynight":"Night"}},{"type":"Feature","geometry":{"type":"Point","coordinates":[6.10717,48.56348]},"properties":{"source":"VIIRS (NOAA-20)","resolution_m":375,"frp":1.3,"intensity":"low","confidence":"n","acq_datetime":"2026-10-03 01:58Z","daynight":"Night"}},{"type":"Feature","geometry":{"type":"Point","coordinates":[6.1075,48.5636]},"properties":{"source":"VIIRS (NOAA-20)","resolution_m":375,"frp":0.89,"intensity":"low","confidence":"n","acq_datetime":"2026-10-03 01:58Z","daynight":"Night"}},{"type":"Feature","geometry":{"type":"Point","coordinates":[7.82099,48.59661]},"properties":{"source":"VIIRS (NOAA-20)","resolution_m":375,"frp":1.2,"intensity":"low","confidence":"n","acq_datetime":"2026-10-03 01:58Z","daynight":"Night"}},{"type":"Feature","geometry":{"type":"Point","coordinates":[7.82255,48.60006]},"properties":{"source":"VIIRS (NOAA-20)","resolution_m":375,"frp":1.2,"intensity":"low","confidence":"n","acq_datetime":"2026-10-03 01:58Z","daynight":"Night"}},{"type":"Feature","geometry":{"type":"Point","coordinates":[5.68081,48.71585]},"properties":{"source":"VIIRS (NOAA-20)","resolution_m":375,"frp":0.54,"intensity":"low","confidence":"n","acq_datetime":"2026-10-03 01:58Z","daynight":"Night"}},{"type":"Feature","geometry":{"type":"Point","coordinates":[4.56495,48.76814]},"properties":{"source":"VIIRS (NOAA-20)","resolution_m":375,"frp":0.42,"intensity":"low","confidence":"n","acq_datetime":"2026-10-03 01:58Z","daynight":"Night"}},{"type":"Feature","geometry":{"type":"Point","coordinates":[1.76045,48.98181]},"properties":{"source":"VIIRS (NOAA-20)","resolution_m":375,"frp":2.03,"intensity":"low","confidence":"n","acq_datetime":"2026-10-03 01:58Z","daynight":"Night"}},{"type":"Feature","geometry":{"type":"Point","coordinates":[1.76156,48.98512]},"properties":{"source":"VIIRS (NOAA-20)","resolution_m":375,"frp":0.84,"intensity":"low","confidence":"n","acq_datetime":"2026-10-03 01:58Z","daynight":"Night"}},{"type":"Feature","geometry":{"type":"Point","coordinates":[6.8525,49.2459]},"properties":{"source":"VIIRS (NOAA-20)","resolution_m":375,"frp":0.6,"intensity":"low","confidence":"n","acq_datetime":"2026-10-03 01:58Z","daynight":"Night"}},{"type":"Feature","geometry":{"type":"Point","coordinates":[6.74246,49.34892]},"properties":{"source":"VIIRS (NOAA-20)","resolution_m":375,"frp":0.64,"intensity":"low","confidence":"n","acq_datetime":"2026-10-03 01:58Z","daynight":"Night"}},{"type":"Feature","geometry":{"type":"Point","coordinates":[6.74681,49.35891]},"properties":{"source":"VIIRS (NOAA-20)","resolution_m":375,"frp":5.55,"intensity":"low","confidence":"n","acq_datetime":"2026-10-03 01:58Z","daynight":"Night"}},{"type":"Feature","geometry":{"type":"Point","coordinates":[0.53465,49.47852]},"properties":{"source":"VIIRS (NOAA-20)","resolution_m":375,"frp":0.71,"intensity":"low","confidence":"n","acq_datetime":"2026-10-03 01:58Z","daynight":"Night"}},{"type":"Feature","geometry":{"type":"Point","coordinates":[5.95613,49.50387]},"properties":{"source":"VIIRS (NOAA-20)","resolution_m":375,"frp":3.15,"intensity":"low","confidence":"n","acq_datetime":"2026-10-03 01:58Z","daynight":"Night"}},{"type":"Feature","geometry":{"type":"Point","coordinates":[5.90119,49.52428]},"properties":{"source":"VIIRS (NOAA-20)","resolution_m":375,"frp":0.66,"intensity":"low","confidence":"n","acq_datetime":"2026-10-03 01:58Z","daynight":"Night"}},{"type":"Feature","geometry":{"type":"Point","coordinates":[5.89583,49.52525]},"properties":{"source":"VIIRS (NOAA-20)","resolution_m":375,"frp":0.86,"intensity":"low","confidence":"n","acq_datetime":"2026-10-03 01:58Z","daynight":"Night"}},{"type":"Feature","geometry":{"type":"Point","coordinates":[3.49103,50.33025]},"properties":{"source":"VIIRS (NOAA-20)","resolution_m":375,"frp":0.54,"intensity":"low","confidence":"n","acq_datetime":"2026-10-03 01:58Z","daynight":"Night"}},{"type":"Feature","geometry":{"type":"Point","coordinates":[3.49346,50.33676]},"properties":{"source":"VIIRS (NOAA-20)","resolution_m":375,"frp":0.95,"intensity":"low","confidence":"n","acq_datetime":"2026-10-03 01:58Z","daynight":"Night"}},{"type":"Feature","geometry":{"type":"Point","coordinates":[4.5369,50.41994]},"properties":{"source":"VIIRS (NOAA-20)","resolution_m":375,"frp":0.57,"intensity":"low","confidence":"n","acq_datetime":"2026-10-03 01:58Z","daynight":"Night"}},{"type":"Feature","geometry":{"type":"Point","coordinates":[4.53819,50.42319]},"properties":{"source":"VIIRS (NOAA-20)","resolution_m":375,"frp":0.57,"intensity":"low","confidence":"n","acq_datetime":"2026-10-03 01:58Z","daynight":"Night"}},{"type":"Feature","geometry":{"type":"Point","coordinates":[3.99314,50.47223]},"properties":{"source":"VIIRS (NOAA-20)","resolution_m":375,"frp":1.04,"intensity":"low","confidence":"n","acq_datetime":"2026-10-03 01:58Z","daynight":"Night"}},{"type":"Feature","geometry":{"type":"Point","coordinates":[3.98782,50.47307]},"properties":{"source":"VIIRS (NOAA-20)","resolution_m":375,"frp":1.12,"intensity":"low","confidence":"n","acq_datetime":"2026-10-03 01:58Z","daynight":"Night"}},{"type":"Feature","geometry":{"type":"Point","coordinates":[5.36864,50.5723]},"properties":{"source":"VIIRS (NOAA-20)","resolution_m":375,"frp":0.83,"intensity":"low","confidence":"n","acq_datetime":"2026-10-03 01:58Z","daynight":"Night"}},{"type":"Feature","geometry":{"type":"Point","coordinates":[2.27246,51.0293]},"properties":{"source":"VIIRS (NOAA-20)","resolution_m":375,"frp":2.89,"intensity":"low","confidence":"n","acq_datetime":"2026-10-03 01:58Z","daynight":"Night"}},{"type":"Feature","geometry":{"type":"Point","coordinates":[2.27925,51.03184]},"properties":{"source":"VIIRS (NOAA-20)","resolution_m":375,"frp":2.89,"intensity":"low","confidence":"n","acq_datetime":"2026-10-03 01:58Z","daynight":"Night"}},{"type":"Feature","geometry":{"type":"Point","coordinates":[2.28603,51.03437]},"properties":{"source":"VIIRS (NOAA-20)","resolution_m":375,"frp":1.59,"intensity":"low","confidence":"n","acq_datetime":"2026-10-03 01:58Z","daynight":"Night"}},{"type":"Feature","geometry":{"type":"Point","coordinates":[2.25676,51.03498]},"properties":{"source":"VIIRS (NOAA-20)","resolution_m":375,"frp":0.78,"intensity":"low","confidence":"n","acq_datetime":"2026-10-03 01:58Z","daynight":"Night"}},{"type":"Feature","geometry":{"type":"Point","coordinates":[2.29515,51.04355]},"properties":{"source":"VIIRS (NOAA-20)","resolution_m":375,"frp":5.07,"intensity":"low","confidence":"n","acq_datetime":"2026-10-03 01:58Z","daynight":"Night"}},{"type":"Feature","geometry":{"type":"Point","coordinates":[2.29632,51.04688]},"properties":{"source":"VIIRS (NOAA-20)","resolution_m":375,"frp":5.43,"intensity":"low","confidence":"n","acq_datetime":"2026-10-03 01:58Z","daynight":"Night"}},{"type":"Feature","geometry":{"type":"Point","coordinates":[2.31994,51.04704]},"properties":{"source":"VIIRS (NOAA-20)","resolution_m":375,"frp":2.05,"intensity":"low","confidence":"n","acq_datetime":"2026-10-03 01:58Z","daynight":"Night"}},{"type":"Feature","geometry":{"type":"Point","coordinates":[2.31433,51.04782]},"properties":{"source":"VIIRS (NOAA-20)","resolution_m":375,"frp":2.05,"intensity":"low","confidence":"n","acq_datetime":"2026-10-03 01:58Z","daynight":"Night"}},{"type":"Feature","geometry":{"type":"Point","coordinates":[2.32172,51.0481]},"properties":{"source":"VIIRS (NOAA-20)","resolution_m":375,"frp":3.41,"intensity":"low","confidence":"n","acq_datetime":"2026-10-03 01:58Z","daynight":"Night"}},{"type":"Feature","geometry":{"type":"Point","coordinates":[2.31611,51.04888]},"properties":{"source":"VIIRS (NOAA-20)","resolution_m":375,"frp":1.49,"intensity":"low","confidence":"n","acq_datetime":"2026-10-03 01:58Z","daynight":"Night"}},{"type":"Feature","geometry":{"type":"Point","coordinates":[-3.13588,51.48071]},"properties":{"source":"VIIRS (NOAA-20)","resolution_m":375,"frp":0.63,"intensity":"low","confidence":"n","acq_datetime":"2026-10-03 01:58Z","daynight":"Night"}},{"type":"Feature","geometry":{"type":"Point","coordinates":[6.80478,36.08633]},"properties":{"source":"VIIRS (NOAA-20)","resolution_m":375,"frp":0.7,"intensity":"low","confidence":"n","acq_datetime":"2026-10-03 02:00Z","daynight":"Night"}},{"type":"Feature","geometry":{"type":"Point","coordinates":[10.28269,36.15967]},"properties":{"source":"VIIRS (NOAA-20)","resolution_m":375,"frp":0.5,"intensity":"low","confidence":"n","acq_datetime":"2026-10-03 02:00Z","daynight":"Night"}},{"type":"Feature","geometry":{"type":"Point","coordinates":[8.46574,36.48004]},"properties":{"source":"VIIRS (NOAA-20)","resolution_m":375,"frp":0.76,"intensity":"low","confidence":"n","acq_datetime":"2026-10-03 02:00Z","daynight":"Night"}},{"type":"Feature","geometry":{"type":"Point","coordinates":[8.46497,36.48105]},"properties":{"source":"VIIRS (NOAA-20)","resolution_m":375,"frp":0.68,"intensity":"low","confidence":"n","acq_datetime":"2026-10-03 02:00Z","daynight":"Night"}},{"type":"Feature","geometry":{"type":"Point","coordinates":[6.25463,36.74422]},"properties":{"source":"VIIRS (NOAA-20)","resolution_m":375,"frp":1.0,"intensity":"low","confidence":"n","acq_datetime":"2026-10-03 02:00Z","daynight":"Night"}},{"type":"Feature","geometry":{"type":"Point","coordinates":[6.24991,36.74525]},"properties":{"source":"VIIRS (NOAA-20)","resolution_m":375,"frp":1.56,"intensity":"low","confidence":"n","acq_datetime":"2026-10-03 02:00Z","daynight":"Night"}},{"type":"Feature","geometry":{"type":"Point","coordinates":[6.25603,36.74832]},"properties":{"source":"VIIRS (NOAA-20)","resolution_m":375,"frp":3.96,"intensity":"low","confidence":"n","acq_datetime":"2026-10-03 02:00Z","daynight":"Night"}},{"type":"Feature","geometry":{"type":"Point","coordinates":[7.30516,36.76301]},"properties":{"source":"VIIRS (NOAA-20)","resolution_m":375,"frp":1.61,"intensity":"low","confidence":"n","acq_datetime":"2026-10-03 02:00Z","daynight":"Night"}},{"type":"Feature","geometry":{"type":"Point","coordinates":[6.98332,36.86956]},"properties":{"source":"VIIRS (NOAA-20)","resolution_m":375,"frp":1.51,"intensity":"low","confidence":"n","acq_datetime":"2026-10-03 02:00Z","daynight":"Night"}},{"type":"Feature","geometry":{"type":"Point","coordinates":[9.64385,36.91541]},"properties":{"source":"VIIRS (NOAA-20)","resolution_m":375,"frp":0.68,"intensity":"low","confidence":"n","acq_datetime":"2026-10-03 02:00Z","daynight":"Night"}},{"type":"Feature","geometry":{"type":"Point","coordinates":[9.64041,36.91627]},"properties":{"source":"VIIRS (NOAA-20)","resolution_m":375,"frp":0.68,"intensity":"low","confidence":"n","acq_datetime":"2026-10-03 02:00Z","daynight":"Night"}},{"type":"Feature","geometry":{"type":"Point","coordinates":[9.64571,36.92025]},"properties":{"source":"VIIRS (NOAA-20)","resolution_m":375,"frp":0.68,"intensity":"low","confidence":"n","acq_datetime":"2026-10-03 02:00Z","daynight":"Night"}},{"type":"Feature","geometry":{"type":"Point","coordinates":[-0.54476,38.37837]},"properties":{"source":"VIIRS (NOAA-20)","resolution_m":375,"frp":1.03,"intensity":"low","confidence":"n","acq_datetime":"2026-10-03 02:00Z","daynight":"Night"}},{"type":"Feature","geometry":{"type":"Point","coordinates":[15.21105,38.79213]},"properties":{"source":"VIIRS (NOAA-20)","resolution_m":375,"frp":1.62,"intensity":"low","confidence":"n","acq_datetime":"2026-10-03 02:00Z","daynight":"Night"}},{"type":"Feature","geometry":{"type":"Point","coordinates":[15.21136,38.79675]},"properties":{"source":"VIIRS (NOAA-20)","resolution_m":375,"frp":0.99,"intensity":"low","confidence":"n","acq_datetime":"2026-10-03 02:00Z","daynight":"Night"}},{"type":"Feature","geometry":{"type":"Point","coordinates":[9.01684,39.08293]},"properties":{"source":"VIIRS (NOAA-20)","resolution_m":375,"frp":2.22,"intensity":"low","confidence":"n","acq_datetime":"2026-10-03 02:00Z","daynight":"Night"}},{"type":"Feature","geometry":{"type":"Point","coordinates":[17.13112,39.18542]},"properties":{"source":"VIIRS (NOAA-20)","resolution_m":375,"frp":1.33,"intensity":"low","confidence":"n","acq_datetime":"2026-10-03 02:00Z","daynight":"Night"}},{"type":"Feature","geometry":{"type":"Point","coordinates":[8.91632,39.27779]},"properties":{"source":"VIIRS (NOAA-20)","resolution_m":375,"frp":0.6,"intensity":"low","confidence":"n","acq_datetime":"2026-10-03 02:00Z","daynight":"Night"}},{"type":"Feature","geometry":{"type":"Point","coordinates":[1.66018,41.31215]},"properties":{"source":"VIIRS (NOAA-20)","resolution_m":375,"frp":0.47,"intensity":"low","confidence":"n","acq_datetime":"2026-10-03 02:00Z","daynight":"Night"}},{"type":"Feature","geometry":{"type":"Point","coordinates":[-2.21862,43.04147]},"properties":{"source":"VIIRS (NOAA-20)","resolution_m":375,"frp":0.56,"intensity":"low","confidence":"n","acq_datetime":"2026-10-03 02:00Z","daynight":"Night"}},{"type":"Feature","geometry":{"type":"Point","coordinates":[-2.34513,34.59628]},"properties":{"source":"VIIRS (NOAA-20)","resolution_m":375,"frp":0.79,"intensity":"low","confidence":"n","acq_datetime":"2026-10-03 02:02Z","daynight":"Night"}},{"type":"Feature","geometry":{"type":"Point","coordinates":[-2.34931,34.59691]},"properties":{"source":"VIIRS (NOAA-20)","resolution_m":375,"frp":0.79,"intensity":"low","confidence":"n","acq_datetime":"2026-10-03 02:02Z","daynight":"Night"}},{"type":"Feature","geometry":{"type":"Point","coordinates":[-2.08457,34.97844]},"properties":{"source":"VIIRS (NOAA-20)","resolution_m":375,"frp":0.44,"intensity":"low","confidence":"n","acq_datetime":"2026-10-03 02:02Z","daynight":"Night"}},{"type":"Feature","geometry":{"type":"Point","coordinates":[5.64817,35.09507]},"properties":{"source":"VIIRS (NOAA-20)","resolution_m":375,"frp":1.35,"intensity":"low","confidence":"n","acq_datetime":"2026-10-03 02:02Z","daynight":"Night"}},{"type":"Feature","geometry":{"type":"Point","coordinates":[-1.34262,35.31251]},"properties":{"source":"VIIRS (NOAA-20)","resolution_m":375,"frp":0.38,"intensity":"low","confidence":"n","acq_datetime":"2026-10-03 02:02Z","daynight":"Night"}},{"type":"Feature","geometry":{"type":"Point","coordinates":[5.75945,35.34995]},"properties":{"source":"VIIRS (NOAA-20)","resolution_m":375,"frp":2.22,"intensity":"low","confidence":"n","acq_datetime":"2026-10-03 02:02Z","daynight":"Night"}},{"type":"Feature","geometry":{"type":"Point","coordinates":[-0.27769,35.53191]},"properties":{"source":"VIIRS (NOAA-20)","resolution_m":375,"frp":0.53,"intensity":"low","confidence":"n","acq_datetime":"2026-10-03 02:02Z","daynight":"Night"}},{"type":"Feature","geometry":{"type":"Point","coordinates":[-0.93911,35.56516]},"properties":{"source":"VIIRS (NOAA-20)","resolution_m":375,"frp":0.48,"intensity":"low","confidence":"n","acq_datetime":"2026-10-03 02:02Z","daynight":"Night"}},{"type":"Feature","geometry":{"type":"Point","coordinates":[-0.93833,35.56844]},"properties":{"source":"VIIRS (NOAA-20)","resolution_m":375,"frp":0.48,"intensity":"low","confidence":"n","acq_datetime":"2026-10-03 02:02Z","daynight":"Night"}},{"type":"Feature","geometry":{"type":"Point","coordinates":[4.47579,35.70737]},"properties":{"source":"VIIRS (NOAA-20)","resolution_m":375,"frp":0.49,"intensity":"low","confidence":"n","acq_datetime":"2026-10-03 02:02Z","daynight":"Night"}},{"type":"Feature","geometry":{"type":"Point","coordinates":[4.47725,35.70743]},"properties":{"source":"VIIRS (NOAA-20)","resolution_m":375,"frp":0.6,"intensity":"low","confidence":"n","acq_datetime":"2026-10-03 02:02Z","daynight":"Night"}},{"type":"Feature","geometry":{"type":"Point","coordinates":[-0.25862,35.76459]},"properties":{"source":"VIIRS (NOAA-20)","resolution_m":375,"frp":1.35,"intensity":"low","confidence":"n","acq_datetime":"2026-10-03 02:02Z","daynight":"Night"}},{"type":"Feature","geometry":{"type":"Point","coordinates":[-0.26629,35.76929]},"properties":{"source":"VIIRS (NOAA-20)","resolution_m":375,"frp":1.63,"intensity":"low","confidence":"n","acq_datetime":"2026-10-03 02:02Z","daynight":"Night"}},{"type":"Feature","geometry":{"type":"Point","coordinates":[-0.21296,35.805]},"properties":{"source":"VIIRS (NOAA-20)","resolution_m":375,"frp":1.07,"intensity":"low","confidence":"n","acq_datetime":"2026-10-03 02:02Z","daynight":"Night"}},{"type":"Feature","geometry":{"type":"Point","coordinates":[-0.25717,35.80549]},"properties":{"source":"VIIRS (NOAA-20)","resolution_m":375,"frp":1.38,"intensity":"low","confidence":"n","acq_datetime":"2026-10-03 02:02Z","daynight":"Night"}},{"type":"Feature","geometry":{"type":"Point","coordinates":[-0.24357,35.80666]},"properties":{"source":"VIIRS (NOAA-20)","resolution_m":375,"frp":1.06,"intensity":"low","confidence":"n","acq_datetime":"2026-10-03 02:02Z","daynight":"Night"}},{"type":"Feature","geometry":{"type":"Point","coordinates":[-0.25208,35.80807]},"properties":{"source":"VIIRS (NOAA-20)","resolution_m":375,"frp":3.34,"intensity":"low","confidence":"n","acq_datetime":"2026-10-03 02:02Z","daynight":"Night"}},{"type":"Feature","geometry":{"type":"Point","coordinates":[-0.25633,35.80877]},"properties":{"source":"VIIRS (NOAA-20)","resolution_m":375,"frp":4.6,"intensity":"low","confidence":"n","acq_datetime":"2026-10-03 02:02Z","daynight":"Night"}},{"type":"Feature","geometry":{"type":"Point","coordinates":[-0.23848,35.80924]},"properties":{"source":"VIIRS (NOAA-20)","resolution_m":375,"frp":1.06,"intensity":"low","confidence":"n","acq_datetime":"2026-10-03 02:02Z","daynight":"Night"}},{"type":"Feature","geometry":{"type":"Point","coordinates":[-0.25549,35.81206]},"properties":{"source":"VIIRS (NOAA-20)","resolution_m":375,"frp":4.6,"intensity":"low","confidence":"n","acq_datetime":"2026-10-03 02:02Z","daynight":"Night"}},{"type":"Feature","geometry":{"type":"Point","coordinates":[-0.26825,35.81417]},"properties":{"source":"VIIRS (NOAA-20)","resolution_m":375,"frp":1.06,"intensity":"low","confidence":"n","acq_datetime":"2026-10-03 02:02Z","daynight":"Night"}},{"type":"Feature","geometry":{"type":"Point","coordinates":[-0.2725,35.81488]},"properties":{"source":"VIIRS (NOAA-20)","resolution_m":375,"frp":0.49,"intensity":"low","confidence":"n","acq_datetime":"2026-10-03 02:02Z","daynight":"Night"}},{"type":"Feature","geometry":{"type":"Point","coordinates":[6.02808,35.86718]},"properties":{"source":"VIIRS (NOAA-20)","resolution_m":375,"frp":0.51,"intensity":"low","confidence":"n","acq_datetime":"2026-10-03 02:02Z","daynight":"Night"}},{"type":"Feature","geometry":{"type":"Point","coordinates":[6.02331,35.86823]},"properties":{"source":"VIIRS (NOAA-20)","resolution_m":375,"frp":0.51,"intensity":"low","confidence":"n","acq_datetime":"2026-10-03 02:02Z","daynight":"Night"}},{"type":"Feature","geometry":{"type":"Point","coordinates":[0.12571,36.01794]},"properties":{"source":"VIIRS (NOAA-20)","resolution_m":375,"frp":0.77,"intensity":"low","confidence":"n","acq_datetime":"2026-10-03 02:02Z","daynight":"Night"}},{"type":"Feature","geometry":{"type":"Point","coordinates":[6.80218,36.0863]},"properties":{"source":"VIIRS (NOAA-20)","resolution_m":375,"frp":0.55,"intensity":"low","confidence":"n","acq_datetime":"2026-10-03 02:02Z","daynight":"Night"}},{"type":"Feature","geometry":{"type":"Point","coordinates":[1.24137,36.12814]},"properties":{"source":"VIIRS (NOAA-20)","resolution_m":375,"frp":2.47,"intensity":"low","confidence":"n","acq_datetime":"2026-10-03 02:02Z","daynight":"Night"}},{"type":"Feature","geometry":{"type":"Point","coordinates":[5.4811,36.33161]},"properties":{"source":"VIIRS (NOAA-20)","resolution_m":375,"frp":1.18,"intensity":"low","confidence":"n","acq_datetime":"2026-10-03 02:02Z","daynight":"Night"}},{"type":"Feature","geometry":{"type":"Point","coordinates":[5.48241,36.33558]},"properties":{"source":"VIIRS (NOAA-20)","resolution_m":375,"frp":1.1,"intensity":"low","confidence":"n","acq_datetime":"2026-10-03 02:02Z","daynight":"Night"}},{"type":"Feature","geometry":{"type":"Point","coordinates":[9.97764,57.06606]},"properties":{"source":"VIIRS (NOAA-20)","resolution_m":375,"frp":1.83,"intensity":"low","confidence":"n","acq_datetime":"2026-10-03 03:34Z","daynight":"Night"}},{"type":"Feature","geometry":{"type":"Point","coordinates":[2.29336,51.0429]},"properties":{"source":"VIIRS (NOAA-20)","resolution_m":375,"frp":5.36,"intensity":"low","confidence":"n","acq_datetime":"2026-10-03 03:36Z","daynight":"Night"}},{"type":"Feature","geometry":{"type":"Point","coordinates":[4.59212,52.48343]},"properties":{"source":"VIIRS (NOAA-20)","resolution_m":375,"frp":3.23,"intensity":"low","confidence":"n","acq_datetime":"2026-10-03 03:36Z","daynight":"Night"}},{"type":"Feature","geometry":{"type":"Point","coordinates":[4.60568,52.4952]},"properties":{"source":"VIIRS (NOAA-20)","resolution_m":375,"frp":2.84,"intensity":"low","confidence":"n","acq_datetime":"2026-10-03 03:36Z","daynight":"Night"}},{"type":"Feature","geometry":{"type":"Point","coordinates":[4.61482,52.49675]},"properties":{"source":"VIIRS (NOAA-20)","resolution_m":375,"frp":1.69,"intensity":"low","confidence":"n","acq_datetime":"2026-10-03 03:36Z","daynight":"Night"}},{"type":"Feature","geometry":{"type":"Point","coordinates":[0.86246,58.35371]},"properties":{"source":"VIIRS (NOAA-20)","resolution_m":375,"frp":1.11,"intensity":"low","confidence":"n","acq_datetime":"2026-10-03 03:36Z","daynight":"Night"}},{"type":"Feature","geometry":{"type":"Point","coordinates":[2.29481,51.04268]},"properties":{"source":"VIIRS (NOAA-20)","resolution_m":375,"frp":3.6,"intensity":"low","confidence":"n","acq_datetime":"2026-10-03 03:38Z","daynight":"Night"}},{"type":"Feature","geometry":{"type":"Point","coordinates":[2.28596,51.04621]},"properties":{"source":"VIIRS (NOAA-20)","resolution_m":375,"frp":3.6,"intensity":"low","confidence":"n","acq_datetime":"2026-10-03 03:38Z","daynight":"Night"}},{"type":"Feature","geometry":{"type":"Point","coordinates":[-5.02747,51.68555]},"properties":{"source":"VIIRS (NOAA-20)","resolution_m":375,"frp":0.82,"intensity":"low","confidence":"n","acq_datetime":"2026-10-03 03:38Z","daynight":"Night"}},{"type":"Feature","geometry":{"type":"Point","coordinates":[-8.42061,40.2887]},"properties":{"source":"VIIRS (NOAA-20)","resolution_m":375,"frp":0.99,"intensity":"low","confidence":"n","acq_datetime":"2026-10-03 03:40Z","daynight":"Night"}},{"type":"Feature","geometry":{"type":"Point","coordinates":[23.80025,43.91962]},"properties":{"source":"MODIS (Terra/Aqua)","resolution_m":1000,"frp":17.83,"intensity":"moderate","confidence":"79","acq_datetime":"2026-10-03 02:56Z","daynight":"Night"}},{"type":"Feature","geometry":{"type":"Point","coordinates":[31.83305,30.27228]},"properties":{"source":"VIIRS (NOAA-20)","resolution_m":375,"frp":1.07,"intensity":"low","confidence":"n","acq_datetime":"2026-10-03 00:20Z","daynight":"Night"}},{"type":"Feature","geometry":{"type":"Point","coordinates":[30.56461,30.38182]},"properties":{"source":"VIIRS (NOAA-20)","resolution_m":375,"frp":1.16,"intensity":"low","confidence":"n","acq_datetime":"2026-10-03 00:20Z","daynight":"Night"}},{"type":"Feature","geometry":{"type":"Point","coordinates":[30.58433,30.39175]},"properties":{"source":"VIIRS (NOAA-20)","resolution_m":375,"frp":1.55,"intensity":"low","confidence":"n","acq_datetime":"2026-10-03 00:20Z","daynight":"Night"}},{"type":"Feature","geometry":{"type":"Point","coordinates":[30.58564,30.39271]},"properties":{"source":"VIIRS (NOAA-20)","resolution_m":375,"frp":1.94,"intensity":"low","confidence":"n","acq_datetime":"2026-10-03 00:20Z","daynight":"Night"}},{"type":"Feature","geometry":{"type":"Point","coordinates":[32.36618,30.55795]},"properties":{"source":"VIIRS (NOAA-20)","resolution_m":375,"frp":0.49,"intensity":"low","confidence":"n","acq_datetime":"2026-10-03 00:20Z","daynight":"Night"}},{"type":"Feature","geometry":{"type":"Point","coordinates":[33.85076,30.70056]},"properties":{"source":"VIIRS (NOAA-20)","resolution_m":375,"frp":1.92,"intensity":"low","confidence":"n","acq_datetime":"2026-10-03 00:20Z","daynight":"Night"}},{"type":"Feature","geometry":{"type":"Point","coordinates":[33.84676,30.70156]},"properties":{"source":"VIIRS (NOAA-20)","resolution_m":375,"frp":1.92,"intensity":"low","confidence":"n","acq_datetime":"2026-10-03 00:20Z","daynight":"Night"}},{"type":"Feature","geometry":{"type":"Point","coordinates":[33.77445,30.72512]},"properties":{"source":"VIIRS (NOAA-20)","resolution_m":375,"frp":1.91,"intensity":"low","confidence":"n","acq_datetime":"2026-10-03 00:20Z","daynight":"Night"}},{"type":"Feature","geometry":{"type":"Point","coordinates":[33.77322,30.72791]},"properties":{"source":"VIIRS (NOAA-20)","resolution_m":375,"frp":0.45,"intensity":"low","confidence":"n","acq_datetime":"2026-10-03 00:20Z","daynight":"Night"}},{"type":"Feature","geometry":{"type":"Point","coordinates":[28.66929,30.84135]},"properties":{"source":"VIIRS (NOAA-20)","resolution_m":375,"frp":0.66,"intensity":"low","confidence":"n","acq_datetime":"2026-10-03 00:20Z","daynight":"Night"}},{"type":"Feature","geometry":{"type":"Point","coordinates":[29.75479,31.03153]},"properties":{"source":"VIIRS (NOAA-20)","resolution_m":375,"frp":0.81,"intensity":"low","confidence":"n","acq_datetime":"2026-10-03 00:20Z","daynight":"Night"}},{"type":"Feature","geometry":{"type":"Point","coordinates":[29.866,31.09265]},"properties":{"source":"VIIRS (NOAA-20)","resolution_m":375,"frp":0.59,"intensity":"low","confidence":"n","acq_datetime":"2026-10-03 00:20Z","daynight":"Night"}},{"type":"Feature","geometry":{"type":"Point","coordinates":[31.77471,31.0997]},"properties":{"source":"VIIRS (NOAA-20)","resolution_m":375,"frp":2.31,"intensity":"low","confidence":"n","acq_datetime":"2026-10-03 00:20Z","daynight":"Night"}},{"type":"Feature","geometry":{"type":"Point","coordinates":[31.77383,31.10005]},"properties":{"source":"VIIRS (NOAA-20)","resolution_m":375,"frp":2.71,"intensity":"low","confidence":"n","acq_datetime":"2026-10-03 00:20Z","daynight":"Night"}},{"type":"Feature","geometry":{"type":"Point","coordinates":[29.80534,31.11744]},"properties":{"source":"VIIRS (NOAA-20)","resolution_m":375,"frp":1.97,"intensity":"low","confidence":"n","acq_datetime":"2026-10-03 00:20Z","daynight":"Night"}},{"type":"Feature","geometry":{"type":"Point","coordinates":[29.81116,31.12064]},"properties":{"source":"VIIRS (NOAA-20)","resolution_m":375,"frp":2.46,"intensity":"low","confidence":"n","acq_datetime":"2026-10-03 00:20Z","daynight":"Night"}},{"type":"Feature","geometry":{"type":"Point","coordinates":[29.81238,31.12484]},"properties":{"source":"VIIRS (NOAA-20)","resolution_m":375,"frp":0.4,"intensity":"low","confidence":"n","acq_datetime":"2026-10-03 00:20Z","daynight":"Night"}},{"type":"Feature","geometry":{"type":"Point","coordinates":[30.79759,31.13266]},"properties":{"source":"VIIRS (NOAA-20)","resolution_m":375,"frp":1.2,"intensity":"low","confidence":"n","acq_datetime":"2026-10-03 00:20Z","daynight":"Night"}},{"type":"Feature","geometry":{"type":"Point","coordinates":[35.5499,31.802]},"properties":{"source":"VIIRS (NOAA-20)","resolution_m":375,"frp":2.13,"intensity":"low","confidence":"n","acq_datetime":"2026-10-03 00:20Z","daynight":"Night"}},{"type":"Feature","geometry":{"type":"Point","coordinates":[35.54527,31.80321]},"properties":{"source":"VIIRS (NOAA-20)","resolution_m":375,"frp":2.03,"intensity":"low","confidence":"n","acq_datetime":"2026-10-03 00:20Z","daynight":"Night"}},{"type":"Feature","geometry":{"type":"Point","coordinates":[34.89484,31.91881]},"properties":{"source":"VIIRS (NOAA-20)","resolution_m":375,"frp":1.18,"intensity":"low","confidence":"n","acq_datetime":"2026-10-03 00:20Z","daynight":"Night"}},{"type":"Feature","geometry":{"type":"Point","coordinates":[22.72698,32.61426]},"properties":{"source":"VIIRS (NOAA-20)","resolution_m":375,"frp":2.03,"intensity":"low","confidence":"n","acq_datetime":"2026-10-03 00:20Z","daynight":"Night"}},{"type":"Feature","geometry":{"type":"Point","coordinates":[22.72769,32.61755]},"properties":{"source":"VIIRS (NOAA-20)","resolution_m":375,"frp":0.7,"intensity":"low","confidence":"n","acq_datetime":"2026-10-03 00:20Z","daynight":"Night"}},{"type":"Feature","geometry":{"type":"Point","coordinates":[35.3048,32.73163]},"properties":{"source":"VIIRS (NOAA-20)","resolution_m":375,"frp":0.21,"intensity":"low","confidence":"n","acq_datetime":"2026-10-03 00:20Z","daynight":"Night"}},{"type":"Feature","geometry":{"type":"Point","coordinates":[12.60315,33.89183]},"properties":{"source":"VIIRS (NOAA-20)","resolution_m":375,"frp":4.32,"intensity":"low","confidence":"n","acq_datetime":"2026-10-03 00:20Z","daynight":"Night"}},{"type":"Feature","geometry":{"type":"Point","coordinates":[12.59906,33.89211]},"properties":{"source":"VIIRS (NOAA-20)","resolution_m":375,"frp":4.31,"intensity":"low","confidence":"n","acq_datetime":"2026-10-03 00:20Z","daynight":"Night"}},{"type":"Feature","geometry":{"type":"Point","coordinates":[12.67638,33.92482]},"properties":{"source":"VIIRS (NOAA-20)","resolution_m":375,"frp":3.56,"intensity":"low","confidence":"n","acq_datetime":"2026-10-03 00:20Z","daynight":"Night"}},{"type":"Feature","geometry":{"type":"Point","coordinates":[11.97598,26.03522]},"properties":{"source":"VIIRS (NOAA-20)","resolution_m":375,"frp":1.4,"intensity":"low","confidence":"n","acq_datetime":"2026-10-03 00:22Z","daynight":"Night"}},{"type":"Feature","geometry":{"type":"Point","coordinates":[11.84868,26.43462]},"properties":{"source":"VIIRS (NOAA-20)","resolution_m":375,"frp":1.67,"intensity":"low","confidence":"n","acq_datetime":"2026-10-03 00:22Z","daynight":"Night"}},{"type":"Feature","geometry":{"type":"Point","coordinates":[12.20837,26.57875]},"properties":{"source":"VIIRS (NOAA-20)","resolution_m":375,"frp":3.85,"intensity":"low","confidence":"n","acq_datetime":"2026-10-03 00:22Z","daynight":"Night"}},{"type":"Feature","geometry":{"type":"Point","coordinates":[12.20899,26.58101]},"properties":{"source":"VIIRS (NOAA-20)","resolution_m":375,"frp":3.58,"intensity":"low","confidence":"n","acq_datetime":"2026-10-03 00:22Z","daynight":"Night"}},{"type":"Feature","geometry":{"type":"Point","coordinates":[31.32034,26.65775]},"properties":{"source":"VIIRS (NOAA-20)","resolution_m":375,"frp":0.79,"intensity":"low","confidence":"n","acq_datetime":"2026-10-03 00:22Z","daynight":"Night"}},{"type":"Feature","geometry":{"type":"Point","coordinates":[12.45033,26.6993]},"properties":{"source":"VIIRS (NOAA-20)","resolution_m":375,"frp":0.48,"intensity":"low","confidence":"n","acq_datetime":"2026-10-03 00:22Z","daynight":"Night"}},{"type":"Feature","geometry":{"type":"Point","coordinates":[12.45093,26.70433]},"properties":{"source":"VIIRS (NOAA-20)","resolution_m":375,"frp":5.12,"intensity":"low","confidence":"h","acq_datetime":"2026-10-03 00:22Z","daynight":"Night"}},{"type":"Feature","geometry":{"type":"Point","coordinates":[12.41129,26.75904]},"properties":{"source":"VIIRS (NOAA-20)","resolution_m":375,"frp":12.7,"intensity":"moderate","confidence":"n","acq_datetime":"2026-10-03 00:22Z","daynight":"Night"}},{"type":"Feature","geometry":{"type":"Point","coordinates":[12.40799,26.75935]},"properties":{"source":"VIIRS (NOAA-20)","resolution_m":375,"frp":6.86,"intensity":"low","confidence":"n","acq_datetime":"2026-10-03 00:22Z","daynight":"Night"}},{"type":"Feature","geometry":{"type":"Point","coordinates":[31.15333,26.96794]},"properties":{"source":"VIIRS (NOAA-20)","resolution_m":375,"frp":0.55,"intensity":"low","confidence":"n","acq_datetime":"2026-10-03 00:22Z","daynight":"Night"}},{"type":"Feature","geometry":{"type":"Point","coordinates":[8.83465,27.41282]},"properties":{"source":"VIIRS (NOAA-20)","resolution_m":375,"frp":0.87,"intensity":"low","confidence":"n","acq_datetime":"2026-10-03 00:22Z","daynight":"Night"}},{"type":"Feature","geometry":{"type":"Point","coordinates":[22.34072,27.57501]},"properties":{"source":"VIIRS (NOAA-20)","resolution_m":375,"frp":0.8,"intensity":"low","confidence":"n","acq_datetime":"2026-10-03 00:22Z","daynight":"Night"}},{"type":"Feature","geometry":{"type":"Point","coordinates":[22.40215,27.58204]},"properties":{"source":"VIIRS (NOAA-20)","resolution_m":375,"frp":3.24,"intensity":"low","confidence":"n","acq_datetime":"2026-10-03 00:22Z","daynight":"Night"}},{"type":"Feature","geometry":{"type":"Point","coordinates":[22.40283,27.58533]},"properties":{"source":"VIIRS (NOAA-20)","resolution_m":375,"frp":3.24,"intensity":"low","confidence":"n","acq_datetime":"2026-10-03 00:22Z","daynight":"Night"}},{"type":"Feature","geometry":{"type":"Point","coordinates":[21.61644,27.59501]},"properties":{"source":"VIIRS (NOAA-20)","resolution_m":375,"frp":2.37,"intensity":"low","confidence":"n","acq_datetime":"2026-10-03 00:22Z","daynight":"Night"}},{"type":"Feature","geometry":{"type":"Point","coordinates":[9.86998,27.61924]},"properties":{"source":"VIIRS (NOAA-20)","resolution_m":375,"frp":0.41,"intensity":"low","confidence":"n","acq_datetime":"2026-10-03 00:22Z","daynight":"Night"}},{"type":"Feature","geometry":{"type":"Point","coordinates":[22.50299,27.64392]},"properties":{"source":"VIIRS (NOAA-20)","resolution_m":375,"frp":4.33,"intensity":"low","confidence":"n","acq_datetime":"2026-10-03 00:22Z","daynight":"Night"}},{"type":"Feature","geometry":{"type":"Point","coordinates":[22.49911,27.64455]},"properties":{"source":"VIIRS (NOAA-20)","resolution_m":375,"frp":2.47,"intensity":"low","confidence":"n","acq_datetime":"2026-10-03 00:22Z","daynight":"Night"}},{"type":"Feature","geometry":{"type":"Point","coordinates":[22.50367,27.64721]},"properties":{"source":"VIIRS (NOAA-20)","resolution_m":375,"frp":3.64,"intensity":"low","confidence":"n","acq_datetime":"2026-10-03 00:22Z","daynight":"Night"}},{"type":"Feature","geometry":{"type":"Point","coordinates":[22.47971,27.6477]},"properties":{"source":"VIIRS (NOAA-20)","resolution_m":375,"frp":5.37,"intensity":"low","confidence":"n","acq_datetime":"2026-10-03 00:22Z","daynight":"Night"}},{"type":"Feature","geometry":{"type":"Point","coordinates":[22.49979,27.64784]},"properties":{"source":"VIIRS (NOAA-20)","resolution_m":375,"frp":2.85,"intensity":"low","confidence":"n","acq_datetime":"2026-10-03 00:22Z","daynight":"Night"}},{"type":"Feature","geometry":{"type":"Point","coordinates":[9.17126,27.70546]},"properties":{"source":"VIIRS (NOAA-20)","resolution_m":375,"frp":2.5,"intensity":"low","confidence":"n","acq_datetime":"2026-10-03 00:22Z","daynight":"Night"}},{"type":"Feature","geometry":{"type":"Point","coordinates":[9.87902,27.72702]},"properties":{"source":"VIIRS (NOAA-20)","resolution_m":375,"frp":1.94,"intensity":"low","confidence":"n","acq_datetime":"2026-10-03 00:22Z","daynight":"Night"}},{"type":"Feature","geometry":{"type":"Point","coordinates":[9.87399,27.72736]},"properties":{"source":"VIIRS (NOAA-20)","resolution_m":375,"frp":1.94,"intensity":"low","confidence":"n","acq_datetime":"2026-10-03 00:22Z","daynight":"Night"}},{"type":"Feature","geometry":{"type":"Point","coordinates":[9.87657,27.72987]},"properties":{"source":"VIIRS (NOAA-20)","resolution_m":375,"frp":3.11,"intensity":"low","confidence":"n","acq_datetime":"2026-10-03 00:22Z","daynight":"Night"}},{"type":"Feature","geometry":{"type":"Point","coordinates":[9.17868,27.73617]},"properties":{"source":"VIIRS (NOAA-20)","resolution_m":375,"frp":1.72,"intensity":"low","confidence":"n","acq_datetime":"2026-10-03 00:22Z","daynight":"Night"}},{"type":"Feature","geometry":{"type":"Point","coordinates":[9.17329,27.73653]},"properties":{"source":"VIIRS (NOAA-20)","resolution_m":375,"frp":1.72,"intensity":"low","confidence":"n","acq_datetime":"2026-10-03 00:22Z","daynight":"Night"}},{"type":"Feature","geometry":{"type":"Point","coordinates":[22.4351,27.81175]},"properties":{"source":"VIIRS (NOAA-20)","resolution_m":375,"frp":2.39,"intensity":"low","confidence":"n","acq_datetime":"2026-10-03 00:22Z","daynight":"Night"}},{"type":"Feature","geometry":{"type":"Point","coordinates":[22.43122,27.81238]},"properties":{"source":"VIIRS (NOAA-20)","resolution_m":375,"frp":2.39,"intensity":"low","confidence":"n","acq_datetime":"2026-10-03 00:22Z","daynight":"Night"}},{"type":"Feature","geometry":{"type":"Point","coordinates":[22.43189,27.81567]},"properties":{"source":"VIIRS (NOAA-20)","resolution_m":375,"frp":0.73,"intensity":"low","confidence":"n","acq_datetime":"2026-10-03 00:22Z","daynight":"Night"}},{"type":"Feature","geometry":{"type":"Point","coordinates":[22.38161,27.94635]},"properties":{"source":"VIIRS (NOAA-20)","resolution_m":375,"frp":0.78,"intensity":"low","confidence":"n","acq_datetime":"2026-10-03 00:22Z","daynight":"Night"}},{"type":"Feature","geometry":{"type":"Point","coordinates":[19.9046,27.98368]},"properties":{"source":"VIIRS (NOAA-20)","resolution_m":375,"frp":4.07,"intensity":"low","confidence":"n","acq_datetime":"2026-10-03 00:22Z","daynight":"Night"}},{"type":"Feature","geometry":{"type":"Point","coordinates":[22.32568,27.98596]},"properties":{"source":"VIIRS (NOAA-20)","resolution_m":375,"frp":3.5,"intensity":"low","confidence":"n","acq_datetime":"2026-10-03 00:22Z","daynight":"Night"}},{"type":"Feature","geometry":{"type":"Point","coordinates":[22.3218,27.98658]},"properties":{"source":"VIIRS (NOAA-20)","resolution_m":375,"frp":3.5,"intensity":"low","confidence":"n","acq_datetime":"2026-10-03 00:22Z","daynight":"Night"}},{"type":"Feature","geometry":{"type":"Point","coordinates":[19.90522,27.98708]},"properties":{"source":"VIIRS (NOAA-20)","resolution_m":375,"frp":4.07,"intensity":"low","confidence":"n","acq_datetime":"2026-10-03 00:22Z","daynight":"Night"}},{"type":"Feature","geometry":{"type":"Point","coordinates":[22.32247,27.98987]},"properties":{"source":"VIIRS (NOAA-20)","resolution_m":375,"frp":0.89,"intensity":"low","confidence":"n","acq_datetime":"2026-10-03 00:22Z","daynight":"Night"}},{"type":"Feature","geometry":{"type":"Point","coordinates":[19.91132,28.05622]},"properties":{"source":"VIIRS (NOAA-20)","resolution_m":375,"frp":5.03,"intensity":"low","confidence":"n","acq_datetime":"2026-10-03 00:22Z","daynight":"Night"}},{"type":"Feature","geometry":{"type":"Point","coordinates":[9.78689,28.07849]},"properties":{"source":"VIIRS (NOAA-20)","resolution_m":375,"frp":5.06,"intensity":"low","confidence":"n","acq_datetime":"2026-10-03 00:22Z","daynight":"Night"}},{"type":"Feature","geometry":{"type":"Point","coordinates":[9.78195,28.07882]},"properties":{"source":"VIIRS (NOAA-20)","resolution_m":375,"frp":5.74,"intensity":"low","confidence":"n","acq_datetime":"2026-10-03 00:22Z","daynight":"Night"}},{"type":"Feature","geometry":{"type":"Point","coordinates":[19.25275,28.10349]},"properties":{"source":"VIIRS (NOAA-20)","resolution_m":375,"frp":0.76,"intensity":"low","confidence":"n","acq_datetime":"2026-10-03 00:22Z","daynight":"Night"}},{"type":"Feature","geometry":{"type":"Point","coordinates":[18.78973,28.13058]},"properties":{"source":"VIIRS (NOAA-20)","resolution_m":375,"frp":1.9,"intensity":"low","confidence":"n","acq_datetime":"2026-10-03 00:22Z","daynight":"Night"}},{"type":"Feature","geometry":{"type":"Point","coordinates":[9.80103,28.19479]},"properties":{"source":"VIIRS (NOAA-20)","resolution_m":375,"frp":1.2,"intensity":"low","confidence":"n","acq_datetime":"2026-10-03 00:22Z","daynight":"Night"}},{"type":"Feature","geometry":{"type":"Point","coordinates":[19.91259,28.20987]},"properties":{"source":"VIIRS (NOAA-20)","resolution_m":375,"frp":1.61,"intensity":"low","confidence":"n","acq_datetime":"2026-10-03 00:22Z","daynight":"Night"}},{"type":"Feature","geometry":{"type":"Point","coordinates":[18.09813,28.23594]},"properties":{"source":"VIIRS (NOAA-20)","resolution_m":375,"frp":0.65,"intensity":"low","confidence":"n","acq_datetime":"2026-10-03 00:22Z","daynight":"Night"}},{"type":"Feature","geometry":{"type":"Point","coordinates":[19.92473,28.28508]},"properties":{"source":"VIIRS (NOAA-20)","resolution_m":375,"frp":0.73,"intensity":"low","confidence":"n","acq_datetime":"2026-10-03 00:22Z","daynight":"Night"}},{"type":"Feature","geometry":{"type":"Point","coordinates":[19.92056,28.28568]},"properties":{"source":"VIIRS (NOAA-20)","resolution_m":375,"frp":0.73,"intensity":"low","confidence":"n","acq_datetime":"2026-10-03 00:22Z","daynight":"Night"}},{"type":"Feature","geometry":{"type":"Point","coordinates":[30.75607,28.29648]},"properties":{"source":"VIIRS (NOAA-20)","resolution_m":375,"frp":0.64,"intensity":"low","confidence":"n","acq_datetime":"2026-10-03 00:22Z","daynight":"Night"}},{"type":"Feature","geometry":{"type":"Point","coordinates":[21.94123,28.37412]},"properties":{"source":"VIIRS (NOAA-20)","resolution_m":375,"frp":2.24,"intensity":"low","confidence":"n","acq_datetime":"2026-10-03 00:22Z","daynight":"Night"}},{"type":"Feature","geometry":{"type":"Point","coordinates":[19.58688,28.43375]},"properties":{"source":"VIIRS (NOAA-20)","resolution_m":375,"frp":7.98,"intensity":"low","confidence":"n","acq_datetime":"2026-10-03 00:22Z","daynight":"Night"}},{"type":"Feature","geometry":{"type":"Point","coordinates":[19.52004,28.45358]},"properties":{"source":"VIIRS (NOAA-20)","resolution_m":375,"frp":0.51,"intensity":"low","confidence":"n","acq_datetime":"2026-10-03 00:22Z","daynight":"Night"}},{"type":"Feature","geometry":{"type":"Point","coordinates":[9.13143,28.45422]},"properties":{"source":"VIIRS (NOAA-20)","resolution_m":375,"frp":3.54,"intensity":"low","confidence":"n","acq_datetime":"2026-10-03 00:22Z","daynight":"Night"}},{"type":"Feature","geometry":{"type":"Point","coordinates":[7.51317,28.46141]},"properties":{"source":"VIIRS (NOAA-20)","resolution_m":375,"frp":1.43,"intensity":"low","confidence":"n","acq_datetime":"2026-10-03 00:22Z","daynight":"Night"}},{"type":"Feature","geometry":{"type":"Point","coordinates":[9.11856,28.52813]},"properties":{"source":"VIIRS (NOAA-20)","resolution_m":375,"frp":3.19,"intensity":"low","confidence":"n","acq_datetime":"2026-10-03 00:22Z","daynight":"Night"}},{"type":"Feature","geometry":{"type":"Point","coordinates":[20.79095,28.52992]},"properties":{"source":"VIIRS (NOAA-20)","resolution_m":375,"frp":0.62,"intensity":"low","confidence":"n","acq_datetime":"2026-10-03 00:22Z","daynight":"Night"}},{"type":"Feature","geometry":{"type":"Point","coordinates":[9.11831,28.53063]},"properties":{"source":"VIIRS (NOAA-20)","resolution_m":375,"frp":3.5,"intensity":"low","confidence":"n","acq_datetime":"2026-10-03 00:22Z","daynight":"Night"}},{"type":"Feature","geometry":{"type":"Point","coordinates":[7.51345,28.55868]},"properties":{"source":"VIIRS (NOAA-20)","resolution_m":375,"frp":0.85,"intensity":"low","confidence":"n","acq_datetime":"2026-10-03 00:22Z","daynight":"Night"}},{"type":"Feature","geometry":{"type":"Point","coordinates":[7.45681,28.56154]},"properties":{"source":"VIIRS (NOAA-20)","resolution_m":375,"frp":0.81,"intensity":"low","confidence":"n","acq_datetime":"2026-10-03 00:22Z","daynight":"Night"}},{"type":"Feature","geometry":{"type":"Point","coordinates":[7.64795,28.57907]},"properties":{"source":"VIIRS (NOAA-20)","resolution_m":375,"frp":2.37,"intensity":"low","confidence":"n","acq_datetime":"2026-10-03 00:22Z","daynight":"Night"}},{"type":"Feature","geometry":{"type":"Point","coordinates":[7.65418,28.58037]},"properties":{"source":"VIIRS (NOAA-20)","resolution_m":375,"frp":1.74,"intensity":"low","confidence":"n","acq_datetime":"2026-10-03 00:22Z","daynight":"Night"}},{"type":"Feature","geometry":{"type":"Point","coordinates":[7.64685,28.58072]},"properties":{"source":"VIIRS (NOAA-20)","resolution_m":375,"frp":2.15,"intensity":"low","confidence":"n","acq_datetime":"2026-10-03 00:22Z","daynight":"Night"}},{"type":"Feature","geometry":{"type":"Point","coordinates":[17.32993,28.58297]},"properties":{"source":"VIIRS (NOAA-20)","resolution_m":375,"frp":14.42,"intensity":"moderate","confidence":"n","acq_datetime":"2026-10-03 00:22Z","daynight":"Night"}},{"type":"Feature","geometry":{"type":"Point","coordinates":[7.25484,28.60564]},"properties":{"source":"VIIRS (NOAA-20)","resolution_m":375,"frp":1.29,"intensity":"low","confidence":"n","acq_datetime":"2026-10-03 00:22Z","daynight":"Night"}},{"type":"Feature","geometry":{"type":"Point","coordinates":[7.2566,28.60628]},"properties":{"source":"VIIRS (NOAA-20)","resolution_m":375,"frp":1.32,"intensity":"low","confidence":"n","acq_datetime":"2026-10-03 00:22Z","daynight":"Night"}},{"type":"Feature","geometry":{"type":"Point","coordinates":[9.78306,28.63431]},"properties":{"source":"VIIRS (NOAA-20)","resolution_m":375,"frp":1.18,"intensity":"low","confidence":"n","acq_datetime":"2026-10-03 00:22Z","daynight":"Night"}},{"type":"Feature","geometry":{"type":"Point","coordinates":[7.60889,28.63721]},"properties":{"source":"VIIRS (NOAA-20)","resolution_m":375,"frp":2.36,"intensity":"low","confidence":"n","acq_datetime":"2026-10-03 00:22Z","daynight":"Night"}},{"type":"Feature","geometry":{"type":"Point","coordinates":[9.77853,28.64069]},"properties":{"source":"VIIRS (NOAA-20)","resolution_m":375,"frp":1.47,"intensity":"low","confidence":"n","acq_datetime":"2026-10-03 00:22Z","daynight":"Night"}},{"type":"Feature","geometry":{"type":"Point","coordinates":[7.53149,28.64105]},"properties":{"source":"VIIRS (NOAA-20)","resolution_m":375,"frp":0.56,"intensity":"low","confidence":"n","acq_datetime":"2026-10-03 00:22Z","daynight":"Night"}},{"type":"Feature","geometry":{"type":"Point","coordinates":[21.46173,28.68001]},"properties":{"source":"VIIRS (NOAA-20)","resolution_m":375,"frp":0.95,"intensity":"low","confidence":"n","acq_datetime":"2026-10-03 00:22Z","daynight":"Night"}},{"type":"Feature","geometry":{"type":"Point","coordinates":[7.1865,28.68559]},"properties":{"source":"VIIRS (NOAA-20)","resolution_m":375,"frp":2.46,"intensity":"low","confidence":"n","acq_datetime":"2026-10-03 00:22Z","daynight":"Night"}},{"type":"Feature","geometry":{"type":"Point","coordinates":[22.37276,28.69727]},"properties":{"source":"VIIRS (NOAA-20)","resolution_m":375,"frp":0.36,"intensity":"low","confidence":"n","acq_datetime":"2026-10-03 00:22Z","daynight":"Night"}},{"type":"Feature","geometry":{"type":"Point","coordinates":[21.4548,28.71158]},"properties":{"source":"VIIRS (NOAA-20)","resolution_m":375,"frp":0.97,"intensity":"low","confidence":"n","acq_datetime":"2026-10-03 00:22Z","daynight":"Night"}},{"type":"Feature","geometry":{"type":"Point","coordinates":[21.45087,28.71218]},"properties":{"source":"VIIRS (NOAA-20)","resolution_m":375,"frp":0.97,"intensity":"low","confidence":"n","acq_datetime":"2026-10-03 00:22Z","daynight":"Night"}},{"type":"Feature","geometry":{"type":"Point","coordinates":[21.38209,28.71245]},"properties":{"source":"VIIRS (NOAA-20)","resolution_m":375,"frp":1.71,"intensity":"low","confidence":"n","acq_datetime":"2026-10-03 00:22Z","daynight":"Night"}},{"type":"Feature","geometry":{"type":"Point","coordinates":[8.95447,28.7126]},"properties":{"source":"VIIRS (NOAA-20)","resolution_m":375,"frp":0.9,"intensity":"low","confidence":"n","acq_datetime":"2026-10-03 00:22Z","daynight":"Night"}},{"type":"Feature","geometry":{"type":"Point","coordinates":[8.95477,28.7152]},"properties":{"source":"VIIRS (NOAA-20)","resolution_m":375,"frp":0.91,"intensity":"low","confidence":"n","acq_datetime":"2026-10-03 00:22Z","daynight":"Night"}},{"type":"Feature","geometry":{"type":"Point","coordinates":[8.94322,28.71585]},"properties":{"source":"VIIRS (NOAA-20)","resolution_m":375,"frp":1.22,"intensity":"low","confidence":"n","acq_datetime":"2026-10-03 00:22Z","daynight":"Night"}},{"type":"Feature","geometry":{"type":"Point","coordinates":[9.15187,28.738]},"properties":{"source":"VIIRS (NOAA-20)","resolution_m":375,"frp":0.79,"intensity":"low","confidence":"n","acq_datetime":"2026-10-03 00:22Z","daynight":"Night"}},{"type":"Feature","geometry":{"type":"Point","coordinates":[9.78863,28.73882]},"properties":{"source":"VIIRS (NOAA-20)","resolution_m":375,"frp":2.67,"intensity":"low","confidence":"n","acq_datetime":"2026-10-03 00:22Z","daynight":"Night"}},{"type":"Feature","geometry":{"type":"Point","coordinates":[9.78351,28.73916]},"properties":{"source":"VIIRS (NOAA-20)","resolution_m":375,"frp":3.68,"intensity":"low","confidence":"n","acq_datetime":"2026-10-03 00:22Z","daynight":"Night"}},{"type":"Feature","geometry":{"type":"Point","coordinates":[22.79633,28.75816]},"properties":{"source":"VIIRS (NOAA-20)","resolution_m":375,"frp":0.52,"intensity":"low","confidence":"n","acq_datetime":"2026-10-03 00:22Z","daynight":"Night"}},{"type":"Feature","geometry":{"type":"Point","coordinates":[22.45854,28.78563]},"properties":{"source":"VIIRS (NOAA-20)","resolution_m":375,"frp":0.43,"intensity":"low","confidence":"n","acq_datetime":"2026-10-03 00:22Z","daynight":"Night"}},{"type":"Feature","geometry":{"type":"Point","coordinates":[22.26024,28.82071]},"properties":{"source":"VIIRS (NOAA-20)","resolution_m":375,"frp":1.4,"intensity":"low","confidence":"n","acq_datetime":"2026-10-03 00:22Z","daynight":"Night"}},{"type":"Feature","geometry":{"type":"Point","coordinates":[22.25634,28.82133]},"properties":{"source":"VIIRS (NOAA-20)","resolution_m":375,"frp":1.41,"intensity":"low","confidence":"n","acq_datetime":"2026-10-03 00:22Z","daynight":"Night"}},{"type":"Feature","geometry":{"type":"Point","coordinates":[9.90609,28.82402]},"properties":{"source":"VIIRS (NOAA-20)","resolution_m":375,"frp":1.32,"intensity":"low","confidence":"n","acq_datetime":"2026-10-03 00:22Z","daynight":"Night"}},{"type":"Feature","geometry":{"type":"Point","coordinates":[17.38396,28.82527]},"properties":{"source":"VIIRS (NOAA-20)","resolution_m":375,"frp":0.93,"intensity":"low","confidence":"n","acq_datetime":"2026-10-03 00:22Z","daynight":"Night"}},{"type":"Feature","geometry":{"type":"Point","coordinates":[22.12561,28.83187]},"properties":{"source":"VIIRS (NOAA-20)","resolution_m":375,"frp":0.76,"intensity":"low","confidence":"n","acq_datetime":"2026-10-03 00:22Z","daynight":"Night"}},{"type":"Feature","geometry":{"type":"Point","coordinates":[22.12238,28.83577]},"properties":{"source":"VIIRS (NOAA-20)","resolution_m":375,"frp":0.6,"intensity":"low","confidence":"n","acq_datetime":"2026-10-03 00:22Z","daynight":"Night"}},{"type":"Feature","geometry":{"type":"Point","coordinates":[22.11847,28.83639]},"properties":{"source":"VIIRS (NOAA-20)","resolution_m":375,"frp":0.6,"intensity":"low","confidence":"n","acq_datetime":"2026-10-03 00:22Z","daynight":"Night"}},{"type":"Feature","geometry":{"type":"Point","coordinates":[9.936,28.86658]},"properties":{"source":"VIIRS (NOAA-20)","resolution_m":375,"frp":0.5,"intensity":"low","confidence":"n","acq_datetime":"2026-10-03 00:22Z","daynight":"Night"}},{"type":"Feature","geometry":{"type":"Point","coordinates":[21.22039,28.86958]},"properties":{"source":"VIIRS (NOAA-20)","resolution_m":375,"frp":0.95,"intensity":"low","confidence":"n","acq_datetime":"2026-10-03 00:22Z","daynight":"Night"}},{"type":"Feature","geometry":{"type":"Point","coordinates":[33.17782,28.87004]},"properties":{"source":"VIIRS (NOAA-20)","resolution_m":375,"frp":0.64,"intensity":"low","confidence":"n","acq_datetime":"2026-10-03 00:22Z","daynight":"Night"}},{"type":"Feature","geometry":{"type":"Point","coordinates":[9.93536,28.87037]},"properties":{"source":"VIIRS (NOAA-20)","resolution_m":375,"frp":0.84,"intensity":"low","confidence":"n","acq_datetime":"2026-10-03 00:22Z","daynight":"Night"}},{"type":"Feature","geometry":{"type":"Point","coordinates":[21.22104,28.8729]},"properties":{"source":"VIIRS (NOAA-20)","resolution_m":375,"frp":0.95,"intensity":"low","confidence":"n","acq_datetime":"2026-10-03 00:22Z","daynight":"Night"}},{"type":"Feature","geometry":{"type":"Point","coordinates":[9.96401,28.89495]},"properties":{"source":"VIIRS (NOAA-20)","resolution_m":375,"frp":0.38,"intensity":"low","confidence":"n","acq_datetime":"2026-10-03 00:22Z","daynight":"Night"}},{"type":"Feature","geometry":{"type":"Point","coordinates":[20.9529,28.90617]},"properties":{"source":"VIIRS (NOAA-20)","resolution_m":375,"frp":0.92,"intensity":"low","confidence":"n","acq_datetime":"2026-10-03 00:22Z","daynight":"Night"}},{"type":"Feature","geometry":{"type":"Point","coordinates":[19.77484,28.90788]},"properties":{"source":"VIIRS (NOAA-20)","resolution_m":375,"frp":10.46,"intensity":"moderate","confidence":"n","acq_datetime":"2026-10-03 00:22Z","daynight":"Night"}},{"type":"Feature","geometry":{"type":"Point","coordinates":[19.7706,28.90848]},"properties":{"source":"VIIRS (NOAA-20)","resolution_m":375,"frp":15.15,"intensity":"moderate","confidence":"n","acq_datetime":"2026-10-03 00:22Z","daynight":"Night"}},{"type":"Feature","geometry":{"type":"Point","coordinates":[20.9822,28.90866]},"properties":{"source":"VIIRS (NOAA-20)","resolution_m":375,"frp":6.57,"intensity":"low","confidence":"n","acq_datetime":"2026-10-03 00:22Z","daynight":"Night"}},{"type":"Feature","geometry":{"type":"Point","coordinates":[19.76641,28.90907]},"properties":{"source":"VIIRS (NOAA-20)","resolution_m":375,"frp":15.15,"intensity":"moderate","confidence":"n","acq_datetime":"2026-10-03 00:22Z","daynight":"Night"}},{"type":"Feature","geometry":{"type":"Point","coordinates":[20.9782,28.90925]},"properties":{"source":"VIIRS (NOAA-20)","resolution_m":375,"frp":7.12,"intensity":"low","confidence":"n","acq_datetime":"2026-10-03 00:22Z","daynight":"Night"}},{"type":"Feature","geometry":{"type":"Point","coordinates":[20.9662,28.91104]},"properties":{"source":"VIIRS (NOAA-20)","resolution_m":375,"frp":1.32,"intensity":"low","confidence":"n","acq_datetime":"2026-10-03 00:22Z","daynight":"Night"}},{"type":"Feature","geometry":{"type":"Point","coordinates":[19.77545,28.91132]},"properties":{"source":"VIIRS (NOAA-20)","resolution_m":375,"frp":30.67,"intensity":"moderate","confidence":"n","acq_datetime":"2026-10-03 00:22Z","daynight":"Night"}},{"type":"Feature","geometry":{"type":"Point","coordinates":[19.7712,28.91192]},"properties":{"source":"VIIRS (NOAA-20)","resolution_m":375,"frp":4.81,"intensity":"low","confidence":"n","acq_datetime":"2026-10-03 00:22Z","daynight":"Night"}},{"type":"Feature","geometry":{"type":"Point","coordinates":[19.767,28.91251]},"properties":{"source":"VIIRS (NOAA-20)","resolution_m":375,"frp":4.81,"intensity":"low","confidence":"n","acq_datetime":"2026-10-03 00:22Z","daynight":"Night"}},{"type":"Feature","geometry":{"type":"Point","coordinates":[20.96684,28.91437]},"properties":{"source":"VIIRS (NOAA-20)","resolution_m":375,"frp":0.63,"intensity":"low","confidence":"n","acq_datetime":"2026-10-03 00:22Z","daynight":"Night"}},{"type":"Feature","geometry":{"type":"Point","coordinates":[19.77607,28.91476]},"properties":{"source":"VIIRS (NOAA-20)","resolution_m":375,"frp":30.67,"intensity":"moderate","confidence":"n","acq_datetime":"2026-10-03 00:22Z","daynight":"Night"}},{"type":"Feature","geometry":{"type":"Point","coordinates":[9.74556,28.91498]},"properties":{"source":"VIIRS (NOAA-20)","resolution_m":375,"frp":0.87,"intensity":"low","confidence":"n","acq_datetime":"2026-10-03 00:22Z","daynight":"Night"}},{"type":"Feature","geometry":{"type":"Point","coordinates":[9.74037,28.91531]},"properties":{"source":"VIIRS (NOAA-20)","resolution_m":375,"frp":0.71,"intensity":"low","confidence":"n","acq_datetime":"2026-10-03 00:22Z","daynight":"Night"}},{"type":"Feature","geometry":{"type":"Point","coordinates":[19.77181,28.91536]},"properties":{"source":"VIIRS (NOAA-20)","resolution_m":375,"frp":4.81,"intensity":"low","confidence":"n","acq_datetime":"2026-10-03 00:22Z","daynight":"Night"}},{"type":"Feature","geometry":{"type":"Point","coordinates":[9.74092,28.92138]},"properties":{"source":"VIIRS (NOAA-20)","resolution_m":375,"frp":1.39,"intensity":"low","confidence":"n","acq_datetime":"2026-10-03 00:22Z","daynight":"Night"}},{"type":"Feature","geometry":{"type":"Point","coordinates":[21.50657,28.92461]},"properties":{"source":"VIIRS (NOAA-20)","resolution_m":375,"frp":0.33,"intensity":"low","confidence":"n","acq_datetime":"2026-10-03 00:22Z","daynight":"Night"}},{"type":"Feature","geometry":{"type":"Point","coordinates":[31.07763,28.92554]},"properties":{"source":"VIIRS (NOAA-20)","resolution_m":375,"frp":1.56,"intensity":"low","confidence":"n","acq_datetime":"2026-10-03 00:22Z","daynight":"Night"}},{"type":"Feature","geometry":{"type":"Point","coordinates":[17.29728,28.93543]},"properties":{"source":"VIIRS (NOAA-20)","resolution_m":375,"frp":0.63,"intensity":"low","confidence":"n","acq_datetime":"2026-10-03 00:22Z","daynight":"Night"}},{"type":"Feature","geometry":{"type":"Point","coordinates":[17.29675,28.93762]},"properties":{"source":"VIIRS (NOAA-20)","resolution_m":375,"frp":0.84,"intensity":"low","confidence":"n","acq_datetime":"2026-10-03 00:22Z","daynight":"Night"}},{"type":"Feature","geometry":{"type":"Point","coordinates":[31.20186,29.01647]},"properties":{"source":"VIIRS (NOAA-20)","resolution_m":375,"frp":4.12,"intensity":"low","confidence":"n","acq_datetime":"2026-10-03 00:22Z","daynight":"Night"}},{"type":"Feature","geometry":{"type":"Point","coordinates":[31.20151,29.0181]},"properties":{"source":"VIIRS (NOAA-20)","resolution_m":375,"frp":3.69,"intensity":"low","confidence":"n","acq_datetime":"2026-10-03 00:22Z","daynight":"Night"}},{"type":"Feature","geometry":{"type":"Point","coordinates":[31.20325,29.02123]},"properties":{"source":"VIIRS (NOAA-20)","resolution_m":375,"frp":4.12,"intensity":"low","confidence":"n","acq_datetime":"2026-10-03 00:22Z","daynight":"Night"}},{"type":"Feature","geometry":{"type":"Point","coordinates":[31.20292,29.02286]},"properties":{"source":"VIIRS (NOAA-20)","resolution_m":375,"frp":3.69,"intensity":"low","confidence":"n","acq_datetime":"2026-10-03 00:22Z","daynight":"Night"}},{"type":"Feature","geometry":{"type":"Point","coordinates":[20.78682,29.03921]},"properties":{"source":"VIIRS (NOAA-20)","resolution_m":375,"frp":0.63,"intensity":"low","confidence":"n","acq_datetime":"2026-10-03 00:22Z","daynight":"Night"}},{"type":"Feature","geometry":{"type":"Point","coordinates":[19.06123,29.07108]},"properties":{"source":"VIIRS (NOAA-20)","resolution_m":375,"frp":2.95,"intensity":"low","confidence":"n","acq_datetime":"2026-10-03 00:22Z","daynight":"Night"}},{"type":"Feature","geometry":{"type":"Point","coordinates":[19.05668,29.07169]},"properties":{"source":"VIIRS (NOAA-20)","resolution_m":375,"frp":0.96,"intensity":"low","confidence":"n","acq_datetime":"2026-10-03 00:22Z","daynight":"Night"}},{"type":"Feature","geometry":{"type":"Point","coordinates":[19.06639,29.07401]},"properties":{"source":"VIIRS (NOAA-20)","resolution_m":375,"frp":11.27,"intensity":"moderate","confidence":"n","acq_datetime":"2026-10-03 00:22Z","daynight":"Night"}},{"type":"Feature","geometry":{"type":"Point","coordinates":[19.06184,29.07462]},"properties":{"source":"VIIRS (NOAA-20)","resolution_m":375,"frp":11.27,"intensity":"moderate","confidence":"n","acq_datetime":"2026-10-03 00:22Z","daynight":"Night"}},{"type":"Feature","geometry":{"type":"Point","coordinates":[19.05729,29.07523]},"properties":{"source":"VIIRS (NOAA-20)","resolution_m":375,"frp":3.27,"intensity":"low","confidence":"n","acq_datetime":"2026-10-03 00:22Z","daynight":"Night"}},{"type":"Feature","geometry":{"type":"Point","coordinates":[9.66485,29.11102]},"properties":{"source":"VIIRS (NOAA-20)","resolution_m":375,"frp":0.64,"intensity":"low","confidence":"n","acq_datetime":"2026-10-03 00:22Z","daynight":"Night"}},{"type":"Feature","geometry":{"type":"Point","coordinates":[9.66297,29.11151]},"properties":{"source":"VIIRS (NOAA-20)","resolution_m":375,"frp":0.39,"intensity":"low","confidence":"n","acq_datetime":"2026-10-03 00:22Z","daynight":"Night"}},{"type":"Feature","geometry":{"type":"Point","coordinates":[21.45514,29.14655]},"properties":{"source":"VIIRS (NOAA-20)","resolution_m":375,"frp":0.72,"intensity":"low","confidence":"n","acq_datetime":"2026-10-03 00:22Z","daynight":"Night"}},{"type":"Feature","geometry":{"type":"Point","coordinates":[21.52886,29.18977]},"properties":{"source":"VIIRS (NOAA-20)","resolution_m":375,"frp":0.94,"intensity":"low","confidence":"n","acq_datetime":"2026-10-03 00:22Z","daynight":"Night"}},{"type":"Feature","geometry":{"type":"Point","coordinates":[21.42738,29.19162]},"properties":{"source":"VIIRS (NOAA-20)","resolution_m":375,"frp":3.36,"intensity":"low","confidence":"n","acq_datetime":"2026-10-03 00:22Z","daynight":"Night"}},{"type":"Feature","geometry":{"type":"Point","coordinates":[21.64322,29.21652]},"properties":{"source":"VIIRS (NOAA-20)","resolution_m":375,"frp":1.44,"intensity":"low","confidence":"n","acq_datetime":"2026-10-03 00:22Z","daynight":"Night"}},{"type":"Feature","geometry":{"type":"Point","coordinates":[19.69494,29.22991]},"properties":{"source":"VIIRS (NOAA-20)","resolution_m":375,"frp":11.25,"intensity":"moderate","confidence":"n","acq_datetime":"2026-10-03 00:22Z","daynight":"Night"}},{"type":"Feature","geometry":{"type":"Point","coordinates":[19.69556,29.23337]},"properties":{"source":"VIIRS (NOAA-20)","resolution_m":375,"frp":11.57,"intensity":"moderate","confidence":"n","acq_datetime":"2026-10-03 00:22Z","daynight":"Night"}},{"type":"Feature","geometry":{"type":"Point","coordinates":[6.48511,29.27149]},"properties":{"source":"VIIRS (NOAA-20)","resolution_m":375,"frp":1.39,"intensity":"low","confidence":"n","acq_datetime":"2026-10-03 00:22Z","daynight":"Night"}},{"type":"Feature","geometry":{"type":"Point","coordinates":[6.48655,29.27294]},"properties":{"source":"VIIRS (NOAA-20)","resolution_m":375,"frp":1.02,"intensity":"low","confidence":"n","acq_datetime":"2026-10-03 00:22Z","daynight":"Night"}},{"type":"Feature","geometry":{"type":"Point","coordinates":[17.96991,29.44256]},"properties":{"source":"VIIRS (NOAA-20)","resolution_m":375,"frp":0.8,"intensity":"low","confidence":"n","acq_datetime":"2026-10-03 00:22Z","daynight":"Night"}},{"type":"Feature","geometry":{"type":"Point","coordinates":[17.96479,29.4432]},"properties":{"source":"VIIRS (NOAA-20)","resolution_m":375,"frp":0.8,"intensity":"low","confidence":"n","acq_datetime":"2026-10-03 00:22Z","daynight":"Night"}},{"type":"Feature","geometry":{"type":"Point","coordinates":[21.15427,29.55549]},"properties":{"source":"VIIRS (NOAA-20)","resolution_m":375,"frp":0.57,"intensity":"low","confidence":"n","acq_datetime":"2026-10-03 00:22Z","daynight":"Night"}},{"type":"Feature","geometry":{"type":"Point","coordinates":[29.47244,29.62679]},"properties":{"source":"VIIRS (NOAA-20)","resolution_m":375,"frp":0.84,"intensity":"low","confidence":"n","acq_datetime":"2026-10-03 00:22Z","daynight":"Night"}},{"type":"Feature","geometry":{"type":"Point","coordinates":[29.47095,29.6298]},"properties":{"source":"VIIRS (NOAA-20)","resolution_m":375,"frp":0.78,"intensity":"low","confidence":"n","acq_datetime":"2026-10-03 00:22Z","daynight":"Night"}},{"type":"Feature","geometry":{"type":"Point","coordinates":[6.71858,29.671]},"properties":{"source":"VIIRS (NOAA-20)","resolution_m":375,"frp":1.8,"intensity":"low","confidence":"n","acq_datetime":"2026-10-03 00:22Z","daynight":"Night"}},{"type":"Feature","geometry":{"type":"Point","coordinates":[6.72142,29.67559]},"properties":{"source":"VIIRS (NOAA-20)","resolution_m":375,"frp":3.0,"intensity":"low","confidence":"n","acq_datetime":"2026-10-03 00:22Z","daynight":"Night"}},{"type":"Feature","geometry":{"type":"Point","coordinates":[32.3181,29.68985]},"properties":{"source":"VIIRS (NOAA-20)","resolution_m":375,"frp":1.44,"intensity":"low","confidence":"n","acq_datetime":"2026-10-03 00:22Z","daynight":"Night"}},{"type":"Feature","geometry":{"type":"Point","coordinates":[6.6898,29.69136]},"properties":{"source":"VIIRS (NOAA-20)","resolution_m":375,"frp":1.24,"intensity":"low","confidence":"n","acq_datetime":"2026-10-03 00:22Z","daynight":"Night"}},{"type":"Feature","geometry":{"type":"Point","coordinates":[6.69546,29.69348]},"properties":{"source":"VIIRS (NOAA-20)","resolution_m":375,"frp":4.32,"intensity":"low","confidence":"n","acq_datetime":"2026-10-03 00:22Z","daynight":"Night"}},{"type":"Feature","geometry":{"type":"Point","coordinates":[32.32306,29.69403]},"properties":{"source":"VIIRS (NOAA-20)","resolution_m":375,"frp":1.44,"intensity":"low","confidence":"n","acq_datetime":"2026-10-03 00:22Z","daynight":"Night"}},{"type":"Feature","geometry":{"type":"Point","coordinates":[32.31964,29.69485]},"properties":{"source":"VIIRS (NOAA-20)","resolution_m":375,"frp":1.44,"intensity":"low","confidence":"n","acq_datetime":"2026-10-03 00:22Z","daynight":"Night"}},{"type":"Feature","geometry":{"type":"Point","coordinates":[6.69826,29.69821]},"properties":{"source":"VIIRS (NOAA-20)","resolution_m":375,"frp":2.99,"intensity":"low","confidence":"n","acq_datetime":"2026-10-03 00:22Z","daynight":"Night"}},{"type":"Feature","geometry":{"type":"Point","coordinates":[6.69025,29.69855]},"properties":{"source":"VIIRS (NOAA-20)","resolution_m":375,"frp":2.04,"intensity":"low","confidence":"n","acq_datetime":"2026-10-03 00:22Z","daynight":"Night"}},{"type":"Feature","geometry":{"type":"Point","coordinates":[6.70403,29.70037]},"properties":{"source":"VIIRS (NOAA-20)","resolution_m":375,"frp":3.2,"intensity":"low","confidence":"n","acq_datetime":"2026-10-03 00:22Z","daynight":"Night"}},{"type":"Feature","geometry":{"type":"Point","coordinates":[6.69588,29.70068]},"properties":{"source":"VIIRS (NOAA-20)","resolution_m":375,"frp":1.94,"intensity":"low","confidence":"n","acq_datetime":"2026-10-03 00:22Z","daynight":"Night"}},{"type":"Feature","geometry":{"type":"Point","coordinates":[29.20737,29.70191]},"properties":{"source":"VIIRS (NOAA-20)","resolution_m":375,"frp":0.54,"intensity":"low","confidence":"n","acq_datetime":"2026-10-03 00:22Z","daynight":"Night"}},{"type":"Feature","geometry":{"type":"Point","coordinates":[6.7068,29.70505]},"properties":{"source":"VIIRS (NOAA-20)","resolution_m":375,"frp":2.99,"intensity":"low","confidence":"n","acq_datetime":"2026-10-03 00:22Z","daynight":"Night"}},{"type":"Feature","geometry":{"type":"Point","coordinates":[19.71375,29.71202]},"properties":{"source":"VIIRS (NOAA-20)","resolution_m":375,"frp":0.8,"intensity":"low","confidence":"n","acq_datetime":"2026-10-03 00:22Z","daynight":"Night"}},{"type":"Feature","geometry":{"type":"Point","coordinates":[31.38304,29.73356]},"properties":{"source":"VIIRS (NOAA-20)","resolution_m":375,"frp":2.97,"intensity":"low","confidence":"n","acq_datetime":"2026-10-03 00:22Z","daynight":"Night"}},{"type":"Feature","geometry":{"type":"Point","coordinates":[32.21183,29.74705]},"properties":{"source":"VIIRS (NOAA-20)","resolution_m":375,"frp":0.74,"intensity":"low","confidence":"n","acq_datetime":"2026-10-03 00:22Z","daynight":"Night"}},{"type":"Feature","geometry":{"type":"Point","coordinates":[32.091,29.80703]},"properties":{"source":"VIIRS (NOAA-20)","resolution_m":375,"frp":1.25,"intensity":"low","confidence":"n","acq_datetime":"2026-10-03 00:22Z","daynight":"Night"}},{"type":"Feature","geometry":{"type":"Point","coordinates":[32.08769,29.80781]},"properties":{"source":"VIIRS (NOAA-20)","resolution_m":375,"frp":1.25,"intensity":"low","confidence":"n","acq_datetime":"2026-10-03 00:22Z","daynight":"Night"}},{"type":"Feature","geometry":{"type":"Point","coordinates":[17.28959,29.82443]},"properties":{"source":"VIIRS (NOAA-20)","resolution_m":375,"frp":1.03,"intensity":"low","confidence":"n","acq_datetime":"2026-10-03 00:22Z","daynight":"Night"}},{"type":"Feature","geometry":{"type":"Point","coordinates":[27.9449,29.85141]},"properties":{"source":"VIIRS (NOAA-20)","resolution_m":375,"frp":0.6,"intensity":"low","confidence":"n","acq_datetime":"2026-10-03 00:22Z","daynight":"Night"}},{"type":"Feature","geometry":{"type":"Point","coordinates":[7.68273,30.17954]},"properties":{"source":"VIIRS (NOAA-20)","resolution_m":375,"frp":0.86,"intensity":"low","confidence":"n","acq_datetime":"2026-10-03 00:22Z","daynight":"Night"}},{"type":"Feature","geometry":{"type":"Point","coordinates":[8.08109,30.25629]},"properties":{"source":"VIIRS (NOAA-20)","resolution_m":375,"frp":1.84,"intensity":"low","confidence":"n","acq_datetime":"2026-10-03 00:22Z","daynight":"Night"}},{"type":"Feature","geometry":{"type":"Point","coordinates":[8.08034,30.25908]},"properties":{"source":"VIIRS (NOAA-20)","resolution_m":375,"frp":1.55,"intensity":"low","confidence":"n","acq_datetime":"2026-10-03 00:22Z","daynight":"Night"}},{"type":"Feature","geometry":{"type":"Point","coordinates":[27.23009,30.36762]},"properties":{"source":"VIIRS (NOAA-20)","resolution_m":375,"frp":1.35,"intensity":"low","confidence":"n","acq_datetime":"2026-10-03 00:22Z","daynight":"Night"}},{"type":"Feature","geometry":{"type":"Point","coordinates":[7.00281,30.37827]},"properties":{"source":"VIIRS (NOAA-20)","resolution_m":375,"frp":1.74,"intensity":"low","confidence":"n","acq_datetime":"2026-10-03 00:22Z","daynight":"Night"}},{"type":"Feature","geometry":{"type":"Point","coordinates":[7.00328,30.38161]},"properties":{"source":"VIIRS (NOAA-20)","resolution_m":375,"frp":1.46,"intensity":"low","confidence":"n","acq_datetime":"2026-10-03 00:22Z","daynight":"Night"}},{"type":"Feature","geometry":{"type":"Point","coordinates":[7.90461,30.39138]},"properties":{"source":"VIIRS (NOAA-20)","resolution_m":375,"frp":1.08,"intensity":"low","confidence":"n","acq_datetime":"2026-10-03 00:22Z","daynight":"Night"}},{"type":"Feature","geometry":{"type":"Point","coordinates":[19.6116,30.40367]},"properties":{"source":"VIIRS (NOAA-20)","resolution_m":375,"frp":1.34,"intensity":"low","confidence":"n","acq_datetime":"2026-10-03 00:22Z","daynight":"Night"}},{"type":"Feature","geometry":{"type":"Point","coordinates":[19.59859,30.409]},"properties":{"source":"VIIRS (NOAA-20)","resolution_m":375,"frp":1.89,"intensity":"low","confidence":"n","acq_datetime":"2026-10-03 00:22Z","daynight":"Night"}},{"type":"Feature","geometry":{"type":"Point","coordinates":[19.58044,30.41143]},"properties":{"source":"VIIRS (NOAA-20)","resolution_m":375,"frp":0.93,"intensity":"low","confidence":"n","acq_datetime":"2026-10-03 00:22Z","daynight":"Night"}},{"type":"Feature","geometry":{"type":"Point","coordinates":[19.59922,30.41251]},"properties":{"source":"VIIRS (NOAA-20)","resolution_m":375,"frp":1.89,"intensity":"low","confidence":"n","acq_datetime":"2026-10-03 00:22Z","daynight":"Night"}},{"type":"Feature","geometry":{"type":"Point","coordinates":[25.92071,30.50593]},"properties":{"source":"VIIRS (NOAA-20)","resolution_m":375,"frp":0.57,"intensity":"low","confidence":"n","acq_datetime":"2026-10-03 00:22Z","daynight":"Night"}},{"type":"Feature","geometry":{"type":"Point","coordinates":[26.08178,30.53155]},"properties":{"source":"VIIRS (NOAA-20)","resolution_m":375,"frp":0.43,"intensity":"low","confidence":"n","acq_datetime":"2026-10-03 00:22Z","daynight":"Night"}},{"type":"Feature","geometry":{"type":"Point","coordinates":[26.08932,30.53265]},"properties":{"source":"VIIRS (NOAA-20)","resolution_m":375,"frp":0.98,"intensity":"low","confidence":"n","acq_datetime":"2026-10-03 00:22Z","daynight":"Night"}},{"type":"Feature","geometry":{"type":"Point","coordinates":[26.08,30.5344]},"properties":{"source":"VIIRS (NOAA-20)","resolution_m":375,"frp":0.5,"intensity":"low","confidence":"n","acq_datetime":"2026-10-03 00:22Z","daynight":"Night"}},{"type":"Feature","geometry":{"type":"Point","coordinates":[8.09512,30.66515]},"properties":{"source":"VIIRS (NOAA-20)","resolution_m":375,"frp":1.82,"intensity":"low","confidence":"n","acq_datetime":"2026-10-03 00:22Z","daynight":"Night"}},{"type":"Feature","geometry":{"type":"Point","coordinates":[8.09771,30.66754]},"properties":{"source":"VIIRS (NOAA-20)","resolution_m":375,"frp":1.37,"intensity":"low","confidence":"n","acq_datetime":"2026-10-03 00:22Z","daynight":"Night"}},{"type":"Feature","geometry":{"type":"Point","coordinates":[26.36843,30.672]},"properties":{"source":"VIIRS (NOAA-20)","resolution_m":375,"frp":2.14,"intensity":"low","confidence":"n","acq_datetime":"2026-10-03 00:22Z","daynight":"Night"}},{"type":"Feature","geometry":{"type":"Point","coordinates":[27.72415,30.7023]},"properties":{"source":"VIIRS (NOAA-20)","resolution_m":375,"frp":0.51,"intensity":"low","confidence":"n","acq_datetime":"2026-10-03 00:22Z","daynight":"Night"}},{"type":"Feature","geometry":{"type":"Point","coordinates":[27.24291,30.7338]},"properties":{"source":"VIIRS (NOAA-20)","resolution_m":375,"frp":0.42,"intensity":"low","confidence":"n","acq_datetime":"2026-10-03 00:22Z","daynight":"Night"}},{"type":"Feature","geometry":{"type":"Point","coordinates":[27.0775,30.74235]},"properties":{"source":"VIIRS (NOAA-20)","resolution_m":375,"frp":0.66,"intensity":"low","confidence":"n","acq_datetime":"2026-10-03 00:22Z","daynight":"Night"}},{"type":"Feature","geometry":{"type":"Point","coordinates":[27.46622,30.75719]},"properties":{"source":"VIIRS (NOAA-20)","resolution_m":375,"frp":0.93,"intensity":"low","confidence":"n","acq_datetime":"2026-10-03 00:22Z","daynight":"Night"}},{"type":"Feature","geometry":{"type":"Point","coordinates":[27.4672,30.76093]},"properties":{"source":"VIIRS (NOAA-20)","resolution_m":375,"frp":0.65,"intensity":"low","confidence":"n","acq_datetime":"2026-10-03 00:22Z","daynight":"Night"}},{"type":"Feature","geometry":{"type":"Point","coordinates":[27.10764,30.76909]},"properties":{"source":"VIIRS (NOAA-20)","resolution_m":375,"frp":1.21,"intensity":"low","confidence":"n","acq_datetime":"2026-10-03 00:22Z","daynight":"Night"}},{"type":"Feature","geometry":{"type":"Point","coordinates":[27.26485,30.76928]},"properties":{"source":"VIIRS (NOAA-20)","resolution_m":375,"frp":0.56,"intensity":"low","confidence":"n","acq_datetime":"2026-10-03 00:22Z","daynight":"Night"}},{"type":"Feature","geometry":{"type":"Point","coordinates":[27.10641,30.77154]},"properties":{"source":"VIIRS (NOAA-20)","resolution_m":375,"frp":1.21,"intensity":"low","confidence":"n","acq_datetime":"2026-10-03 00:22Z","daynight":"Night"}},{"type":"Feature","geometry":{"type":"Point","coordinates":[27.02369,30.8163]},"properties":{"source":"VIIRS (NOAA-20)","resolution_m":375,"frp":1.51,"intensity":"low","confidence":"n","acq_datetime":"2026-10-03 00:22Z","daynight":"Night"}},{"type":"Feature","geometry":{"type":"Point","coordinates":[26.62057,30.85563]},"properties":{"source":"VIIRS (NOAA-20)","resolution_m":375,"frp":0.77,"intensity":"low","confidence":"n","acq_datetime":"2026-10-03 00:22Z","daynight":"Night"}},{"type":"Feature","geometry":{"type":"Point","coordinates":[27.55637,30.93572]},"properties":{"source":"VIIRS (NOAA-20)","resolution_m":375,"frp":0.8,"intensity":"low","confidence":"n","acq_datetime":"2026-10-03 00:22Z","daynight":"Night"}},{"type":"Feature","geometry":{"type":"Point","coordinates":[20.1171,30.95629]},"properties":{"source":"VIIRS (NOAA-20)","resolution_m":375,"frp":1.45,"intensity":"low","confidence":"n","acq_datetime":"2026-10-03 00:22Z","daynight":"Night"}},{"type":"Feature","geometry":{"type":"Point","coordinates":[27.33807,30.97094]},"properties":{"source":"VIIRS (NOAA-20)","resolution_m":375,"frp":0.45,"intensity":"low","confidence":"n","acq_datetime":"2026-10-03 00:22Z","daynight":"Night"}},{"type":"Feature","geometry":{"type":"Point","coordinates":[8.1574,31.01765]},"properties":{"source":"VIIRS (NOAA-20)","resolution_m":375,"frp":1.52,"intensity":"low","confidence":"n","acq_datetime":"2026-10-03 00:22Z","daynight":"Night"}},{"type":"Feature","geometry":{"type":"Point","coordinates":[8.28269,31.04559]},"properties":{"source":"VIIRS (NOAA-20)","resolution_m":375,"frp":0.79,"intensity":"low","confidence":"n","acq_datetime":"2026-10-03 00:22Z","daynight":"Night"}},{"type":"Feature","geometry":{"type":"Point","coordinates":[8.28169,31.04889]},"properties":{"source":"VIIRS (NOAA-20)","resolution_m":375,"frp":1.46,"intensity":"low","confidence":"n","acq_datetime":"2026-10-03 00:22Z","daynight":"Night"}},{"type":"Feature","geometry":{"type":"Point","coordinates":[8.03411,31.05705]},"properties":{"source":"VIIRS (NOAA-20)","resolution_m":375,"frp":5.51,"intensity":"low","confidence":"n","acq_datetime":"2026-10-03 00:22Z","daynight":"Night"}},{"type":"Feature","geometry":{"type":"Point","coordinates":[8.0271,31.05737]},"properties":{"source":"VIIRS (NOAA-20)","resolution_m":375,"frp":7.4,"intensity":"low","confidence":"n","acq_datetime":"2026-10-03 00:22Z","daynight":"Night"}},{"type":"Feature","geometry":{"type":"Point","coordinates":[8.03282,31.05893]},"properties":{"source":"VIIRS (NOAA-20)","resolution_m":375,"frp":4.8,"intensity":"low","confidence":"n","acq_datetime":"2026-10-03 00:22Z","daynight":"Night"}},{"type":"Feature","geometry":{"type":"Point","coordinates":[8.02581,31.05921]},"properties":{"source":"VIIRS (NOAA-20)","resolution_m":375,"frp":4.8,"intensity":"low","confidence":"n","acq_datetime":"2026-10-03 00:22Z","daynight":"Night"}},{"type":"Feature","geometry":{"type":"Point","coordinates":[7.82205,31.09393]},"properties":{"source":"VIIRS (NOAA-20)","resolution_m":375,"frp":4.42,"intensity":"low","confidence":"n","acq_datetime":"2026-10-03 00:22Z","daynight":"Night"}},{"type":"Feature","geometry":{"type":"Point","coordinates":[7.82784,31.09432]},"properties":{"source":"VIIRS (NOAA-20)","resolution_m":375,"frp":2.51,"intensity":"low","confidence":"n","acq_datetime":"2026-10-03 00:22Z","daynight":"Night"}},{"type":"Feature","geometry":{"type":"Point","coordinates":[7.82045,31.09461]},"properties":{"source":"VIIRS (NOAA-20)","resolution_m":375,"frp":2.85,"intensity":"low","confidence":"n","acq_datetime":"2026-10-03 00:22Z","daynight":"Night"}},{"type":"Feature","geometry":{"type":"Point","coordinates":[8.68477,31.11703]},"properties":{"source":"VIIRS (NOAA-20)","resolution_m":375,"frp":2.6,"intensity":"low","confidence":"n","acq_datetime":"2026-10-03 00:22Z","daynight":"Night"}},{"type":"Feature","geometry":{"type":"Point","coordinates":[8.6783,31.11735]},"properties":{"source":"VIIRS (NOAA-20)","resolution_m":375,"frp":2.6,"intensity":"low","confidence":"n","acq_datetime":"2026-10-03 00:22Z","daynight":"Night"}},{"type":"Feature","geometry":{"type":"Point","coordinates":[6.78054,31.18897]},"properties":{"source":"VIIRS (NOAA-20)","resolution_m":375,"frp":3.85,"intensity":"low","confidence":"n","acq_datetime":"2026-10-03 00:22Z","daynight":"Night"}},{"type":"Feature","geometry":{"type":"Point","coordinates":[6.78428,31.19092]},"properties":{"source":"VIIRS (NOAA-20)","resolution_m":375,"frp":4.91,"intensity":"low","confidence":"n","acq_datetime":"2026-10-03 00:22Z","daynight":"Night"}},{"type":"Feature","geometry":{"type":"Point","coordinates":[11.80197,31.32029]},"properties":{"source":"VIIRS (NOAA-20)","resolution_m":375,"frp":3.22,"intensity":"low","confidence":"n","acq_datetime":"2026-10-03 00:22Z","daynight":"Night"}},{"type":"Feature","geometry":{"type":"Point","coordinates":[6.93367,31.39335]},"properties":{"source":"VIIRS (NOAA-20)","resolution_m":375,"frp":3.86,"intensity":"low","confidence":"n","acq_datetime":"2026-10-03 00:22Z","daynight":"Night"}},{"type":"Feature","geometry":{"type":"Point","coordinates":[12.14377,31.39605]},"properties":{"source":"VIIRS (NOAA-20)","resolution_m":375,"frp":1.86,"intensity":"low","confidence":"n","acq_datetime":"2026-10-03 00:22Z","daynight":"Night"}},{"type":"Feature","geometry":{"type":"Point","coordinates":[6.92618,31.39808]},"properties":{"source":"VIIRS (NOAA-20)","resolution_m":375,"frp":4.58,"intensity":"low","confidence":"n","acq_datetime":"2026-10-03 00:22Z","daynight":"Night"}},{"type":"Feature","geometry":{"type":"Point","coordinates":[6.92587,31.40078]},"properties":{"source":"VIIRS (NOAA-20)","resolution_m":375,"frp":5.97,"intensity":"low","confidence":"n","acq_datetime":"2026-10-03 00:22Z","daynight":"Night"}},{"type":"Feature","geometry":{"type":"Point","coordinates":[12.14434,31.40145]},"properties":{"source":"VIIRS (NOAA-20)","resolution_m":375,"frp":0.66,"intensity":"low","confidence":"n","acq_datetime":"2026-10-03 00:22Z","daynight":"Night"}},{"type":"Feature","geometry":{"type":"Point","coordinates":[11.14053,31.95566]},"properties":{"source":"VIIRS (NOAA-20)","resolution_m":375,"frp":0.94,"intensity":"low","confidence":"n","acq_datetime":"2026-10-03 00:22Z","daynight":"Night"}},{"type":"Feature","geometry":{"type":"Point","coordinates":[19.9979,31.99621]},"properties":{"source":"VIIRS (NOAA-20)","resolution_m":375,"frp":0.49,"intensity":"low","confidence":"n","acq_datetime":"2026-10-03 00:22Z","daynight":"Night"}},{"type":"Feature","geometry":{"type":"Point","coordinates":[19.99328,31.99683]},"properties":{"source":"VIIRS (NOAA-20)","resolution_m":375,"frp":0.49,"intensity":"low","confidence":"n","acq_datetime":"2026-10-03 00:22Z","daynight":"Night"}},{"type":"Feature","geometry":{"type":"Point","coordinates":[20.13613,32.00624]},"properties":{"source":"VIIRS (NOAA-20)","resolution_m":375,"frp":0.81,"intensity":"low","confidence":"n","acq_datetime":"2026-10-03 00:22Z","daynight":"Night"}},{"type":"Feature","geometry":{"type":"Point","coordinates":[20.13157,32.00686]},"properties":{"source":"VIIRS (NOAA-20)","resolution_m":375,"frp":0.81,"intensity":"low","confidence":"n","acq_datetime":"2026-10-03 00:22Z","daynight":"Night"}},{"type":"Feature","geometry":{"type":"Point","coordinates":[20.10302,32.15556]},"properties":{"source":"VIIRS (NOAA-20)","resolution_m":375,"frp":0.67,"intensity":"low","confidence":"n","acq_datetime":"2026-10-03 00:22Z","daynight":"Night"}},{"type":"Feature","geometry":{"type":"Point","coordinates":[20.1305,32.20203]},"properties":{"source":"VIIRS (NOAA-20)","resolution_m":375,"frp":1.71,"intensity":"low","confidence":"n","acq_datetime":"2026-10-03 00:22Z","daynight":"Night"}},{"type":"Feature","geometry":{"type":"Point","coordinates":[7.01295,32.34037]},"properties":{"source":"VIIRS (NOAA-20)","resolution_m":375,"frp":0.68,"intensity":"low","confidence":"n","acq_datetime":"2026-10-03 00:22Z","daynight":"Night"}},{"type":"Feature","geometry":{"type":"Point","coordinates":[14.49702,32.3833]},"properties":{"source":"VIIRS (NOAA-20)","resolution_m":375,"frp":1.06,"intensity":"low","confidence":"n","acq_datetime":"2026-10-03 00:22Z","daynight":"Night"}},{"type":"Feature","geometry":{"type":"Point","coordinates":[14.32499,32.62554]},"properties":{"source":"VIIRS (NOAA-20)","resolution_m":375,"frp":3.72,"intensity":"low","confidence":"n","acq_datetime":"2026-10-03 00:22Z","daynight":"Night"}},{"type":"Feature","geometry":{"type":"Point","coordinates":[12.67186,32.7886]},"properties":{"source":"VIIRS (NOAA-20)","resolution_m":375,"frp":1.0,"intensity":"low","confidence":"n","acq_datetime":"2026-10-03 00:22Z","daynight":"Night"}},{"type":"Feature","geometry":{"type":"Point","coordinates":[12.67236,32.78992]},"properties":{"source":"VIIRS (NOAA-20)","resolution_m":375,"frp":1.18,"intensity":"low","confidence":"n","acq_datetime":"2026-10-03 00:22Z","daynight":"Night"}},{"type":"Feature","geometry":{"type":"Point","coordinates":[12.69567,32.79232]},"properties":{"source":"VIIRS (NOAA-20)","resolution_m":375,"frp":3.12,"intensity":"low","confidence":"n","acq_datetime":"2026-10-03 00:22Z","daynight":"Night"}},{"type":"Feature","geometry":{"type":"Point","coordinates":[12.69614,32.79348]},"properties":{"source":"VIIRS (NOAA-20)","resolution_m":375,"frp":3.85,"intensity":"low","confidence":"n","acq_datetime":"2026-10-03 00:22Z","daynight":"Night"}},{"type":"Feature","geometry":{"type":"Point","coordinates":[12.69226,32.79377]},"properties":{"source":"VIIRS (NOAA-20)","resolution_m":375,"frp":2.52,"intensity":"low","confidence":"n","acq_datetime":"2026-10-03 00:22Z","daynight":"Night"}},{"type":"Feature","geometry":{"type":"Point","coordinates":[12.77042,32.79779]},"properties":{"source":"VIIRS (NOAA-20)","resolution_m":375,"frp":2.96,"intensity":"low","confidence":"n","acq_datetime":"2026-10-03 00:22Z","daynight":"Night"}},{"type":"Feature","geometry":{"type":"Point","coordinates":[12.77072,32.79847]},"properties":{"source":"VIIRS (NOAA-20)","resolution_m":375,"frp":3.31,"intensity":"low","confidence":"n","acq_datetime":"2026-10-03 00:22Z","daynight":"Night"}},{"type":"Feature","geometry":{"type":"Point","coordinates":[12.96841,32.82058]},"properties":{"source":"VIIRS (NOAA-20)","resolution_m":375,"frp":0.8,"intensity":"low","confidence":"n","acq_datetime":"2026-10-03 00:22Z","daynight":"Night"}},{"type":"Feature","geometry":{"type":"Point","coordinates":[29.75311,9.23168]},"properties":{"source":"VIIRS (NOAA-20)","resolution_m":375,"frp":2.22,"intensity":"low","confidence":"n","acq_datetime":"2026-10-03 00:26Z","daynight":"Night"}},{"type":"Feature","geometry":{"type":"Point","coordinates":[29.74763,9.23276]},"properties":{"source":"VIIRS (NOAA-20)","resolution_m":375,"frp":2.22,"intensity":"low","confidence":"n","acq_datetime":"2026-10-03 00:26Z","daynight":"Night"}},{"type":"Feature","geometry":{"type":"Point","coordinates":[29.74891,9.23921]},"properties":{"source":"VIIRS (NOAA-20)","resolution_m":375,"frp":2.22,"intensity":"low","confidence":"n","acq_datetime":"2026-10-03 00:26Z","daynight":"Night"}},{"type":"Feature","geometry":{"type":"Point","coordinates":[12.55723,15.97189]},"properties":{"source":"VIIRS (NOAA-20)","resolution_m":375,"frp":0.2,"intensity":"low","confidence":"n","acq_datetime":"2026-10-03 00:26Z","daynight":"Night"}},{"type":"Feature","geometry":{"type":"Point","coordinates":[15.95,4.16616]},"properties":{"source":"VIIRS (NOAA-20)","resolution_m":375,"frp":0.63,"intensity":"low","confidence":"n","acq_datetime":"2026-10-03 00:28Z","daynight":"Night"}},{"type":"Feature","geometry":{"type":"Point","coordinates":[7.04437,4.55136]},"properties":{"source":"VIIRS (NOAA-20)","resolution_m":375,"frp":1.27,"intensity":"low","confidence":"n","acq_datetime":"2026-10-03 00:28Z","daynight":"Night"}},{"type":"Feature","geometry":{"type":"Point","coordinates":[7.04098,4.55186]},"properties":{"source":"VIIRS (NOAA-20)","resolution_m":375,"frp":1.14,"intensity":"low","confidence":"n","acq_datetime":"2026-10-03 00:28Z","daynight":"Night"}},{"type":"Feature","geometry":{"type":"Point","coordinates":[6.99988,4.55789]},"properties":{"source":"VIIRS (NOAA-20)","resolution_m":375,"frp":3.36,"intensity":"low","confidence":"n","acq_datetime":"2026-10-03 00:28Z","daynight":"Night"}},{"type":"Feature","geometry":{"type":"Point","coordinates":[6.0897,4.80341]},"properties":{"source":"VIIRS (NOAA-20)","resolution_m":375,"frp":0.89,"intensity":"low","confidence":"n","acq_datetime":"2026-10-03 00:28Z","daynight":"Night"}},{"type":"Feature","geometry":{"type":"Point","coordinates":[6.08567,4.804]},"properties":{"source":"VIIRS (NOAA-20)","resolution_m":375,"frp":0.89,"intensity":"low","confidence":"n","acq_datetime":"2026-10-03 00:28Z","daynight":"Night"}},{"type":"Feature","geometry":{"type":"Point","coordinates":[5.95931,4.81643]},"properties":{"source":"VIIRS (NOAA-20)","resolution_m":375,"frp":2.24,"intensity":"low","confidence":"n","acq_datetime":"2026-10-03 00:28Z","daynight":"Night"}},{"type":"Feature","geometry":{"type":"Point","coordinates":[7.0168,5.00758]},"properties":{"source":"VIIRS (NOAA-20)","resolution_m":375,"frp":2.57,"intensity":"low","confidence":"n","acq_datetime":"2026-10-03 00:28Z","daynight":"Night"}},{"type":"Feature","geometry":{"type":"Point","coordinates":[7.01777,5.01138]},"properties":{"source":"VIIRS (NOAA-20)","resolution_m":375,"frp":2.03,"intensity":"low","confidence":"n","acq_datetime":"2026-10-03 00:28Z","daynight":"Night"}},{"type":"Feature","geometry":{"type":"Point","coordinates":[6.29574,5.01846]},"properties":{"source":"VIIRS (NOAA-20)","resolution_m":375,"frp":2.65,"intensity":"low","confidence":"n","acq_datetime":"2026-10-03 00:28Z","daynight":"Night"}},{"type":"Feature","geometry":{"type":"Point","coordinates":[6.29646,5.02192]},"properties":{"source":"VIIRS (NOAA-20)","resolution_m":375,"frp":2.48,"intensity":"low","confidence":"n","acq_datetime":"2026-10-03 00:28Z","daynight":"Night"}},{"type":"Feature","geometry":{"type":"Point","coordinates":[6.76133,5.19527]},"properties":{"source":"VIIRS (NOAA-20)","resolution_m":375,"frp":0.98,"intensity":"low","confidence":"n","acq_datetime":"2026-10-03 00:28Z","daynight":"Night"}},{"type":"Feature","geometry":{"type":"Point","coordinates":[6.75767,5.19579]},"properties":{"source":"VIIRS (NOAA-20)","resolution_m":375,"frp":0.98,"intensity":"low","confidence":"n","acq_datetime":"2026-10-03 00:28Z","daynight":"Night"}},{"type":"Feature","geometry":{"type":"Point","coordinates":[6.1795,5.46054]},"properties":{"source":"VIIRS (NOAA-20)","resolution_m":375,"frp":1.87,"intensity":"low","confidence":"n","acq_datetime":"2026-10-03 00:28Z","daynight":"Night"}},{"type":"Feature","geometry":{"type":"Point","coordinates":[6.17544,5.46113]},"properties":{"source":"VIIRS (NOAA-20)","resolution_m":375,"frp":1.87,"intensity":"low","confidence":"n","acq_datetime":"2026-10-03 00:28Z","daynight":"Night"}},{"type":"Feature","geometry":{"type":"Point","coordinates":[6.17714,5.46159]},"properties":{"source":"VIIRS (NOAA-20)","resolution_m":375,"frp":4.04,"intensity":"low","confidence":"n","acq_datetime":"2026-10-03 00:28Z","daynight":"Night"}},{"type":"Feature","geometry":{"type":"Point","coordinates":[5.08626,5.53608]},"properties":{"source":"VIIRS (NOAA-20)","resolution_m":375,"frp":3.14,"intensity":"low","confidence":"n","acq_datetime":"2026-10-03 00:28Z","daynight":"Night"}},{"type":"Feature","geometry":{"type":"Point","coordinates":[5.092,5.5416]},"properties":{"source":"VIIRS (NOAA-20)","resolution_m":375,"frp":3.14,"intensity":"low","confidence":"n","acq_datetime":"2026-10-03 00:28Z","daynight":"Night"}},{"type":"Feature","geometry":{"type":"Point","coordinates":[5.08717,5.54227]},"properties":{"source":"VIIRS (NOAA-20)","resolution_m":375,"frp":3.14,"intensity":"low","confidence":"n","acq_datetime":"2026-10-03 00:28Z","daynight":"Night"}},{"type":"Feature","geometry":{"type":"Point","coordinates":[4.47899,5.71167]},"properties":{"source":"VIIRS (NOAA-20)","resolution_m":375,"frp":5.29,"intensity":"low","confidence":"n","acq_datetime":"2026-10-03 00:28Z","daynight":"Night"}},{"type":"Feature","geometry":{"type":"Point","coordinates":[4.47363,5.71243]},"properties":{"source":"VIIRS (NOAA-20)","resolution_m":375,"frp":5.64,"intensity":"low","confidence":"n","acq_datetime":"2026-10-03 00:28Z","daynight":"Night"}},{"type":"Feature","geometry":{"type":"Point","coordinates":[4.47904,5.71253]},"properties":{"source":"VIIRS (NOAA-20)","resolution_m":375,"frp":3.05,"intensity":"low","confidence":"n","acq_datetime":"2026-10-03 00:28Z","daynight":"Night"}},{"type":"Feature","geometry":{"type":"Point","coordinates":[4.47369,5.71326]},"properties":{"source":"VIIRS (NOAA-20)","resolution_m":375,"frp":3.05,"intensity":"low","confidence":"n","acq_datetime":"2026-10-03 00:28Z","daynight":"Night"}},{"type":"Feature","geometry":{"type":"Point","coordinates":[6.42076,5.71695]},"properties":{"source":"VIIRS (NOAA-20)","resolution_m":375,"frp":1.35,"intensity":"low","confidence":"n","acq_datetime":"2026-10-03 00:28Z","daynight":"Night"}},{"type":"Feature","geometry":{"type":"Point","coordinates":[6.41684,5.71751]},"properties":{"source":"VIIRS (NOAA-20)","resolution_m":375,"frp":1.36,"intensity":"low","confidence":"n","acq_datetime":"2026-10-03 00:28Z","daynight":"Night"}},{"type":"Feature","geometry":{"type":"Point","coordinates":[5.58125,5.89926]},"properties":{"source":"VIIRS (NOAA-20)","resolution_m":375,"frp":2.22,"intensity":"low","confidence":"n","acq_datetime":"2026-10-03 00:28Z","daynight":"Night"}},{"type":"Feature","geometry":{"type":"Point","coordinates":[5.5807,6.06137]},"properties":{"source":"VIIRS (NOAA-20)","resolution_m":375,"frp":1.77,"intensity":"low","confidence":"n","acq_datetime":"2026-10-03 00:28Z","daynight":"Night"}},{"type":"Feature","geometry":{"type":"Point","coordinates":[5.58488,6.06215]},"properties":{"source":"VIIRS (NOAA-20)","resolution_m":375,"frp":3.14,"intensity":"low","confidence":"n","acq_datetime":"2026-10-03 00:28Z","daynight":"Night"}},{"type":"Feature","geometry":{"type":"Point","coordinates":[5.58036,6.06276]},"properties":{"source":"VIIRS (NOAA-20)","resolution_m":375,"frp":3.07,"intensity":"low","confidence":"n","acq_datetime":"2026-10-03 00:28Z","daynight":"Night"}},{"type":"Feature","geometry":{"type":"Point","coordinates":[5.58606,6.06679]},"properties":{"source":"VIIRS (NOAA-20)","resolution_m":375,"frp":1.77,"intensity":"low","confidence":"n","acq_datetime":"2026-10-03 00:28Z","daynight":"Night"}},{"type":"Feature","geometry":{"type":"Point","coordinates":[5.58157,6.06742]},"properties":{"source":"VIIRS (NOAA-20)","resolution_m":375,"frp":1.77,"intensity":"low","confidence":"n","acq_datetime":"2026-10-03 00:28Z","daynight":"Night"}},{"type":"Feature","geometry":{"type":"Point","coordinates":[7.36347,9.46629]},"properties":{"source":"VIIRS (NOAA-20)","resolution_m":375,"frp":0.83,"intensity":"low","confidence":"n","acq_datetime":"2026-10-03 00:28Z","daynight":"Night"}},{"type":"Feature","geometry":{"type":"Point","coordinates":[16.73195,10.28161]},"properties":{"source":"VIIRS (NOAA-20)","resolution_m":375,"frp":0.49,"intensity":"low","confidence":"n","acq_datetime":"2026-10-03 00:28Z","daynight":"Night"}},{"type":"Feature","geometry":{"type":"Point","coordinates":[15.77208,-2.08804]},"properties":{"source":"VIIRS (NOAA-20)","resolution_m":375,"frp":0.89,"intensity":"low","confidence":"n","acq_datetime":"2026-10-03 00:30Z","daynight":"Night"}},{"type":"Feature","geometry":{"type":"Point","coordinates":[15.7726,-2.08471]},"properties":{"source":"VIIRS (NOAA-20)","resolution_m":375,"frp":0.89,"intensity":"low","confidence":"n","acq_datetime":"2026-10-03 00:30Z","daynight":"Night"}},{"type":"Feature","geometry":{"type":"Point","coordinates":[16.19299,-1.58805]},"properties":{"source":"VIIRS (NOAA-20)","resolution_m":375,"frp":1.1,"intensity":"low","confidence":"n","acq_datetime":"2026-10-03 00:30Z","daynight":"Night"}},{"type":"Feature","geometry":{"type":"Point","coordinates":[12.65914,-0.86393]},"properties":{"source":"VIIRS (NOAA-20)","resolution_m":375,"frp":0.58,"intensity":"low","confidence":"n","acq_datetime":"2026-10-03 00:30Z","daynight":"Night"}},{"type":"Feature","geometry":{"type":"Point","coordinates":[11.91675,-0.77541]},"properties":{"source":"VIIRS (NOAA-20)","resolution_m":375,"frp":4.58,"intensity":"low","confidence":"n","acq_datetime":"2026-10-03 00:30Z","daynight":"Night"}},{"type":"Feature","geometry":{"type":"Point","coordinates":[11.85104,-0.37237]},"properties":{"source":"VIIRS (NOAA-20)","resolution_m":375,"frp":0.83,"intensity":"low","confidence":"n","acq_datetime":"2026-10-03 00:30Z","daynight":"Night"}},{"type":"Feature","geometry":{"type":"Point","coordinates":[16.04567,-0.06237]},"properties":{"source":"VIIRS (NOAA-20)","resolution_m":375,"frp":0.47,"intensity":"low","confidence":"n","acq_datetime":"2026-10-03 00:30Z","daynight":"Night"}},{"type":"Feature","geometry":{"type":"Point","coordinates":[16.06259,2.62929]},"properties":{"source":"VIIRS (NOAA-20)","resolution_m":375,"frp":1.24,"intensity":"low","confidence":"n","acq_datetime":"2026-10-03 00:30Z","daynight":"Night"}},{"type":"Feature","geometry":{"type":"Point","coordinates":[18.02136,2.80507]},"properties":{"source":"VIIRS (NOAA-20)","resolution_m":375,"frp":0.67,"intensity":"low","confidence":"n","acq_datetime":"2026-10-03 00:30Z","daynight":"Night"}},{"type":"Feature","geometry":{"type":"Point","coordinates":[5.55639,3.46976]},"properties":{"source":"VIIRS (NOAA-20)","resolution_m":375,"frp":7.8,"intensity":"low","confidence":"h","acq_datetime":"2026-10-03 00:30Z","daynight":"Night"}},{"type":"Feature","geometry":{"type":"Point","coordinates":[7.13661,4.41416]},"properties":{"source":"VIIRS (NOAA-20)","resolution_m":375,"frp":3.57,"intensity":"low","confidence":"n","acq_datetime":"2026-10-03 00:30Z","daynight":"Night"}},{"type":"Feature","geometry":{"type":"Point","coordinates":[7.15831,4.42188]},"properties":{"source":"VIIRS (NOAA-20)","resolution_m":375,"frp":1.62,"intensity":"low","confidence":"n","acq_datetime":"2026-10-03 00:30Z","daynight":"Night"}},{"type":"Feature","geometry":{"type":"Point","coordinates":[6.70962,4.56107]},"properties":{"source":"VIIRS (NOAA-20)","resolution_m":375,"frp":1.16,"intensity":"low","confidence":"n","acq_datetime":"2026-10-03 00:30Z","daynight":"Night"}},{"type":"Feature","geometry":{"type":"Point","coordinates":[6.70606,4.56158]},"properties":{"source":"VIIRS (NOAA-20)","resolution_m":375,"frp":0.86,"intensity":"low","confidence":"n","acq_datetime":"2026-10-03 00:30Z","daynight":"Night"}},{"type":"Feature","geometry":{"type":"Point","coordinates":[6.07446,4.66371]},"properties":{"source":"VIIRS (NOAA-20)","resolution_m":375,"frp":5.37,"intensity":"low","confidence":"n","acq_datetime":"2026-10-03 00:30Z","daynight":"Night"}},{"type":"Feature","geometry":{"type":"Point","coordinates":[26.39359,-12.07716]},"properties":{"source":"VIIRS (NOAA-20)","resolution_m":375,"frp":5.71,"intensity":"low","confidence":"n","acq_datetime":"2026-10-03 00:33Z","daynight":"Night"}},{"type":"Feature","geometry":{"type":"Point","coordinates":[21.63558,-11.07864]},"properties":{"source":"VIIRS (NOAA-20)","resolution_m":375,"frp":0.39,"intensity":"low","confidence":"n","acq_datetime":"2026-10-03 00:33Z","daynight":"Night"}},{"type":"Feature","geometry":{"type":"Point","coordinates":[25.58179,-10.78477]},"properties":{"source":"VIIRS (NOAA-20)","resolution_m":375,"frp":2.58,"intensity":"low","confidence":"n","acq_datetime":"2026-10-03 00:33Z","daynight":"Night"}},{"type":"Feature","geometry":{"type":"Point","coordinates":[25.58608,-10.78216]},"properties":{"source":"VIIRS (NOAA-20)","resolution_m":375,"frp":1.36,"intensity":"low","confidence":"n","acq_datetime":"2026-10-03 00:33Z","daynight":"Night"}},{"type":"Feature","geometry":{"type":"Point","coordinates":[14.63803,-10.6343]},"properties":{"source":"VIIRS (NOAA-20)","resolution_m":375,"frp":0.64,"intensity":"low","confidence":"n","acq_datetime":"2026-10-03 00:33Z","daynight":"Night"}},{"type":"Feature","geometry":{"type":"Point","coordinates":[14.38716,-9.21892]},"properties":{"source":"VIIRS (NOAA-20)","resolution_m":375,"frp":0.58,"intensity":"low","confidence":"n","acq_datetime":"2026-10-03 00:33Z","daynight":"Night"}},{"type":"Feature","geometry":{"type":"Point","coordinates":[14.50528,-9.21662]},"properties":{"source":"VIIRS (NOAA-20)","resolution_m":375,"frp":0.77,"intensity":"low","confidence":"n","acq_datetime":"2026-10-03 00:33Z","daynight":"Night"}},{"type":"Feature","geometry":{"type":"Point","coordinates":[16.31598,-8.99124]},"properties":{"source":"VIIRS (NOAA-20)","resolution_m":375,"frp":0.56,"intensity":"low","confidence":"n","acq_datetime":"2026-10-03 00:33Z","daynight":"Night"}},{"type":"Feature","geometry":{"type":"Point","coordinates":[14.55199,-8.91197]},"properties":{"source":"VIIRS (NOAA-20)","resolution_m":375,"frp":0.65,"intensity":"low","confidence":"n","acq_datetime":"2026-10-03 00:33Z","daynight":"Night"}},{"type":"Feature","geometry":{"type":"Point","coordinates":[14.48227,-8.86331]},"properties":{"source":"VIIRS (NOAA-20)","resolution_m":375,"frp":0.97,"intensity":"low","confidence":"n","acq_datetime":"2026-10-03 00:33Z","daynight":"Night"}},{"type":"Feature","geometry":{"type":"Point","coordinates":[17.53212,-8.33155]},"properties":{"source":"VIIRS (NOAA-20)","resolution_m":375,"frp":2.32,"intensity":"low","confidence":"n","acq_datetime":"2026-10-03 00:33Z","daynight":"Night"}},{"type":"Feature","geometry":{"type":"Point","coordinates":[14.10157,-7.77893]},"properties":{"source":"VIIRS (NOAA-20)","resolution_m":375,"frp":0.58,"intensity":"low","confidence":"n","acq_datetime":"2026-10-03 00:33Z","daynight":"Night"}},{"type":"Feature","geometry":{"type":"Point","coordinates":[14.08816,-7.70543]},"properties":{"source":"VIIRS (NOAA-20)","resolution_m":375,"frp":0.52,"intensity":"low","confidence":"n","acq_datetime":"2026-10-03 00:33Z","daynight":"Night"}},{"type":"Feature","geometry":{"type":"Point","coordinates":[11.68121,-7.64965]},"properties":{"source":"VIIRS (NOAA-20)","resolution_m":375,"frp":3.2,"intensity":"low","confidence":"n","acq_datetime":"2026-10-03 00:33Z","daynight":"Night"}},{"type":"Feature","geometry":{"type":"Point","coordinates":[13.80307,-7.59595]},"properties":{"source":"VIIRS (NOAA-20)","resolution_m":375,"frp":1.3,"intensity":"low","confidence":"n","acq_datetime":"2026-10-03 00:33Z","daynight":"Night"}},{"type":"Feature","geometry":{"type":"Point","coordinates":[13.35238,-7.21211]},"properties":{"source":"VIIRS (NOAA-20)","resolution_m":375,"frp":0.73,"intensity":"low","confidence":"n","acq_datetime":"2026-10-03 00:33Z","daynight":"Night"}},{"type":"Feature","geometry":{"type":"Point","coordinates":[13.34892,-7.21156]},"properties":{"source":"VIIRS (NOAA-20)","resolution_m":375,"frp":0.85,"intensity":"low","confidence":"n","acq_datetime":"2026-10-03 00:33Z","daynight":"Night"}},{"type":"Feature","geometry":{"type":"Point","coordinates":[12.34642,-7.12927]},"properties":{"source":"VIIRS (NOAA-20)","resolution_m":375,"frp":1.03,"intensity":"low","confidence":"n","acq_datetime":"2026-10-03 00:33Z","daynight":"Night"}},{"type":"Feature","geometry":{"type":"Point","coordinates":[12.34284,-7.1287]},"properties":{"source":"VIIRS (NOAA-20)","resolution_m":375,"frp":1.03,"intensity":"low","confidence":"n","acq_datetime":"2026-10-03 00:33Z","daynight":"Night"}},{"type":"Feature","geometry":{"type":"Point","coordinates":[12.41153,-7.06553]},"properties":{"source":"VIIRS (NOAA-20)","resolution_m":375,"frp":1.12,"intensity":"low","confidence":"n","acq_datetime":"2026-10-03 00:33Z","daynight":"Night"}},{"type":"Feature","geometry":{"type":"Point","coordinates":[12.40796,-7.06495]},"properties":{"source":"VIIRS (NOAA-20)","resolution_m":375,"frp":1.01,"intensity":"low","confidence":"n","acq_datetime":"2026-10-03 00:33Z","daynight":"Night"}},{"type":"Feature","geometry":{"type":"Point","coordinates":[12.39343,-6.86072]},"properties":{"source":"VIIRS (NOAA-20)","resolution_m":375,"frp":1.93,"intensity":"low","confidence":"n","acq_datetime":"2026-10-03 00:33Z","daynight":"Night"}},{"type":"Feature","geometry":{"type":"Point","coordinates":[12.38985,-6.86014]},"properties":{"source":"VIIRS (NOAA-20)","resolution_m":375,"frp":1.48,"intensity":"low","confidence":"n","acq_datetime":"2026-10-03 00:33Z","daynight":"Night"}},{"type":"Feature","geometry":{"type":"Point","coordinates":[12.38989,-6.85842]},"properties":{"source":"VIIRS (NOAA-20)","resolution_m":375,"frp":3.58,"intensity":"low","confidence":"n","acq_datetime":"2026-10-03 00:33Z","daynight":"Night"}},{"type":"Feature","geometry":{"type":"Point","coordinates":[12.3863,-6.85784]},"properties":{"source":"VIIRS (NOAA-20)","resolution_m":375,"frp":3.58,"intensity":"low","confidence":"n","acq_datetime":"2026-10-03 00:33Z","daynight":"Night"}},{"type":"Feature","geometry":{"type":"Point","coordinates":[12.39043,-6.85506]},"properties":{"source":"VIIRS (NOAA-20)","resolution_m":375,"frp":3.58,"intensity":"low","confidence":"n","acq_datetime":"2026-10-03 00:33Z","daynight":"Night"}},{"type":"Feature","geometry":{"type":"Point","coordinates":[12.38685,-6.85448]},"properties":{"source":"VIIRS (NOAA-20)","resolution_m":375,"frp":3.58,"intensity":"low","confidence":"n","acq_datetime":"2026-10-03 00:33Z","daynight":"Night"}},{"type":"Feature","geometry":{"type":"Point","coordinates":[13.16713,-6.81222]},"properties":{"source":"VIIRS (NOAA-20)","resolution_m":375,"frp":1.09,"intensity":"low","confidence":"n","acq_datetime":"2026-10-03 00:33Z","daynight":"Night"}},{"type":"Feature","geometry":{"type":"Point","coordinates":[13.16766,-6.8089]},"properties":{"source":"VIIRS (NOAA-20)","resolution_m":375,"frp":1.09,"intensity":"low","confidence":"n","acq_datetime":"2026-10-03 00:33Z","daynight":"Night"}},{"type":"Feature","geometry":{"type":"Point","coordinates":[14.3396,-6.72286]},"properties":{"source":"VIIRS (NOAA-20)","resolution_m":375,"frp":0.65,"intensity":"low","confidence":"n","acq_datetime":"2026-10-03 00:33Z","daynight":"Night"}},{"type":"Feature","geometry":{"type":"Point","coordinates":[14.34012,-6.71954]},"properties":{"source":"VIIRS (NOAA-20)","resolution_m":375,"frp":1.2,"intensity":"low","confidence":"n","acq_datetime":"2026-10-03 00:33Z","daynight":"Night"}},{"type":"Feature","geometry":{"type":"Point","coordinates":[14.33664,-6.719]},"properties":{"source":"VIIRS (NOAA-20)","resolution_m":375,"frp":0.87,"intensity":"low","confidence":"n","acq_datetime":"2026-10-03 00:33Z","daynight":"Night"}},{"type":"Feature","geometry":{"type":"Point","coordinates":[14.34065,-6.71623]},"properties":{"source":"VIIRS (NOAA-20)","resolution_m":375,"frp":1.2,"intensity":"low","confidence":"n","acq_datetime":"2026-10-03 00:33Z","daynight":"Night"}},{"type":"Feature","geometry":{"type":"Point","coordinates":[14.33717,-6.71568]},"properties":{"source":"VIIRS (NOAA-20)","resolution_m":375,"frp":0.87,"intensity":"low","confidence":"n","acq_datetime":"2026-10-03 00:33Z","daynight":"Night"}},{"type":"Feature","geometry":{"type":"Point","coordinates":[11.05072,-6.31762]},"properties":{"source":"VIIRS (NOAA-20)","resolution_m":375,"frp":1.67,"intensity":"low","confidence":"n","acq_datetime":"2026-10-03 00:33Z","daynight":"Night"}},{"type":"Feature","geometry":{"type":"Point","coordinates":[11.05145,-6.31743]},"properties":{"source":"VIIRS (NOAA-20)","resolution_m":375,"frp":1.91,"intensity":"low","confidence":"n","acq_datetime":"2026-10-03 00:33Z","daynight":"Night"}},{"type":"Feature","geometry":{"type":"Point","coordinates":[12.39413,-6.2117]},"properties":{"source":"VIIRS (NOAA-20)","resolution_m":375,"frp":0.61,"intensity":"low","confidence":"n","acq_datetime":"2026-10-03 00:33Z","daynight":"Night"}},{"type":"Feature","geometry":{"type":"Point","coordinates":[11.27086,-6.16154]},"properties":{"source":"VIIRS (NOAA-20)","resolution_m":375,"frp":0.99,"intensity":"low","confidence":"n","acq_datetime":"2026-10-03 00:33Z","daynight":"Night"}},{"type":"Feature","geometry":{"type":"Point","coordinates":[11.26693,-6.16089]},"properties":{"source":"VIIRS (NOAA-20)","resolution_m":375,"frp":0.92,"intensity":"low","confidence":"n","acq_datetime":"2026-10-03 00:33Z","daynight":"Night"}},{"type":"Feature","geometry":{"type":"Point","coordinates":[11.35762,-6.07057]},"properties":{"source":"VIIRS (NOAA-20)","resolution_m":375,"frp":0.89,"intensity":"low","confidence":"n","acq_datetime":"2026-10-03 00:33Z","daynight":"Night"}},{"type":"Feature","geometry":{"type":"Point","coordinates":[11.80731,-5.66069]},"properties":{"source":"VIIRS (NOAA-20)","resolution_m":375,"frp":0.74,"intensity":"low","confidence":"n","acq_datetime":"2026-10-03 00:33Z","daynight":"Night"}},{"type":"Feature","geometry":{"type":"Point","coordinates":[11.84815,-5.25237]},"properties":{"source":"VIIRS (NOAA-20)","resolution_m":375,"frp":1.4,"intensity":"low","confidence":"n","acq_datetime":"2026-10-03 00:33Z","daynight":"Night"}},{"type":"Feature","geometry":{"type":"Point","coordinates":[11.6423,-5.23647]},"properties":{"source":"VIIRS (NOAA-20)","resolution_m":375,"frp":0.61,"intensity":"low","confidence":"n","acq_datetime":"2026-10-03 00:33Z","daynight":"Night"}},{"type":"Feature","geometry":{"type":"Point","coordinates":[11.69867,-5.20139]},"properties":{"source":"VIIRS (NOAA-20)","resolution_m":375,"frp":1.62,"intensity":"low","confidence":"n","acq_datetime":"2026-10-03 00:33Z","daynight":"Night"}},{"type":"Feature","geometry":{"type":"Point","coordinates":[11.65106,-5.02761]},"properties":{"source":"VIIRS (NOAA-20)","resolution_m":375,"frp":1.21,"intensity":"low","confidence":"n","acq_datetime":"2026-10-03 00:33Z","daynight":"Night"}},{"type":"Feature","geometry":{"type":"Point","coordinates":[13.27458,-4.79773]},"properties":{"source":"VIIRS (NOAA-20)","resolution_m":375,"frp":0.61,"intensity":"low","confidence":"n","acq_datetime":"2026-10-03 00:33Z","daynight":"Night"}},{"type":"Feature","geometry":{"type":"Point","coordinates":[14.53755,-4.67862]},"properties":{"source":"VIIRS (NOAA-20)","resolution_m":375,"frp":0.71,"intensity":"low","confidence":"n","acq_datetime":"2026-10-03 00:33Z","daynight":"Night"}},{"type":"Feature","geometry":{"type":"Point","coordinates":[13.2085,-4.59969]},"properties":{"source":"VIIRS (NOAA-20)","resolution_m":375,"frp":0.76,"intensity":"low","confidence":"n","acq_datetime":"2026-10-03 00:33Z","daynight":"Night"}},{"type":"Feature","geometry":{"type":"Point","coordinates":[11.52139,-4.53181]},"properties":{"source":"VIIRS (NOAA-20)","resolution_m":375,"frp":10.19,"intensity":"moderate","confidence":"n","acq_datetime":"2026-10-03 00:33Z","daynight":"Night"}},{"type":"Feature","geometry":{"type":"Point","coordinates":[11.41701,-4.51875]},"properties":{"source":"VIIRS (NOAA-20)","resolution_m":375,"frp":1.83,"intensity":"low","confidence":"n","acq_datetime":"2026-10-03 00:33Z","daynight":"Night"}},{"type":"Feature","geometry":{"type":"Point","coordinates":[11.52368,-4.51768]},"properties":{"source":"VIIRS (NOAA-20)","resolution_m":375,"frp":0.85,"intensity":"low","confidence":"n","acq_datetime":"2026-10-03 00:33Z","daynight":"Night"}},{"type":"Feature","geometry":{"type":"Point","coordinates":[13.09042,-4.2488]},"properties":{"source":"VIIRS (NOAA-20)","resolution_m":375,"frp":0.9,"intensity":"low","confidence":"n","acq_datetime":"2026-10-03 00:33Z","daynight":"Night"}},{"type":"Feature","geometry":{"type":"Point","coordinates":[22.02705,-4.16073]},"properties":{"source":"VIIRS (NOAA-20)","resolution_m":375,"frp":4.6,"intensity":"low","confidence":"n","acq_datetime":"2026-10-03 00:33Z","daynight":"Night"}},{"type":"Feature","geometry":{"type":"Point","coordinates":[13.03842,-4.14072]},"properties":{"source":"VIIRS (NOAA-20)","resolution_m":375,"frp":2.4,"intensity":"low","confidence":"n","acq_datetime":"2026-10-03 00:33Z","daynight":"Night"}},{"type":"Feature","geometry":{"type":"Point","coordinates":[13.4803,-4.08641]},"properties":{"source":"VIIRS (NOAA-20)","resolution_m":375,"frp":0.68,"intensity":"low","confidence":"n","acq_datetime":"2026-10-03 00:33Z","daynight":"Night"}},{"type":"Feature","geometry":{"type":"Point","coordinates":[13.44202,-4.01203]},"properties":{"source":"VIIRS (NOAA-20)","resolution_m":375,"frp":0.52,"intensity":"low","confidence":"n","acq_datetime":"2026-10-03 00:33Z","daynight":"Night"}},{"type":"Feature","geometry":{"type":"Point","coordinates":[13.49096,-3.95217]},"properties":{"source":"VIIRS (NOAA-20)","resolution_m":375,"frp":0.99,"intensity":"low","confidence":"n","acq_datetime":"2026-10-03 00:33Z","daynight":"Night"}},{"type":"Feature","geometry":{"type":"Point","coordinates":[10.9247,-3.92679]},"properties":{"source":"VIIRS (NOAA-20)","resolution_m":375,"frp":1.2,"intensity":"low","confidence":"n","acq_datetime":"2026-10-03 00:33Z","daynight":"Night"}},{"type":"Feature","geometry":{"type":"Point","coordinates":[12.06542,-3.90269]},"properties":{"source":"VIIRS (NOAA-20)","resolution_m":375,"frp":0.74,"intensity":"low","confidence":"n","acq_datetime":"2026-10-03 00:33Z","daynight":"Night"}},{"type":"Feature","geometry":{"type":"Point","coordinates":[12.0616,-3.90207]},"properties":{"source":"VIIRS (NOAA-20)","resolution_m":375,"frp":1.9,"intensity":"low","confidence":"n","acq_datetime":"2026-10-03 00:33Z","daynight":"Night"}},{"type":"Feature","geometry":{"type":"Point","coordinates":[13.14528,-3.90055]},"properties":{"source":"VIIRS (NOAA-20)","resolution_m":375,"frp":0.46,"intensity":"low","confidence":"n","acq_datetime":"2026-10-03 00:33Z","daynight":"Night"}},{"type":"Feature","geometry":{"type":"Point","coordinates":[12.06593,-3.89921]},"properties":{"source":"VIIRS (NOAA-20)","resolution_m":375,"frp":0.74,"intensity":"low","confidence":"n","acq_datetime":"2026-10-03 00:33Z","daynight":"Night"}},{"type":"Feature","geometry":{"type":"Point","coordinates":[12.06209,-3.89859]},"properties":{"source":"VIIRS (NOAA-20)","resolution_m":375,"frp":1.9,"intensity":"low","confidence":"n","acq_datetime":"2026-10-03 00:33Z","daynight":"Night"}},{"type":"Feature","geometry":{"type":"Point","coordinates":[12.06643,-3.89573]},"properties":{"source":"VIIRS (NOAA-20)","resolution_m":375,"frp":1.65,"intensity":"low","confidence":"n","acq_datetime":"2026-10-03 00:33Z","daynight":"Night"}},{"type":"Feature","geometry":{"type":"Point","coordinates":[12.0626,-3.89511]},"properties":{"source":"VIIRS (NOAA-20)","resolution_m":375,"frp":2.9,"intensity":"low","confidence":"n","acq_datetime":"2026-10-03 00:33Z","daynight":"Night"}},{"type":"Feature","geometry":{"type":"Point","coordinates":[13.49287,-3.89445]},"properties":{"source":"VIIRS (NOAA-20)","resolution_m":375,"frp":0.83,"intensity":"low","confidence":"n","acq_datetime":"2026-10-03 00:33Z","daynight":"Night"}},{"type":"Feature","geometry":{"type":"Point","coordinates":[10.94755,-3.85939]},"properties":{"source":"VIIRS (NOAA-20)","resolution_m":375,"frp":2.03,"intensity":"low","confidence":"n","acq_datetime":"2026-10-03 00:33Z","daynight":"Night"}},{"type":"Feature","geometry":{"type":"Point","coordinates":[13.16851,-3.84583]},"properties":{"source":"VIIRS (NOAA-20)","resolution_m":375,"frp":0.48,"intensity":"low","confidence":"n","acq_datetime":"2026-10-03 00:33Z","daynight":"Night"}},{"type":"Feature","geometry":{"type":"Point","coordinates":[13.42644,-3.83994]},"properties":{"source":"VIIRS (NOAA-20)","resolution_m":375,"frp":0.57,"intensity":"low","confidence":"n","acq_datetime":"2026-10-03 00:33Z","daynight":"Night"}},{"type":"Feature","geometry":{"type":"Point","coordinates":[13.29797,-3.71773]},"properties":{"source":"VIIRS (NOAA-20)","resolution_m":375,"frp":0.85,"intensity":"low","confidence":"n","acq_datetime":"2026-10-03 00:33Z","daynight":"Night"}},{"type":"Feature","geometry":{"type":"Point","coordinates":[11.52713,-3.50381]},"properties":{"source":"VIIRS (NOAA-20)","resolution_m":375,"frp":1.5,"intensity":"low","confidence":"n","acq_datetime":"2026-10-03 00:33Z","daynight":"Night"}},{"type":"Feature","geometry":{"type":"Point","coordinates":[11.52323,-3.50318]},"properties":{"source":"VIIRS (NOAA-20)","resolution_m":375,"frp":1.5,"intensity":"low","confidence":"n","acq_datetime":"2026-10-03 00:33Z","daynight":"Night"}},{"type":"Feature","geometry":{"type":"Point","coordinates":[12.52597,-3.29668]},"properties":{"source":"VIIRS (NOAA-20)","resolution_m":375,"frp":1.21,"intensity":"low","confidence":"n","acq_datetime":"2026-10-03 00:33Z","daynight":"Night"}},{"type":"Feature","geometry":{"type":"Point","coordinates":[12.52227,-3.29608]},"properties":{"source":"VIIRS (NOAA-20)","resolution_m":375,"frp":1.21,"intensity":"low","confidence":"n","acq_datetime":"2026-10-03 00:33Z","daynight":"Night"}},{"type":"Feature","geometry":{"type":"Point","coordinates":[12.52635,-3.29346]},"properties":{"source":"VIIRS (NOAA-20)","resolution_m":375,"frp":1.33,"intensity":"low","confidence":"n","acq_datetime":"2026-10-03 00:33Z","daynight":"Night"}},{"type":"Feature","geometry":{"type":"Point","coordinates":[12.52655,-3.29325]},"properties":{"source":"VIIRS (NOAA-20)","resolution_m":375,"frp":1.21,"intensity":"low","confidence":"n","acq_datetime":"2026-10-03 00:33Z","daynight":"Night"}},{"type":"Feature","geometry":{"type":"Point","coordinates":[12.52263,-3.29287]},"properties":{"source":"VIIRS (NOAA-20)","resolution_m":375,"frp":1.33,"intensity":"low","confidence":"n","acq_datetime":"2026-10-03 00:33Z","daynight":"Night"}},{"type":"Feature","geometry":{"type":"Point","coordinates":[12.52283,-3.29265]},"properties":{"source":"VIIRS (NOAA-20)","resolution_m":375,"frp":1.21,"intensity":"low","confidence":"n","acq_datetime":"2026-10-03 00:33Z","daynight":"Night"}},{"type":"Feature","geometry":{"type":"Point","coordinates":[12.57537,-3.27313]},"properties":{"source":"VIIRS (NOAA-20)","resolution_m":375,"frp":1.15,"intensity":"low","confidence":"n","acq_datetime":"2026-10-03 00:33Z","daynight":"Night"}},{"type":"Feature","geometry":{"type":"Point","coordinates":[22.13187,-17.25497]},"properties":{"source":"VIIRS (NOAA-20)","resolution_m":375,"frp":0.28,"intensity":"low","confidence":"n","acq_datetime":"2026-10-03 00:35Z","daynight":"Night"}},{"type":"Feature","geometry":{"type":"Point","coordinates":[13.76274,-14.53244]},"properties":{"source":"VIIRS (NOAA-20)","resolution_m":375,"frp":1.07,"intensity":"low","confidence":"n","acq_datetime":"2026-10-03 00:35Z","daynight":"Night"}},{"type":"Feature","geometry":{"type":"Point","coordinates":[25.13326,-14.488]},"properties":{"source":"VIIRS (NOAA-20)","resolution_m":375,"frp":2.01,"intensity":"low","confidence":"n","acq_datetime":"2026-10-03 00:35Z","daynight":"Night"}},{"type":"Feature","geometry":{"type":"Point","coordinates":[25.13511,-14.48624]},"properties":{"source":"VIIRS (NOAA-20)","resolution_m":375,"frp":1.29,"intensity":"low","confidence":"n","acq_datetime":"2026-10-03 00:35Z","daynight":"Night"}},{"type":"Feature","geometry":{"type":"Point","coordinates":[25.37088,-14.09835]},"properties":{"source":"VIIRS (NOAA-20)","resolution_m":375,"frp":1.51,"intensity":"low","confidence":"n","acq_datetime":"2026-10-03 00:35Z","daynight":"Night"}},{"type":"Feature","geometry":{"type":"Point","coordinates":[25.35042,-14.09721]},"properties":{"source":"VIIRS (NOAA-20)","resolution_m":375,"frp":1.13,"intensity":"low","confidence":"n","acq_datetime":"2026-10-03 00:35Z","daynight":"Night"}},{"type":"Feature","geometry":{"type":"Point","coordinates":[25.35192,-14.09633]},"properties":{"source":"VIIRS (NOAA-20)","resolution_m":375,"frp":1.28,"intensity":"low","confidence":"n","acq_datetime":"2026-10-03 00:35Z","daynight":"Night"}},{"type":"Feature","geometry":{"type":"Point","coordinates":[13.69769,-14.06096]},"properties":{"source":"VIIRS (NOAA-20)","resolution_m":375,"frp":0.86,"intensity":"low","confidence":"n","acq_datetime":"2026-10-03 00:35Z","daynight":"Night"}},{"type":"Feature","geometry":{"type":"Point","coordinates":[25.54956,-13.60015]},"properties":{"source":"VIIRS (NOAA-20)","resolution_m":375,"frp":0.93,"intensity":"low","confidence":"n","acq_datetime":"2026-10-03 00:35Z","daynight":"Night"}},{"type":"Feature","geometry":{"type":"Point","coordinates":[25.54947,-13.60013]},"properties":{"source":"VIIRS (NOAA-20)","resolution_m":375,"frp":1.17,"intensity":"low","confidence":"n","acq_datetime":"2026-10-03 00:35Z","daynight":"Night"}},{"type":"Feature","geometry":{"type":"Point","coordinates":[23.55149,-13.59289]},"properties":{"source":"VIIRS (NOAA-20)","resolution_m":375,"frp":0.81,"intensity":"low","confidence":"n","acq_datetime":"2026-10-03 00:35Z","daynight":"Night"}},{"type":"Feature","geometry":{"type":"Point","coordinates":[23.54724,-13.59257]},"properties":{"source":"VIIRS (NOAA-20)","resolution_m":375,"frp":0.74,"intensity":"low","confidence":"n","acq_datetime":"2026-10-03 00:35Z","daynight":"Night"}},{"type":"Feature","geometry":{"type":"Point","coordinates":[23.54675,-13.59234]},"properties":{"source":"VIIRS (NOAA-20)","resolution_m":375,"frp":0.81,"intensity":"low","confidence":"n","acq_datetime":"2026-10-03 00:35Z","daynight":"Night"}},{"type":"Feature","geometry":{"type":"Point","coordinates":[23.49851,-13.55583]},"properties":{"source":"VIIRS (NOAA-20)","resolution_m":375,"frp":0.65,"intensity":"low","confidence":"n","acq_datetime":"2026-10-03 00:35Z","daynight":"Night"}},{"type":"Feature","geometry":{"type":"Point","coordinates":[23.6096,-13.54986]},"properties":{"source":"VIIRS (NOAA-20)","resolution_m":375,"frp":1.41,"intensity":"low","confidence":"n","acq_datetime":"2026-10-03 00:35Z","daynight":"Night"}},{"type":"Feature","geometry":{"type":"Point","coordinates":[23.60485,-13.54933]},"properties":{"source":"VIIRS (NOAA-20)","resolution_m":375,"frp":1.65,"intensity":"low","confidence":"n","acq_datetime":"2026-10-03 00:35Z","daynight":"Night"}},{"type":"Feature","geometry":{"type":"Point","coordinates":[23.52485,-13.5341]},"properties":{"source":"VIIRS (NOAA-20)","resolution_m":375,"frp":4.01,"intensity":"low","confidence":"n","acq_datetime":"2026-10-03 00:35Z","daynight":"Night"}},{"type":"Feature","geometry":{"type":"Point","coordinates":[23.52016,-13.53357]},"properties":{"source":"VIIRS (NOAA-20)","resolution_m":375,"frp":3.2,"intensity":"low","confidence":"n","acq_datetime":"2026-10-03 00:35Z","daynight":"Night"}},{"type":"Feature","geometry":{"type":"Point","coordinates":[23.52563,-13.528]},"properties":{"source":"VIIRS (NOAA-20)","resolution_m":375,"frp":1.77,"intensity":"low","confidence":"n","acq_datetime":"2026-10-03 00:35Z","daynight":"Night"}},{"type":"Feature","geometry":{"type":"Point","coordinates":[14.04689,-13.50482]},"properties":{"source":"VIIRS (NOAA-20)","resolution_m":375,"frp":0.85,"intensity":"low","confidence":"n","acq_datetime":"2026-10-03 00:35Z","daynight":"Night"}},{"type":"Feature","geometry":{"type":"Point","coordinates":[14.0487,-13.49461]},"properties":{"source":"VIIRS (NOAA-20)","resolution_m":375,"frp":1.17,"intensity":"low","confidence":"n","acq_datetime":"2026-10-03 00:35Z","daynight":"Night"}},{"type":"Feature","geometry":{"type":"Point","coordinates":[23.54473,-13.48681]},"properties":{"source":"VIIRS (NOAA-20)","resolution_m":375,"frp":2.01,"intensity":"low","confidence":"n","acq_datetime":"2026-10-03 00:35Z","daynight":"Night"}},{"type":"Feature","geometry":{"type":"Point","coordinates":[23.54322,-13.48594]},"properties":{"source":"VIIRS (NOAA-20)","resolution_m":375,"frp":1.92,"intensity":"low","confidence":"n","acq_datetime":"2026-10-03 00:35Z","daynight":"Night"}},{"type":"Feature","geometry":{"type":"Point","coordinates":[13.93985,-13.45373]},"properties":{"source":"VIIRS (NOAA-20)","resolution_m":375,"frp":1.05,"intensity":"low","confidence":"n","acq_datetime":"2026-10-03 00:35Z","daynight":"Night"}},{"type":"Feature","geometry":{"type":"Point","coordinates":[14.06296,-13.37094]},"properties":{"source":"VIIRS (NOAA-20)","resolution_m":375,"frp":1.04,"intensity":"low","confidence":"n","acq_datetime":"2026-10-03 00:35Z","daynight":"Night"}},{"type":"Feature","geometry":{"type":"Point","coordinates":[14.06336,-13.36751]},"properties":{"source":"VIIRS (NOAA-20)","resolution_m":375,"frp":0.77,"intensity":"low","confidence":"n","acq_datetime":"2026-10-03 00:35Z","daynight":"Night"}},{"type":"Feature","geometry":{"type":"Point","coordinates":[13.87992,-13.33629]},"properties":{"source":"VIIRS (NOAA-20)","resolution_m":375,"frp":0.27,"intensity":"low","confidence":"n","acq_datetime":"2026-10-03 00:35Z","daynight":"Night"}},{"type":"Feature","geometry":{"type":"Point","coordinates":[23.95501,-13.13453]},"properties":{"source":"VIIRS (NOAA-20)","resolution_m":375,"frp":0.96,"intensity":"low","confidence":"n","acq_datetime":"2026-10-03 00:35Z","daynight":"Night"}},{"type":"Feature","geometry":{"type":"Point","coordinates":[23.95579,-13.12993]},"properties":{"source":"VIIRS (NOAA-20)","resolution_m":375,"frp":1.35,"intensity":"low","confidence":"n","acq_datetime":"2026-10-03 00:35Z","daynight":"Night"}},{"type":"Feature","geometry":{"type":"Point","coordinates":[23.92813,-13.06357]},"properties":{"source":"VIIRS (NOAA-20)","resolution_m":375,"frp":1.79,"intensity":"low","confidence":"n","acq_datetime":"2026-10-03 00:35Z","daynight":"Night"}},{"type":"Feature","geometry":{"type":"Point","coordinates":[25.31693,-12.37046]},"properties":{"source":"VIIRS (NOAA-20)","resolution_m":375,"frp":1.37,"intensity":"low","confidence":"n","acq_datetime":"2026-10-03 00:35Z","daynight":"Night"}},{"type":"Feature","geometry":{"type":"Point","coordinates":[23.08462,-12.15854]},"properties":{"source":"VIIRS (NOAA-20)","resolution_m":375,"frp":0.59,"intensity":"low","confidence":"n","acq_datetime":"2026-10-03 00:35Z","daynight":"Night"}},{"type":"Feature","geometry":{"type":"Point","coordinates":[23.0854,-12.15835]},"properties":{"source":"VIIRS (NOAA-20)","resolution_m":375,"frp":0.95,"intensity":"low","confidence":"n","acq_datetime":"2026-10-03 00:35Z","daynight":"Night"}},{"type":"Feature","geometry":{"type":"Point","coordinates":[23.13382,-12.10522]},"properties":{"source":"VIIRS (NOAA-20)","resolution_m":375,"frp":0.66,"intensity":"low","confidence":"n","acq_datetime":"2026-10-03 00:35Z","daynight":"Night"}},{"type":"Feature","geometry":{"type":"Point","coordinates":[15.4239,-20.42886]},"properties":{"source":"VIIRS (NOAA-20)","resolution_m":375,"frp":1.18,"intensity":"low","confidence":"n","acq_datetime":"2026-10-03 00:37Z","daynight":"Night"}},{"type":"Feature","geometry":{"type":"Point","coordinates":[15.42729,-20.42856]},"properties":{"source":"VIIRS (NOAA-20)","resolution_m":375,"frp":1.61,"intensity":"low","confidence":"n","acq_datetime":"2026-10-03 00:37Z","daynight":"Night"}},{"type":"Feature","geometry":{"type":"Point","coordinates":[18.57689,-33.9692]},"properties":{"source":"VIIRS (NOAA-20)","resolution_m":375,"frp":0.87,"intensity":"low","confidence":"n","acq_datetime":"2026-10-03 00:39Z","daynight":"Night"}},{"type":"Feature","geometry":{"type":"Point","coordinates":[18.04557,-32.96031]},"properties":{"source":"VIIRS (NOAA-20)","resolution_m":375,"frp":0.73,"intensity":"low","confidence":"n","acq_datetime":"2026-10-03 00:39Z","daynight":"Night"}},{"type":"Feature","geometry":{"type":"Point","coordinates":[18.75667,-32.94163]},"properties":{"source":"VIIRS (NOAA-20)","resolution_m":375,"frp":0.68,"intensity":"low","confidence":"n","acq_datetime":"2026-10-03 00:39Z","daynight":"Night"}},{"type":"Feature","geometry":{"type":"Point","coordinates":[18.75689,-32.93597]},"properties":{"source":"VIIRS (NOAA-20)","resolution_m":375,"frp":0.92,"intensity":"low","confidence":"n","acq_datetime":"2026-10-03 00:39Z","daynight":"Night"}},{"type":"Feature","geometry":{"type":"Point","coordinates":[9.17167,27.70435]},"properties":{"source":"VIIRS (NOAA-20)","resolution_m":375,"frp":1.4,"intensity":"low","confidence":"n","acq_datetime":"2026-10-03 02:02Z","daynight":"Night"}},{"type":"Feature","geometry":{"type":"Point","coordinates":[9.87644,27.7296]},"properties":{"source":"VIIRS (NOAA-20)","resolution_m":375,"frp":1.06,"intensity":"low","confidence":"n","acq_datetime":"2026-10-03 02:02Z","daynight":"Night"}},{"type":"Feature","geometry":{"type":"Point","coordinates":[9.17705,27.73481]},"properties":{"source":"VIIRS (NOAA-20)","resolution_m":375,"frp":2.67,"intensity":"low","confidence":"n","acq_datetime":"2026-10-03 02:02Z","daynight":"Night"}},{"type":"Feature","geometry":{"type":"Point","coordinates":[9.18075,27.73614]},"properties":{"source":"VIIRS (NOAA-20)","resolution_m":375,"frp":1.73,"intensity":"low","confidence":"n","acq_datetime":"2026-10-03 02:02Z","daynight":"Night"}},{"type":"Feature","geometry":{"type":"Point","coordinates":[9.17578,27.73743]},"properties":{"source":"VIIRS (NOAA-20)","resolution_m":375,"frp":1.96,"intensity":"low","confidence":"n","acq_datetime":"2026-10-03 02:02Z","daynight":"Night"}},{"type":"Feature","geometry":{"type":"Point","coordinates":[9.104,27.92962]},"properties":{"source":"VIIRS (NOAA-20)","resolution_m":375,"frp":0.54,"intensity":"low","confidence":"n","acq_datetime":"2026-10-03 02:02Z","daynight":"Night"}},{"type":"Feature","geometry":{"type":"Point","coordinates":[9.78443,28.07853]},"properties":{"source":"VIIRS (NOAA-20)","resolution_m":375,"frp":4.97,"intensity":"low","confidence":"n","acq_datetime":"2026-10-03 02:02Z","daynight":"Night"}},{"type":"Feature","geometry":{"type":"Point","coordinates":[9.80018,28.1912]},"properties":{"source":"VIIRS (NOAA-20)","resolution_m":375,"frp":1.5,"intensity":"low","confidence":"n","acq_datetime":"2026-10-03 02:02Z","daynight":"Night"}},{"type":"Feature","geometry":{"type":"Point","coordinates":[9.1337,28.44931]},"properties":{"source":"VIIRS (NOAA-20)","resolution_m":375,"frp":2.95,"intensity":"low","confidence":"n","acq_datetime":"2026-10-03 02:02Z","daynight":"Night"}},{"type":"Feature","geometry":{"type":"Point","coordinates":[7.51745,28.45804]},"properties":{"source":"VIIRS (NOAA-20)","resolution_m":375,"frp":0.88,"intensity":"low","confidence":"n","acq_datetime":"2026-10-03 02:02Z","daynight":"Night"}},{"type":"Feature","geometry":{"type":"Point","coordinates":[7.50711,28.47759]},"properties":{"source":"VIIRS (NOAA-20)","resolution_m":375,"frp":1.17,"intensity":"low","confidence":"n","acq_datetime":"2026-10-03 02:02Z","daynight":"Night"}},{"type":"Feature","geometry":{"type":"Point","coordinates":[7.50687,28.47984]},"properties":{"source":"VIIRS (NOAA-20)","resolution_m":375,"frp":0.6,"intensity":"low","confidence":"n","acq_datetime":"2026-10-03 02:02Z","daynight":"Night"}},{"type":"Feature","geometry":{"type":"Point","coordinates":[9.12215,28.5252]},"properties":{"source":"VIIRS (NOAA-20)","resolution_m":375,"frp":1.55,"intensity":"low","confidence":"n","acq_datetime":"2026-10-03 02:02Z","daynight":"Night"}},{"type":"Feature","geometry":{"type":"Point","coordinates":[9.11739,28.52643]},"properties":{"source":"VIIRS (NOAA-20)","resolution_m":375,"frp":1.55,"intensity":"low","confidence":"n","acq_datetime":"2026-10-03 02:02Z","daynight":"Night"}},{"type":"Feature","geometry":{"type":"Point","coordinates":[9.12069,28.5276]},"properties":{"source":"VIIRS (NOAA-20)","resolution_m":375,"frp":2.53,"intensity":"low","confidence":"n","acq_datetime":"2026-10-03 02:02Z","daynight":"Night"}},{"type":"Feature","geometry":{"type":"Point","coordinates":[9.20922,28.55276]},"properties":{"source":"VIIRS (NOAA-20)","resolution_m":375,"frp":0.58,"intensity":"low","confidence":"n","acq_datetime":"2026-10-03 02:02Z","daynight":"Night"}},{"type":"Feature","geometry":{"type":"Point","coordinates":[7.51479,28.5575]},"properties":{"source":"VIIRS (NOAA-20)","resolution_m":375,"frp":0.65,"intensity":"low","confidence":"n","acq_datetime":"2026-10-03 02:02Z","daynight":"Night"}},{"type":"Feature","geometry":{"type":"Point","coordinates":[7.46176,28.55898]},"properties":{"source":"VIIRS (NOAA-20)","resolution_m":375,"frp":0.89,"intensity":"low","confidence":"n","acq_datetime":"2026-10-03 02:02Z","daynight":"Night"}},{"type":"Feature","geometry":{"type":"Point","coordinates":[7.51649,28.56277]},"properties":{"source":"VIIRS (NOAA-20)","resolution_m":375,"frp":0.65,"intensity":"low","confidence":"n","acq_datetime":"2026-10-03 02:02Z","daynight":"Night"}},{"type":"Feature","geometry":{"type":"Point","coordinates":[7.6536,28.57541]},"properties":{"source":"VIIRS (NOAA-20)","resolution_m":375,"frp":2.66,"intensity":"low","confidence":"n","acq_datetime":"2026-10-03 02:02Z","daynight":"Night"}},{"type":"Feature","geometry":{"type":"Point","coordinates":[7.65599,28.57662]},"properties":{"source":"VIIRS (NOAA-20)","resolution_m":375,"frp":1.45,"intensity":"low","confidence":"n","acq_datetime":"2026-10-03 02:02Z","daynight":"Night"}},{"type":"Feature","geometry":{"type":"Point","coordinates":[7.65218,28.57755]},"properties":{"source":"VIIRS (NOAA-20)","resolution_m":375,"frp":1.45,"intensity":"low","confidence":"n","acq_datetime":"2026-10-03 02:02Z","daynight":"Night"}},{"type":"Feature","geometry":{"type":"Point","coordinates":[7.25795,28.60251]},"properties":{"source":"VIIRS (NOAA-20)","resolution_m":375,"frp":1.12,"intensity":"low","confidence":"n","acq_datetime":"2026-10-03 02:02Z","daynight":"Night"}},{"type":"Feature","geometry":{"type":"Point","coordinates":[7.4993,28.61225]},"properties":{"source":"VIIRS (NOAA-20)","resolution_m":375,"frp":0.56,"intensity":"low","confidence":"n","acq_datetime":"2026-10-03 02:02Z","daynight":"Night"}},{"type":"Feature","geometry":{"type":"Point","coordinates":[9.78105,28.63171]},"properties":{"source":"VIIRS (NOAA-20)","resolution_m":375,"frp":1.91,"intensity":"low","confidence":"n","acq_datetime":"2026-10-03 02:02Z","daynight":"Night"}},{"type":"Feature","geometry":{"type":"Point","coordinates":[7.5335,28.63514]},"properties":{"source":"VIIRS (NOAA-20)","resolution_m":375,"frp":0.52,"intensity":"low","confidence":"n","acq_datetime":"2026-10-03 02:02Z","daynight":"Night"}},{"type":"Feature","geometry":{"type":"Point","coordinates":[9.78308,28.63764]},"properties":{"source":"VIIRS (NOAA-20)","resolution_m":375,"frp":2.12,"intensity":"low","confidence":"n","acq_datetime":"2026-10-03 02:02Z","daynight":"Night"}},{"type":"Feature","geometry":{"type":"Point","coordinates":[7.61321,28.63852]},"properties":{"source":"VIIRS (NOAA-20)","resolution_m":375,"frp":0.95,"intensity":"low","confidence":"n","acq_datetime":"2026-10-03 02:02Z","daynight":"Night"}},{"type":"Feature","geometry":{"type":"Point","coordinates":[7.19481,28.68379]},"properties":{"source":"VIIRS (NOAA-20)","resolution_m":375,"frp":1.32,"intensity":"low","confidence":"n","acq_datetime":"2026-10-03 02:02Z","daynight":"Night"}},{"type":"Feature","geometry":{"type":"Point","coordinates":[7.19118,28.68467]},"properties":{"source":"VIIRS (NOAA-20)","resolution_m":375,"frp":1.32,"intensity":"low","confidence":"n","acq_datetime":"2026-10-03 02:02Z","daynight":"Night"}},{"type":"Feature","geometry":{"type":"Point","coordinates":[7.19268,28.68489]},"properties":{"source":"VIIRS (NOAA-20)","resolution_m":375,"frp":2.54,"intensity":"low","confidence":"n","acq_datetime":"2026-10-03 02:02Z","daynight":"Night"}},{"type":"Feature","geometry":{"type":"Point","coordinates":[8.96113,28.71472]},"properties":{"source":"VIIRS (NOAA-20)","resolution_m":375,"frp":0.72,"intensity":"low","confidence":"n","acq_datetime":"2026-10-03 02:02Z","daynight":"Night"}},{"type":"Feature","geometry":{"type":"Point","coordinates":[9.14877,28.73335]},"properties":{"source":"VIIRS (NOAA-20)","resolution_m":375,"frp":0.41,"intensity":"low","confidence":"n","acq_datetime":"2026-10-03 02:02Z","daynight":"Night"}},{"type":"Feature","geometry":{"type":"Point","coordinates":[9.79041,28.73353]},"properties":{"source":"VIIRS (NOAA-20)","resolution_m":375,"frp":2.18,"intensity":"low","confidence":"n","acq_datetime":"2026-10-03 02:02Z","daynight":"Night"}},{"type":"Feature","geometry":{"type":"Point","coordinates":[9.14955,28.73484]},"properties":{"source":"VIIRS (NOAA-20)","resolution_m":375,"frp":0.35,"intensity":"low","confidence":"n","acq_datetime":"2026-10-03 02:02Z","daynight":"Night"}},{"type":"Feature","geometry":{"type":"Point","coordinates":[9.78521,28.7349]},"properties":{"source":"VIIRS (NOAA-20)","resolution_m":375,"frp":1.27,"intensity":"low","confidence":"n","acq_datetime":"2026-10-03 02:02Z","daynight":"Night"}},{"type":"Feature","geometry":{"type":"Point","coordinates":[9.78715,28.74084]},"properties":{"source":"VIIRS (NOAA-20)","resolution_m":375,"frp":1.27,"intensity":"low","confidence":"n","acq_datetime":"2026-10-03 02:02Z","daynight":"Night"}},{"type":"Feature","geometry":{"type":"Point","coordinates":[9.9062,28.82]},"properties":{"source":"VIIRS (NOAA-20)","resolution_m":375,"frp":1.38,"intensity":"low","confidence":"n","acq_datetime":"2026-10-03 02:02Z","daynight":"Night"}},{"type":"Feature","geometry":{"type":"Point","coordinates":[9.93329,28.86479]},"properties":{"source":"VIIRS (NOAA-20)","resolution_m":375,"frp":0.69,"intensity":"low","confidence":"n","acq_datetime":"2026-10-03 02:02Z","daynight":"Night"}},{"type":"Feature","geometry":{"type":"Point","coordinates":[9.74718,28.91303]},"properties":{"source":"VIIRS (NOAA-20)","resolution_m":375,"frp":2.67,"intensity":"low","confidence":"n","acq_datetime":"2026-10-03 02:02Z","daynight":"Night"}},{"type":"Feature","geometry":{"type":"Point","coordinates":[9.74208,28.91435]},"properties":{"source":"VIIRS (NOAA-20)","resolution_m":375,"frp":2.64,"intensity":"low","confidence":"n","acq_datetime":"2026-10-03 02:02Z","daynight":"Night"}},{"type":"Feature","geometry":{"type":"Point","coordinates":[9.74559,28.91521]},"properties":{"source":"VIIRS (NOAA-20)","resolution_m":375,"frp":5.0,"intensity":"low","confidence":"n","acq_datetime":"2026-10-03 02:02Z","daynight":"Night"}},{"type":"Feature","geometry":{"type":"Point","coordinates":[9.74409,28.92024]},"properties":{"source":"VIIRS (NOAA-20)","resolution_m":375,"frp":1.3,"intensity":"low","confidence":"n","acq_datetime":"2026-10-03 02:02Z","daynight":"Night"}},{"type":"Feature","geometry":{"type":"Point","coordinates":[9.74251,28.92244]},"properties":{"source":"VIIRS (NOAA-20)","resolution_m":375,"frp":3.44,"intensity":"low","confidence":"n","acq_datetime":"2026-10-03 02:02Z","daynight":"Night"}},{"type":"Feature","geometry":{"type":"Point","coordinates":[6.49295,29.25717]},"properties":{"source":"VIIRS (NOAA-20)","resolution_m":375,"frp":0.72,"intensity":"low","confidence":"n","acq_datetime":"2026-10-03 02:02Z","daynight":"Night"}},{"type":"Feature","geometry":{"type":"Point","coordinates":[6.49271,29.26774]},"properties":{"source":"VIIRS (NOAA-20)","resolution_m":375,"frp":1.09,"intensity":"low","confidence":"n","acq_datetime":"2026-10-03 02:02Z","daynight":"Night"}},{"type":"Feature","geometry":{"type":"Point","coordinates":[6.48946,29.26849]},"properties":{"source":"VIIRS (NOAA-20)","resolution_m":375,"frp":0.71,"intensity":"low","confidence":"n","acq_datetime":"2026-10-03 02:02Z","daynight":"Night"}},{"type":"Feature","geometry":{"type":"Point","coordinates":[6.72682,29.67064]},"properties":{"source":"VIIRS (NOAA-20)","resolution_m":375,"frp":1.11,"intensity":"low","confidence":"n","acq_datetime":"2026-10-03 02:02Z","daynight":"Night"}},{"type":"Feature","geometry":{"type":"Point","coordinates":[6.72449,29.67076]},"properties":{"source":"VIIRS (NOAA-20)","resolution_m":375,"frp":1.75,"intensity":"low","confidence":"n","acq_datetime":"2026-10-03 02:02Z","daynight":"Night"}},{"type":"Feature","geometry":{"type":"Point","coordinates":[6.72351,29.6714]},"properties":{"source":"VIIRS (NOAA-20)","resolution_m":375,"frp":1.11,"intensity":"low","confidence":"n","acq_datetime":"2026-10-03 02:02Z","daynight":"Night"}},{"type":"Feature","geometry":{"type":"Point","coordinates":[6.69801,29.68765]},"properties":{"source":"VIIRS (NOAA-20)","resolution_m":375,"frp":1.18,"intensity":"low","confidence":"n","acq_datetime":"2026-10-03 02:02Z","daynight":"Night"}},{"type":"Feature","geometry":{"type":"Point","coordinates":[6.69953,29.69256]},"properties":{"source":"VIIRS (NOAA-20)","resolution_m":375,"frp":0.95,"intensity":"low","confidence":"n","acq_datetime":"2026-10-03 02:02Z","daynight":"Night"}},{"type":"Feature","geometry":{"type":"Point","coordinates":[6.70434,29.6967]},"properties":{"source":"VIIRS (NOAA-20)","resolution_m":375,"frp":2.21,"intensity":"low","confidence":"n","acq_datetime":"2026-10-03 02:02Z","daynight":"Night"}},{"type":"Feature","geometry":{"type":"Point","coordinates":[6.70106,29.69748]},"properties":{"source":"VIIRS (NOAA-20)","resolution_m":375,"frp":0.95,"intensity":"low","confidence":"n","acq_datetime":"2026-10-03 02:02Z","daynight":"Night"}},{"type":"Feature","geometry":{"type":"Point","coordinates":[6.69779,29.69826]},"properties":{"source":"VIIRS (NOAA-20)","resolution_m":375,"frp":0.95,"intensity":"low","confidence":"n","acq_datetime":"2026-10-03 02:02Z","daynight":"Night"}},{"type":"Feature","geometry":{"type":"Point","coordinates":[6.7124,29.70007]},"properties":{"source":"VIIRS (NOAA-20)","resolution_m":375,"frp":1.71,"intensity":"low","confidence":"n","acq_datetime":"2026-10-03 02:02Z","daynight":"Night"}},{"type":"Feature","geometry":{"type":"Point","coordinates":[6.70913,29.70085]},"properties":{"source":"VIIRS (NOAA-20)","resolution_m":375,"frp":0.68,"intensity":"low","confidence":"n","acq_datetime":"2026-10-03 02:02Z","daynight":"Night"}},{"type":"Feature","geometry":{"type":"Point","coordinates":[6.70586,29.70162]},"properties":{"source":"VIIRS (NOAA-20)","resolution_m":375,"frp":0.68,"intensity":"low","confidence":"n","acq_datetime":"2026-10-03 02:02Z","daynight":"Night"}},{"type":"Feature","geometry":{"type":"Point","coordinates":[7.68654,30.17893]},"properties":{"source":"VIIRS (NOAA-20)","resolution_m":375,"frp":0.47,"intensity":"low","confidence":"n","acq_datetime":"2026-10-03 02:02Z","daynight":"Night"}},{"type":"Feature","geometry":{"type":"Point","coordinates":[8.08299,30.25261]},"properties":{"source":"VIIRS (NOAA-20)","resolution_m":375,"frp":1.14,"intensity":"low","confidence":"n","acq_datetime":"2026-10-03 02:02Z","daynight":"Night"}},{"type":"Feature","geometry":{"type":"Point","coordinates":[7.01071,30.37667]},"properties":{"source":"VIIRS (NOAA-20)","resolution_m":375,"frp":1.81,"intensity":"low","confidence":"n","acq_datetime":"2026-10-03 02:02Z","daynight":"Night"}},{"type":"Feature","geometry":{"type":"Point","coordinates":[7.01078,30.37751]},"properties":{"source":"VIIRS (NOAA-20)","resolution_m":375,"frp":2.12,"intensity":"low","confidence":"n","acq_datetime":"2026-10-03 02:02Z","daynight":"Night"}},{"type":"Feature","geometry":{"type":"Point","coordinates":[7.90501,30.39054]},"properties":{"source":"VIIRS (NOAA-20)","resolution_m":375,"frp":1.14,"intensity":"low","confidence":"n","acq_datetime":"2026-10-03 02:02Z","daynight":"Night"}},{"type":"Feature","geometry":{"type":"Point","coordinates":[7.90609,30.39149]},"properties":{"source":"VIIRS (NOAA-20)","resolution_m":375,"frp":1.35,"intensity":"low","confidence":"n","acq_datetime":"2026-10-03 02:02Z","daynight":"Night"}},{"type":"Feature","geometry":{"type":"Point","coordinates":[8.10336,30.66265]},"properties":{"source":"VIIRS (NOAA-20)","resolution_m":375,"frp":1.14,"intensity":"low","confidence":"n","acq_datetime":"2026-10-03 02:02Z","daynight":"Night"}},{"type":"Feature","geometry":{"type":"Point","coordinates":[8.09962,30.66358]},"properties":{"source":"VIIRS (NOAA-20)","resolution_m":375,"frp":1.76,"intensity":"low","confidence":"n","acq_datetime":"2026-10-03 02:02Z","daynight":"Night"}},{"type":"Feature","geometry":{"type":"Point","coordinates":[8.10362,30.66404]},"properties":{"source":"VIIRS (NOAA-20)","resolution_m":375,"frp":1.41,"intensity":"low","confidence":"n","acq_datetime":"2026-10-03 02:02Z","daynight":"Night"}},{"type":"Feature","geometry":{"type":"Point","coordinates":[8.09986,30.66495]},"properties":{"source":"VIIRS (NOAA-20)","resolution_m":375,"frp":1.68,"intensity":"low","confidence":"n","acq_datetime":"2026-10-03 02:02Z","daynight":"Night"}},{"type":"Feature","geometry":{"type":"Point","coordinates":[5.64523,30.87559]},"properties":{"source":"VIIRS (NOAA-20)","resolution_m":375,"frp":0.74,"intensity":"low","confidence":"n","acq_datetime":"2026-10-03 02:02Z","daynight":"Night"}},{"type":"Feature","geometry":{"type":"Point","coordinates":[5.63978,30.87681]},"properties":{"source":"VIIRS (NOAA-20)","resolution_m":375,"frp":0.74,"intensity":"low","confidence":"n","acq_datetime":"2026-10-03 02:02Z","daynight":"Night"}},{"type":"Feature","geometry":{"type":"Point","coordinates":[5.58299,30.89913]},"properties":{"source":"VIIRS (NOAA-20)","resolution_m":375,"frp":2.55,"intensity":"low","confidence":"n","acq_datetime":"2026-10-03 02:02Z","daynight":"Night"}},{"type":"Feature","geometry":{"type":"Point","coordinates":[8.17325,31.01143]},"properties":{"source":"VIIRS (NOAA-20)","resolution_m":375,"frp":1.54,"intensity":"low","confidence":"n","acq_datetime":"2026-10-03 02:02Z","daynight":"Night"}},{"type":"Feature","geometry":{"type":"Point","coordinates":[8.16948,31.01237]},"properties":{"source":"VIIRS (NOAA-20)","resolution_m":375,"frp":1.54,"intensity":"low","confidence":"n","acq_datetime":"2026-10-03 02:02Z","daynight":"Night"}},{"type":"Feature","geometry":{"type":"Point","coordinates":[8.16564,31.01331]},"properties":{"source":"VIIRS (NOAA-20)","resolution_m":375,"frp":0.75,"intensity":"low","confidence":"n","acq_datetime":"2026-10-03 02:02Z","daynight":"Night"}},{"type":"Feature","geometry":{"type":"Point","coordinates":[8.16181,31.01427]},"properties":{"source":"VIIRS (NOAA-20)","resolution_m":375,"frp":0.75,"intensity":"low","confidence":"n","acq_datetime":"2026-10-03 02:02Z","daynight":"Night"}},{"type":"Feature","geometry":{"type":"Point","coordinates":[8.28312,31.04605]},"properties":{"source":"VIIRS (NOAA-20)","resolution_m":375,"frp":0.57,"intensity":"low","confidence":"n","acq_datetime":"2026-10-03 02:02Z","daynight":"Night"}},{"type":"Feature","geometry":{"type":"Point","coordinates":[8.03524,31.05673]},"properties":{"source":"VIIRS (NOAA-20)","resolution_m":375,"frp":3.58,"intensity":"low","confidence":"n","acq_datetime":"2026-10-03 02:02Z","daynight":"Night"}},{"type":"Feature","geometry":{"type":"Point","coordinates":[8.03155,31.05763]},"properties":{"source":"VIIRS (NOAA-20)","resolution_m":375,"frp":3.58,"intensity":"low","confidence":"n","acq_datetime":"2026-10-03 02:02Z","daynight":"Night"}},{"type":"Feature","geometry":{"type":"Point","coordinates":[7.82663,31.09151]},"properties":{"source":"VIIRS (NOAA-20)","resolution_m":375,"frp":2.63,"intensity":"low","confidence":"n","acq_datetime":"2026-10-03 02:02Z","daynight":"Night"}},{"type":"Feature","geometry":{"type":"Point","coordinates":[8.68437,31.11666]},"properties":{"source":"VIIRS (NOAA-20)","resolution_m":375,"frp":1.56,"intensity":"low","confidence":"n","acq_datetime":"2026-10-03 02:02Z","daynight":"Night"}},{"type":"Feature","geometry":{"type":"Point","coordinates":[6.78923,31.18685]},"properties":{"source":"VIIRS (NOAA-20)","resolution_m":375,"frp":2.09,"intensity":"low","confidence":"n","acq_datetime":"2026-10-03 02:02Z","daynight":"Night"}},{"type":"Feature","geometry":{"type":"Point","coordinates":[6.78538,31.19073]},"properties":{"source":"VIIRS (NOAA-20)","resolution_m":375,"frp":1.44,"intensity":"low","confidence":"n","acq_datetime":"2026-10-03 02:02Z","daynight":"Night"}},{"type":"Feature","geometry":{"type":"Point","coordinates":[11.80361,31.32066]},"properties":{"source":"VIIRS (NOAA-20)","resolution_m":375,"frp":3.7,"intensity":"low","confidence":"n","acq_datetime":"2026-10-03 02:02Z","daynight":"Night"}},{"type":"Feature","geometry":{"type":"Point","coordinates":[6.05009,31.36098]},"properties":{"source":"VIIRS (NOAA-20)","resolution_m":375,"frp":8.88,"intensity":"low","confidence":"n","acq_datetime":"2026-10-03 02:02Z","daynight":"Night"}},{"type":"Feature","geometry":{"type":"Point","coordinates":[6.04444,31.36226]},"properties":{"source":"VIIRS (NOAA-20)","resolution_m":375,"frp":6.45,"intensity":"low","confidence":"n","acq_datetime":"2026-10-03 02:02Z","daynight":"Night"}},{"type":"Feature","geometry":{"type":"Point","coordinates":[6.04741,31.36467]},"properties":{"source":"VIIRS (NOAA-20)","resolution_m":375,"frp":11.45,"intensity":"moderate","confidence":"n","acq_datetime":"2026-10-03 02:02Z","daynight":"Night"}},{"type":"Feature","geometry":{"type":"Point","coordinates":[6.04588,31.36682]},"properties":{"source":"VIIRS (NOAA-20)","resolution_m":375,"frp":6.45,"intensity":"low","confidence":"n","acq_datetime":"2026-10-03 02:02Z","daynight":"Night"}},{"type":"Feature","geometry":{"type":"Point","coordinates":[6.93233,31.39532]},"properties":{"source":"VIIRS (NOAA-20)","resolution_m":375,"frp":2.22,"intensity":"low","confidence":"n","acq_datetime":"2026-10-03 02:02Z","daynight":"Night"}},{"type":"Feature","geometry":{"type":"Point","coordinates":[6.93272,31.39778]},"properties":{"source":"VIIRS (NOAA-20)","resolution_m":375,"frp":0.63,"intensity":"low","confidence":"n","acq_datetime":"2026-10-03 02:02Z","daynight":"Night"}},{"type":"Feature","geometry":{"type":"Point","coordinates":[12.14729,31.39779]},"properties":{"source":"VIIRS (NOAA-20)","resolution_m":375,"frp":1.42,"intensity":"low","confidence":"n","acq_datetime":"2026-10-03 02:02Z","daynight":"Night"}},{"type":"Feature","geometry":{"type":"Point","coordinates":[12.14116,31.3995]},"properties":{"source":"VIIRS (NOAA-20)","resolution_m":375,"frp":1.31,"intensity":"low","confidence":"n","acq_datetime":"2026-10-03 02:02Z","daynight":"Night"}},{"type":"Feature","geometry":{"type":"Point","coordinates":[12.14332,31.39957]},"properties":{"source":"VIIRS (NOAA-20)","resolution_m":375,"frp":1.97,"intensity":"low","confidence":"n","acq_datetime":"2026-10-03 02:02Z","daynight":"Night"}},{"type":"Feature","geometry":{"type":"Point","coordinates":[5.96934,31.40227]},"properties":{"source":"VIIRS (NOAA-20)","resolution_m":375,"frp":3.26,"intensity":"low","confidence":"n","acq_datetime":"2026-10-03 02:02Z","daynight":"Night"}},{"type":"Feature","geometry":{"type":"Point","coordinates":[5.96763,31.40386]},"properties":{"source":"VIIRS (NOAA-20)","resolution_m":375,"frp":1.44,"intensity":"low","confidence":"n","acq_datetime":"2026-10-03 02:02Z","daynight":"Night"}},{"type":"Feature","geometry":{"type":"Point","coordinates":[5.97627,31.40554]},"properties":{"source":"VIIRS (NOAA-20)","resolution_m":375,"frp":16.38,"intensity":"moderate","confidence":"n","acq_datetime":"2026-10-03 02:02Z","daynight":"Night"}},{"type":"Feature","geometry":{"type":"Point","coordinates":[5.97075,31.40681]},"properties":{"source":"VIIRS (NOAA-20)","resolution_m":375,"frp":3.26,"intensity":"low","confidence":"n","acq_datetime":"2026-10-03 02:02Z","daynight":"Night"}},{"type":"Feature","geometry":{"type":"Point","coordinates":[5.95892,31.59277]},"properties":{"source":"VIIRS (NOAA-20)","resolution_m":375,"frp":1.83,"intensity":"low","confidence":"n","acq_datetime":"2026-10-03 02:02Z","daynight":"Night"}},{"type":"Feature","geometry":{"type":"Point","coordinates":[6.05785,31.66167]},"properties":{"source":"VIIRS (NOAA-20)","resolution_m":375,"frp":4.68,"intensity":"low","confidence":"n","acq_datetime":"2026-10-03 02:02Z","daynight":"Night"}},{"type":"Feature","geometry":{"type":"Point","coordinates":[6.05228,31.66294]},"properties":{"source":"VIIRS (NOAA-20)","resolution_m":375,"frp":3.16,"intensity":"low","confidence":"n","acq_datetime":"2026-10-03 02:02Z","daynight":"Night"}},{"type":"Feature","geometry":{"type":"Point","coordinates":[6.05918,31.66623]},"properties":{"source":"VIIRS (NOAA-20)","resolution_m":375,"frp":4.68,"intensity":"low","confidence":"n","acq_datetime":"2026-10-03 02:02Z","daynight":"Night"}},{"type":"Feature","geometry":{"type":"Point","coordinates":[6.0536,31.6675]},"properties":{"source":"VIIRS (NOAA-20)","resolution_m":375,"frp":3.16,"intensity":"low","confidence":"n","acq_datetime":"2026-10-03 02:02Z","daynight":"Night"}},{"type":"Feature","geometry":{"type":"Point","coordinates":[6.04803,31.66877]},"properties":{"source":"VIIRS (NOAA-20)","resolution_m":375,"frp":3.16,"intensity":"low","confidence":"n","acq_datetime":"2026-10-03 02:02Z","daynight":"Night"}},{"type":"Feature","geometry":{"type":"Point","coordinates":[6.18782,31.68867]},"properties":{"source":"VIIRS (NOAA-20)","resolution_m":375,"frp":0.7,"intensity":"low","confidence":"n","acq_datetime":"2026-10-03 02:02Z","daynight":"Night"}},{"type":"Feature","geometry":{"type":"Point","coordinates":[5.80877,31.68924]},"properties":{"source":"VIIRS (NOAA-20)","resolution_m":375,"frp":0.62,"intensity":"low","confidence":"n","acq_datetime":"2026-10-03 02:02Z","daynight":"Night"}},{"type":"Feature","geometry":{"type":"Point","coordinates":[5.81151,31.69819]},"properties":{"source":"VIIRS (NOAA-20)","resolution_m":375,"frp":1.38,"intensity":"low","confidence":"n","acq_datetime":"2026-10-03 02:02Z","daynight":"Night"}},{"type":"Feature","geometry":{"type":"Point","coordinates":[5.80617,31.6994]},"properties":{"source":"VIIRS (NOAA-20)","resolution_m":375,"frp":1.4,"intensity":"low","confidence":"n","acq_datetime":"2026-10-03 02:02Z","daynight":"Night"}},{"type":"Feature","geometry":{"type":"Point","coordinates":[5.22826,31.75031]},"properties":{"source":"VIIRS (NOAA-20)","resolution_m":375,"frp":1.0,"intensity":"low","confidence":"n","acq_datetime":"2026-10-03 02:02Z","daynight":"Night"}},{"type":"Feature","geometry":{"type":"Point","coordinates":[6.06216,31.7857]},"properties":{"source":"VIIRS (NOAA-20)","resolution_m":375,"frp":1.38,"intensity":"low","confidence":"n","acq_datetime":"2026-10-03 02:02Z","daynight":"Night"}},{"type":"Feature","geometry":{"type":"Point","coordinates":[6.06083,31.80054]},"properties":{"source":"VIIRS (NOAA-20)","resolution_m":375,"frp":0.77,"intensity":"low","confidence":"n","acq_datetime":"2026-10-03 02:02Z","daynight":"Night"}},{"type":"Feature","geometry":{"type":"Point","coordinates":[5.05432,31.84866]},"properties":{"source":"VIIRS (NOAA-20)","resolution_m":375,"frp":0.63,"intensity":"low","confidence":"n","acq_datetime":"2026-10-03 02:02Z","daynight":"Night"}},{"type":"Feature","geometry":{"type":"Point","coordinates":[6.04927,31.8509]},"properties":{"source":"VIIRS (NOAA-20)","resolution_m":375,"frp":3.02,"intensity":"low","confidence":"n","acq_datetime":"2026-10-03 02:02Z","daynight":"Night"}},{"type":"Feature","geometry":{"type":"Point","coordinates":[6.0438,31.85215]},"properties":{"source":"VIIRS (NOAA-20)","resolution_m":375,"frp":1.99,"intensity":"low","confidence":"n","acq_datetime":"2026-10-03 02:02Z","daynight":"Night"}},{"type":"Feature","geometry":{"type":"Point","coordinates":[6.0647,31.90064]},"properties":{"source":"VIIRS (NOAA-20)","resolution_m":375,"frp":2.17,"intensity":"low","confidence":"n","acq_datetime":"2026-10-03 02:02Z","daynight":"Night"}},{"type":"Feature","geometry":{"type":"Point","coordinates":[11.14451,31.95352]},"properties":{"source":"VIIRS (NOAA-20)","resolution_m":375,"frp":0.57,"intensity":"low","confidence":"n","acq_datetime":"2026-10-03 02:02Z","daynight":"Night"}},{"type":"Feature","geometry":{"type":"Point","coordinates":[5.21556,31.96018]},"properties":{"source":"VIIRS (NOAA-20)","resolution_m":375,"frp":1.55,"intensity":"low","confidence":"n","acq_datetime":"2026-10-03 02:02Z","daynight":"Night"}},{"type":"Feature","geometry":{"type":"Point","coordinates":[6.46858,32.13553]},"properties":{"source":"VIIRS (NOAA-20)","resolution_m":375,"frp":7.85,"intensity":"low","confidence":"n","acq_datetime":"2026-10-03 02:02Z","daynight":"Night"}},{"type":"Feature","geometry":{"type":"Point","coordinates":[6.71992,32.22845]},"properties":{"source":"VIIRS (NOAA-20)","resolution_m":375,"frp":1.47,"intensity":"low","confidence":"n","acq_datetime":"2026-10-03 02:02Z","daynight":"Night"}},{"type":"Feature","geometry":{"type":"Point","coordinates":[3.98457,32.27482]},"properties":{"source":"VIIRS (NOAA-20)","resolution_m":375,"frp":2.73,"intensity":"low","confidence":"n","acq_datetime":"2026-10-03 02:02Z","daynight":"Night"}},{"type":"Feature","geometry":{"type":"Point","coordinates":[3.98992,32.27794]},"properties":{"source":"VIIRS (NOAA-20)","resolution_m":375,"frp":3.16,"intensity":"low","confidence":"n","acq_datetime":"2026-10-03 02:02Z","daynight":"Night"}},{"type":"Feature","geometry":{"type":"Point","coordinates":[3.9857,32.27884]},"properties":{"source":"VIIRS (NOAA-20)","resolution_m":375,"frp":2.73,"intensity":"low","confidence":"n","acq_datetime":"2026-10-03 02:02Z","daynight":"Night"}},{"type":"Feature","geometry":{"type":"Point","coordinates":[7.01659,32.33586]},"properties":{"source":"VIIRS (NOAA-20)","resolution_m":375,"frp":0.84,"intensity":"low","confidence":"n","acq_datetime":"2026-10-03 02:02Z","daynight":"Night"}},{"type":"Feature","geometry":{"type":"Point","coordinates":[4.0066,32.40166]},"properties":{"source":"VIIRS (NOAA-20)","resolution_m":375,"frp":0.49,"intensity":"low","confidence":"n","acq_datetime":"2026-10-03 02:02Z","daynight":"Night"}},{"type":"Feature","geometry":{"type":"Point","coordinates":[6.62925,32.44559]},"properties":{"source":"VIIRS (NOAA-20)","resolution_m":375,"frp":0.53,"intensity":"low","confidence":"n","acq_datetime":"2026-10-03 02:02Z","daynight":"Night"}},{"type":"Feature","geometry":{"type":"Point","coordinates":[6.70837,32.51314]},"properties":{"source":"VIIRS (NOAA-20)","resolution_m":375,"frp":1.63,"intensity":"low","confidence":"n","acq_datetime":"2026-10-03 02:02Z","daynight":"Night"}},{"type":"Feature","geometry":{"type":"Point","coordinates":[3.1703,32.55383]},"properties":{"source":"VIIRS (NOAA-20)","resolution_m":375,"frp":1.56,"intensity":"low","confidence":"n","acq_datetime":"2026-10-03 02:02Z","daynight":"Night"}},{"type":"Feature","geometry":{"type":"Point","coordinates":[3.16457,32.55496]},"properties":{"source":"VIIRS (NOAA-20)","resolution_m":375,"frp":1.56,"intensity":"low","confidence":"n","acq_datetime":"2026-10-03 02:02Z","daynight":"Night"}},{"type":"Feature","geometry":{"type":"Point","coordinates":[3.16601,32.55574]},"properties":{"source":"VIIRS (NOAA-20)","resolution_m":375,"frp":2.19,"intensity":"low","confidence":"n","acq_datetime":"2026-10-03 02:02Z","daynight":"Night"}},{"type":"Feature","geometry":{"type":"Point","coordinates":[14.32544,32.62486]},"properties":{"source":"VIIRS (NOAA-20)","resolution_m":375,"frp":1.98,"intensity":"low","confidence":"n","acq_datetime":"2026-10-03 02:02Z","daynight":"Night"}},{"type":"Feature","geometry":{"type":"Point","coordinates":[14.32696,32.62579]},"properties":{"source":"VIIRS (NOAA-20)","resolution_m":375,"frp":2.78,"intensity":"low","confidence":"n","acq_datetime":"2026-10-03 02:02Z","daynight":"Night"}},{"type":"Feature","geometry":{"type":"Point","coordinates":[3.17939,32.74796]},"properties":{"source":"VIIRS (NOAA-20)","resolution_m":375,"frp":0.97,"intensity":"low","confidence":"n","acq_datetime":"2026-10-03 02:02Z","daynight":"Night"}},{"type":"Feature","geometry":{"type":"Point","coordinates":[12.67227,32.78809]},"properties":{"source":"VIIRS (NOAA-20)","resolution_m":375,"frp":1.85,"intensity":"low","confidence":"n","acq_datetime":"2026-10-03 02:02Z","daynight":"Night"}},{"type":"Feature","geometry":{"type":"Point","coordinates":[12.69557,32.78963]},"properties":{"source":"VIIRS (NOAA-20)","resolution_m":375,"frp":1.76,"intensity":"low","confidence":"n","acq_datetime":"2026-10-03 02:02Z","daynight":"Night"}},{"type":"Feature","geometry":{"type":"Point","coordinates":[3.23507,32.93694]},"properties":{"source":"VIIRS (NOAA-20)","resolution_m":375,"frp":1.32,"intensity":"low","confidence":"n","acq_datetime":"2026-10-03 02:02Z","daynight":"Night"}},{"type":"Feature","geometry":{"type":"Point","coordinates":[3.32242,33.12761]},"properties":{"source":"VIIRS (NOAA-20)","resolution_m":375,"frp":0.99,"intensity":"low","confidence":"n","acq_datetime":"2026-10-03 02:02Z","daynight":"Night"}},{"type":"Feature","geometry":{"type":"Point","coordinates":[6.86763,33.7099]},"properties":{"source":"VIIRS (NOAA-20)","resolution_m":375,"frp":9.27,"intensity":"low","confidence":"n","acq_datetime":"2026-10-03 02:02Z","daynight":"Night"}},{"type":"Feature","geometry":{"type":"Point","coordinates":[6.86914,33.71443]},"properties":{"source":"VIIRS (NOAA-20)","resolution_m":375,"frp":9.27,"intensity":"low","confidence":"n","acq_datetime":"2026-10-03 02:02Z","daynight":"Night"}},{"type":"Feature","geometry":{"type":"Point","coordinates":[6.86346,33.71574]},"properties":{"source":"VIIRS (NOAA-20)","resolution_m":375,"frp":24.84,"intensity":"moderate","confidence":"n","acq_datetime":"2026-10-03 02:02Z","daynight":"Night"}},{"type":"Feature","geometry":{"type":"Point","coordinates":[12.05928,33.85929]},"properties":{"source":"VIIRS (NOAA-20)","resolution_m":375,"frp":2.68,"intensity":"low","confidence":"n","acq_datetime":"2026-10-03 02:02Z","daynight":"Night"}},{"type":"Feature","geometry":{"type":"Point","coordinates":[12.0569,33.861]},"properties":{"source":"VIIRS (NOAA-20)","resolution_m":375,"frp":3.08,"intensity":"low","confidence":"n","acq_datetime":"2026-10-03 02:02Z","daynight":"Night"}},{"type":"Feature","geometry":{"type":"Point","coordinates":[9.98976,33.87214]},"properties":{"source":"VIIRS (NOAA-20)","resolution_m":375,"frp":0.82,"intensity":"low","confidence":"n","acq_datetime":"2026-10-03 02:02Z","daynight":"Night"}},{"type":"Feature","geometry":{"type":"Point","coordinates":[12.60695,33.88962]},"properties":{"source":"VIIRS (NOAA-20)","resolution_m":375,"frp":2.9,"intensity":"low","confidence":"n","acq_datetime":"2026-10-03 02:02Z","daynight":"Night"}},{"type":"Feature","geometry":{"type":"Point","coordinates":[6.03233,33.88984]},"properties":{"source":"VIIRS (NOAA-20)","resolution_m":375,"frp":1.04,"intensity":"low","confidence":"n","acq_datetime":"2026-10-03 02:02Z","daynight":"Night"}},{"type":"Feature","geometry":{"type":"Point","coordinates":[12.60119,33.89125]},"properties":{"source":"VIIRS (NOAA-20)","resolution_m":375,"frp":2.47,"intensity":"low","confidence":"n","acq_datetime":"2026-10-03 02:02Z","daynight":"Night"}},{"type":"Feature","geometry":{"type":"Point","coordinates":[6.03373,33.89416]},"properties":{"source":"VIIRS (NOAA-20)","resolution_m":375,"frp":1.04,"intensity":"low","confidence":"n","acq_datetime":"2026-10-03 02:02Z","daynight":"Night"}},{"type":"Feature","geometry":{"type":"Point","coordinates":[6.03288,33.90823]},"properties":{"source":"VIIRS (NOAA-20)","resolution_m":375,"frp":4.84,"intensity":"low","confidence":"n","acq_datetime":"2026-10-03 02:02Z","daynight":"Night"}},{"type":"Feature","geometry":{"type":"Point","coordinates":[6.02779,33.90936]},"properties":{"source":"VIIRS (NOAA-20)","resolution_m":375,"frp":26.96,"intensity":"moderate","confidence":"n","acq_datetime":"2026-10-03 02:02Z","daynight":"Night"}},{"type":"Feature","geometry":{"type":"Point","coordinates":[6.0292,33.91366]},"properties":{"source":"VIIRS (NOAA-20)","resolution_m":375,"frp":26.96,"intensity":"moderate","confidence":"n","acq_datetime":"2026-10-03 02:02Z","daynight":"Night"}},{"type":"Feature","geometry":{"type":"Point","coordinates":[6.02412,33.91479]},"properties":{"source":"VIIRS (NOAA-20)","resolution_m":375,"frp":26.96,"intensity":"moderate","confidence":"n","acq_datetime":"2026-10-03 02:02Z","daynight":"Night"}},{"type":"Feature","geometry":{"type":"Point","coordinates":[6.01903,33.91592]},"properties":{"source":"VIIRS (NOAA-20)","resolution_m":375,"frp":1.45,"intensity":"low","confidence":"n","acq_datetime":"2026-10-03 02:02Z","daynight":"Night"}},{"type":"Feature","geometry":{"type":"Point","coordinates":[6.03225,33.91725]},"properties":{"source":"VIIRS (NOAA-20)","resolution_m":375,"frp":2.37,"intensity":"low","confidence":"n","acq_datetime":"2026-10-03 02:02Z","daynight":"Night"}},{"type":"Feature","geometry":{"type":"Point","coordinates":[6.0306,33.91798]},"properties":{"source":"VIIRS (NOAA-20)","resolution_m":375,"frp":9.69,"intensity":"low","confidence":"n","acq_datetime":"2026-10-03 02:02Z","daynight":"Night"}},{"type":"Feature","geometry":{"type":"Point","coordinates":[6.02718,33.9184]},"properties":{"source":"VIIRS (NOAA-20)","resolution_m":375,"frp":10.0,"intensity":"moderate","confidence":"n","acq_datetime":"2026-10-03 02:02Z","daynight":"Night"}},{"type":"Feature","geometry":{"type":"Point","coordinates":[6.02551,33.9191]},"properties":{"source":"VIIRS (NOAA-20)","resolution_m":375,"frp":9.69,"intensity":"low","confidence":"n","acq_datetime":"2026-10-03 02:02Z","daynight":"Night"}},{"type":"Feature","geometry":{"type":"Point","coordinates":[6.02212,33.91956]},"properties":{"source":"VIIRS (NOAA-20)","resolution_m":375,"frp":10.0,"intensity":"moderate","confidence":"n","acq_datetime":"2026-10-03 02:02Z","daynight":"Night"}},{"type":"Feature","geometry":{"type":"Point","coordinates":[11.84681,26.43323]},"properties":{"source":"VIIRS (NOAA-20)","resolution_m":375,"frp":1.6,"intensity":"low","confidence":"n","acq_datetime":"2026-10-03 02:04Z","daynight":"Night"}},{"type":"Feature","geometry":{"type":"Point","coordinates":[8.83708,27.40841]},"properties":{"source":"VIIRS (NOAA-20)","resolution_m":375,"frp":1.1,"intensity":"low","confidence":"n","acq_datetime":"2026-10-03 02:04Z","daynight":"Night"}},{"type":"Feature","geometry":{"type":"Point","coordinates":[0.23743,27.82266]},"properties":{"source":"VIIRS (NOAA-20)","resolution_m":375,"frp":2.83,"intensity":"low","confidence":"n","acq_datetime":"2026-10-03 02:04Z","daynight":"Night"}},{"type":"Feature","geometry":{"type":"Point","coordinates":[0.23273,27.82352]},"properties":{"source":"VIIRS (NOAA-20)","resolution_m":375,"frp":3.41,"intensity":"low","confidence":"n","acq_datetime":"2026-10-03 02:04Z","daynight":"Night"}},{"type":"Feature","geometry":{"type":"Point","coordinates":[-0.51914,28.20037]},"properties":{"source":"VIIRS (NOAA-20)","resolution_m":375,"frp":2.81,"intensity":"low","confidence":"n","acq_datetime":"2026-10-03 02:04Z","daynight":"Night"}},{"type":"Feature","geometry":{"type":"Point","coordinates":[-0.51638,28.20099]},"properties":{"source":"VIIRS (NOAA-20)","resolution_m":375,"frp":1.69,"intensity":"low","confidence":"n","acq_datetime":"2026-10-03 02:04Z","daynight":"Night"}},{"type":"Feature","geometry":{"type":"Point","coordinates":[-0.1585,28.21235]},"properties":{"source":"VIIRS (NOAA-20)","resolution_m":375,"frp":0.69,"intensity":"low","confidence":"n","acq_datetime":"2026-10-03 02:04Z","daynight":"Night"}},{"type":"Feature","geometry":{"type":"Point","coordinates":[-7.94424,12.56457]},"properties":{"source":"VIIRS (NOAA-20)","resolution_m":375,"frp":0.7,"intensity":"low","confidence":"n","acq_datetime":"2026-10-03 02:09Z","daynight":"Night"}},{"type":"Feature","geometry":{"type":"Point","coordinates":[-17.011,14.66637]},"properties":{"source":"VIIRS (NOAA-20)","resolution_m":375,"frp":1.52,"intensity":"low","confidence":"n","acq_datetime":"2026-10-03 02:09Z","daynight":"Night"}},{"type":"Feature","geometry":{"type":"Point","coordinates":[-3.14021,4.5891]},"properties":{"source":"VIIRS (NOAA-20)","resolution_m":375,"frp":1.73,"intensity":"low","confidence":"n","acq_datetime":"2026-10-03 02:11Z","daynight":"Night"}},{"type":"Feature","geometry":{"type":"Point","coordinates":[-2.89041,4.59594]},"properties":{"source":"VIIRS (NOAA-20)","resolution_m":375,"frp":2.23,"intensity":"low","confidence":"n","acq_datetime":"2026-10-03 02:11Z","daynight":"Night"}},{"type":"Feature","geometry":{"type":"Point","coordinates":[-2.89459,4.59663]},"properties":{"source":"VIIRS (NOAA-20)","resolution_m":375,"frp":2.23,"intensity":"low","confidence":"n","acq_datetime":"2026-10-03 02:11Z","daynight":"Night"}},{"type":"Feature","geometry":{"type":"Point","coordinates":[-3.55718,4.68085]},"properties":{"source":"VIIRS (NOAA-20)","resolution_m":375,"frp":4.83,"intensity":"low","confidence":"n","acq_datetime":"2026-10-03 02:11Z","daynight":"Night"}},{"type":"Feature","geometry":{"type":"Point","coordinates":[-4.44858,5.04248]},"properties":{"source":"VIIRS (NOAA-20)","resolution_m":375,"frp":0.85,"intensity":"low","confidence":"n","acq_datetime":"2026-10-03 02:11Z","daynight":"Night"}},{"type":"Feature","geometry":{"type":"Point","coordinates":[-3.99346,5.26351]},"properties":{"source":"VIIRS (NOAA-20)","resolution_m":375,"frp":1.61,"intensity":"low","confidence":"n","acq_datetime":"2026-10-03 02:11Z","daynight":"Night"}},{"type":"Feature","geometry":{"type":"Point","coordinates":[-3.35694,5.39816]},"properties":{"source":"VIIRS (NOAA-20)","resolution_m":375,"frp":0.75,"intensity":"low","confidence":"n","acq_datetime":"2026-10-03 02:11Z","daynight":"Night"}},{"type":"Feature","geometry":{"type":"Point","coordinates":[0.05179,5.91337]},"properties":{"source":"VIIRS (NOAA-20)","resolution_m":375,"frp":0.92,"intensity":"low","confidence":"n","acq_datetime":"2026-10-03 02:11Z","daynight":"Night"}},{"type":"Feature","geometry":{"type":"Point","coordinates":[0.04872,5.91391]},"properties":{"source":"VIIRS (NOAA-20)","resolution_m":375,"frp":0.83,"intensity":"low","confidence":"n","acq_datetime":"2026-10-03 02:11Z","daynight":"Night"}},{"type":"Feature","geometry":{"type":"Point","coordinates":[0.04652,5.91965]},"properties":{"source":"VIIRS (NOAA-20)","resolution_m":375,"frp":0.59,"intensity":"low","confidence":"n","acq_datetime":"2026-10-03 02:11Z","daynight":"Night"}},{"type":"Feature","geometry":{"type":"Point","coordinates":[-2.01401,6.23959]},"properties":{"source":"VIIRS (NOAA-20)","resolution_m":375,"frp":1.08,"intensity":"low","confidence":"n","acq_datetime":"2026-10-03 02:11Z","daynight":"Night"}},{"type":"Feature","geometry":{"type":"Point","coordinates":[-5.01802,6.47945]},"properties":{"source":"VIIRS (NOAA-20)","resolution_m":375,"frp":1.61,"intensity":"low","confidence":"n","acq_datetime":"2026-10-03 02:11Z","daynight":"Night"}},{"type":"Feature","geometry":{"type":"Point","coordinates":[-5.02242,6.48017]},"properties":{"source":"VIIRS (NOAA-20)","resolution_m":375,"frp":1.61,"intensity":"low","confidence":"n","acq_datetime":"2026-10-03 02:11Z","daynight":"Night"}},{"type":"Feature","geometry":{"type":"Point","coordinates":[-5.01741,6.48314]},"properties":{"source":"VIIRS (NOAA-20)","resolution_m":375,"frp":1.61,"intensity":"low","confidence":"n","acq_datetime":"2026-10-03 02:11Z","daynight":"Night"}},{"type":"Feature","geometry":{"type":"Point","coordinates":[-5.02181,6.48386]},"properties":{"source":"VIIRS (NOAA-20)","resolution_m":375,"frp":1.61,"intensity":"low","confidence":"n","acq_datetime":"2026-10-03 02:11Z","daynight":"Night"}},{"type":"Feature","geometry":{"type":"Point","coordinates":[-0.8896,6.5991]},"properties":{"source":"VIIRS (NOAA-20)","resolution_m":375,"frp":1.5,"intensity":"low","confidence":"n","acq_datetime":"2026-10-03 02:11Z","daynight":"Night"}},{"type":"Feature","geometry":{"type":"Point","coordinates":[49.63175,28.37171]},"properties":{"source":"MODIS (Terra/Aqua)","resolution_m":1000,"frp":57.02,"intensity":"high","confidence":"90","acq_datetime":"2026-10-03 01:20Z","daynight":"Night"}},{"type":"Feature","geometry":{"type":"Point","coordinates":[49.63648,28.37174]},"properties":{"source":"MODIS (Terra/Aqua)","resolution_m":1000,"frp":69.88,"intensity":"high","confidence":"97","acq_datetime":"2026-10-03 01:20Z","daynight":"Night"}},{"type":"Feature","geometry":{"type":"Point","coordinates":[49.71277,28.49428]},"properties":{"source":"MODIS (Terra/Aqua)","resolution_m":1000,"frp":51.24,"intensity":"high","confidence":"87","acq_datetime":"2026-10-03 01:20Z","daynight":"Night"}},{"type":"Feature","geometry":{"type":"Point","coordinates":[47.42575,30.16084]},"properties":{"source":"MODIS (Terra/Aqua)","resolution_m":1000,"frp":17.26,"intensity":"moderate","confidence":"32","acq_datetime":"2026-10-03 01:20Z","daynight":"Night"}},{"type":"Feature","geometry":{"type":"Point","coordinates":[47.43185,30.16486]},"properties":{"source":"MODIS (Terra/Aqua)","resolution_m":1000,"frp":22.58,"intensity":"moderate","confidence":"78","acq_datetime":"2026-10-03 01:20Z","daynight":"Night"}},{"type":"Feature","geometry":{"type":"Point","coordinates":[47.41138,30.16912]},"properties":{"source":"MODIS (Terra/Aqua)","resolution_m":1000,"frp":41.58,"intensity":"moderate","confidence":"96","acq_datetime":"2026-10-03 01:20Z","daynight":"Night"}},{"type":"Feature","geometry":{"type":"Point","coordinates":[47.42904,30.17286]},"properties":{"source":"MODIS (Terra/Aqua)","resolution_m":1000,"frp":17.01,"intensity":"moderate","confidence":"38","acq_datetime":"2026-10-03 01:20Z","daynight":"Night"}},{"type":"Feature","geometry":{"type":"Point","coordinates":[47.40854,30.17696]},"properties":{"source":"MODIS (Terra/Aqua)","resolution_m":1000,"frp":21.08,"intensity":"moderate","confidence":"67","acq_datetime":"2026-10-03 01:20Z","daynight":"Night"}},{"type":"Feature","geometry":{"type":"Point","coordinates":[47.40091,30.20929]},"properties":{"source":"MODIS (Terra/Aqua)","resolution_m":1000,"frp":100.41,"intensity":"high","confidence":"100","acq_datetime":"2026-10-03 01:20Z","daynight":"Night"}},{"type":"Feature","geometry":{"type":"Point","coordinates":[47.38063,30.21344]},"properties":{"source":"MODIS (Terra/Aqua)","resolution_m":1000,"frp":18.66,"intensity":"moderate","confidence":"70","acq_datetime":"2026-10-03 01:20Z","daynight":"Night"}},{"type":"Feature","geometry":{"type":"Point","coordinates":[47.36486,30.28453]},"properties":{"source":"MODIS (Terra/Aqua)","resolution_m":1000,"frp":22.97,"intensity":"moderate","confidence":"66","acq_datetime":"2026-10-03 01:20Z","daynight":"Night"}},{"type":"Feature","geometry":{"type":"Point","coordinates":[47.34734,30.3572]},"properties":{"source":"MODIS (Terra/Aqua)","resolution_m":1000,"frp":13.76,"intensity":"moderate","confidence":"18","acq_datetime":"2026-10-03 01:20Z","daynight":"Night"}},{"type":"Feature","geometry":{"type":"Point","coordinates":[47.34432,30.36416]},"properties":{"source":"MODIS (Terra/Aqua)","resolution_m":1000,"frp":14.17,"intensity":"moderate","confidence":"22","acq_datetime":"2026-10-03 01:20Z","daynight":"Night"}},{"type":"Feature","geometry":{"type":"Point","coordinates":[47.3404,30.40885]},"properties":{"source":"MODIS (Terra/Aqua)","resolution_m":1000,"frp":21.38,"intensity":"moderate","confidence":"50","acq_datetime":"2026-10-03 01:20Z","daynight":"Night"}},{"type":"Feature","geometry":{"type":"Point","coordinates":[47.10122,30.56277]},"properties":{"source":"MODIS (Terra/Aqua)","resolution_m":1000,"frp":21.39,"intensity":"moderate","confidence":"26","acq_datetime":"2026-10-03 01:20Z","daynight":"Night"}},{"type":"Feature","geometry":{"type":"Point","coordinates":[48.29969,30.74391]},"properties":{"source":"MODIS (Terra/Aqua)","resolution_m":1000,"frp":22.16,"intensity":"moderate","confidence":"80","acq_datetime":"2026-10-03 01:20Z","daynight":"Night"}},{"type":"Feature","geometry":{"type":"Point","coordinates":[48.27689,30.74862]},"properties":{"source":"MODIS (Terra/Aqua)","resolution_m":1000,"frp":37.03,"intensity":"moderate","confidence":"92","acq_datetime":"2026-10-03 01:20Z","daynight":"Night"}},{"type":"Feature","geometry":{"type":"Point","coordinates":[48.28186,30.74866]},"properties":{"source":"MODIS (Terra/Aqua)","resolution_m":1000,"frp":54.36,"intensity":"high","confidence":"100","acq_datetime":"2026-10-03 01:20Z","daynight":"Night"}},{"type":"Feature","geometry":{"type":"Point","coordinates":[48.28542,30.76122]},"properties":{"source":"MODIS (Terra/Aqua)","resolution_m":1000,"frp":72.33,"intensity":"high","confidence":"100","acq_datetime":"2026-10-03 01:20Z","daynight":"Night"}},{"type":"Feature","geometry":{"type":"Point","coordinates":[47.91814,30.86456]},"properties":{"source":"MODIS (Terra/Aqua)","resolution_m":1000,"frp":10.69,"intensity":"moderate","confidence":"45","acq_datetime":"2026-10-03 01:20Z","daynight":"Night"}},{"type":"Feature","geometry":{"type":"Point","coordinates":[47.79333,31.09046]},"properties":{"source":"MODIS (Terra/Aqua)","resolution_m":1000,"frp":28.74,"intensity":"moderate","confidence":"70","acq_datetime":"2026-10-03 01:20Z","daynight":"Night"}},{"type":"Feature","geometry":{"type":"Point","coordinates":[32.94487,8.86542]},"properties":{"source":"MODIS (Terra/Aqua)","resolution_m":1000,"frp":12.48,"intensity":"moderate","confidence":"81","acq_datetime":"2026-10-03 01:26Z","daynight":"Night"}},{"type":"Feature","geometry":{"type":"Point","coordinates":[32.93446,8.86692]},"properties":{"source":"MODIS (Terra/Aqua)","resolution_m":1000,"frp":12.6,"intensity":"moderate","confidence":"81","acq_datetime":"2026-10-03 01:26Z","daynight":"Night"}},{"type":"Feature","geometry":{"type":"Point","coordinates":[34.56673,-2.7043]},"properties":{"source":"MODIS (Terra/Aqua)","resolution_m":1000,"frp":6.57,"intensity":"low","confidence":"48","acq_datetime":"2026-10-03 01:28Z","daynight":"Night"}},{"type":"Feature","geometry":{"type":"Point","coordinates":[34.55743,-2.70292]},"properties":{"source":"MODIS (Terra/Aqua)","resolution_m":1000,"frp":9.36,"intensity":"low","confidence":"68","acq_datetime":"2026-10-03 01:28Z","daynight":"Night"}},{"type":"Feature","geometry":{"type":"Point","coordinates":[29.20914,-1.41993]},"properties":{"source":"MODIS (Terra/Aqua)","resolution_m":1000,"frp":24.02,"intensity":"moderate","confidence":"87","acq_datetime":"2026-10-03 01:28Z","daynight":"Night"}},{"type":"Feature","geometry":{"type":"Point","coordinates":[29.2162,-1.41538]},"properties":{"source":"MODIS (Terra/Aqua)","resolution_m":1000,"frp":39.76,"intensity":"moderate","confidence":"66","acq_datetime":"2026-10-03 01:28Z","daynight":"Night"}},{"type":"Feature","geometry":{"type":"Point","coordinates":[29.20391,-1.41353]},"properties":{"source":"MODIS (Terra/Aqua)","resolution_m":1000,"frp":111.33,"intensity":"high","confidence":"100","acq_datetime":"2026-10-03 01:28Z","daynight":"Night"}},{"type":"Feature","geometry":{"type":"Point","coordinates":[29.21747,-1.40485]},"properties":{"source":"MODIS (Terra/Aqua)","resolution_m":1000,"frp":66.11,"intensity":"high","confidence":"100","acq_datetime":"2026-10-03 01:28Z","daynight":"Night"}},{"type":"Feature","geometry":{"type":"Point","coordinates":[29.20546,-1.40303]},"properties":{"source":"MODIS (Terra/Aqua)","resolution_m":1000,"frp":328.12,"intensity":"extreme","confidence":"100","acq_datetime":"2026-10-03 01:28Z","daynight":"Night"}},{"type":"Feature","geometry":{"type":"Point","coordinates":[29.19203,-1.40101]},"properties":{"source":"MODIS (Terra/Aqua)","resolution_m":1000,"frp":59.24,"intensity":"high","confidence":"100","acq_datetime":"2026-10-03 01:28Z","daynight":"Night"}},{"type":"Feature","geometry":{"type":"Point","coordinates":[29.21782,-1.39418]},"properties":{"source":"MODIS (Terra/Aqua)","resolution_m":1000,"frp":15.3,"intensity":"moderate","confidence":"32","acq_datetime":"2026-10-03 01:28Z","daynight":"Night"}},{"type":"Feature","geometry":{"type":"Point","coordinates":[29.20559,-1.39232]},"properties":{"source":"MODIS (Terra/Aqua)","resolution_m":1000,"frp":27.69,"intensity":"moderate","confidence":"50","acq_datetime":"2026-10-03 01:28Z","daynight":"Night"}},{"type":"Feature","geometry":{"type":"Point","coordinates":[37.24347,-7.22888]},"properties":{"source":"MODIS (Terra/Aqua)","resolution_m":1000,"frp":16.8,"intensity":"moderate","confidence":"50","acq_datetime":"2026-10-03 01:30Z","daynight":"Night"}},{"type":"Feature","geometry":{"type":"Point","coordinates":[36.23131,-6.81589]},"properties":{"source":"MODIS (Terra/Aqua)","resolution_m":1000,"frp":9.99,"intensity":"low","confidence":"48","acq_datetime":"2026-10-03 01:30Z","daynight":"Night"}},{"type":"Feature","geometry":{"type":"Point","coordinates":[36.23751,-6.81095]},"properties":{"source":"MODIS (Terra/Aqua)","resolution_m":1000,"frp":11.36,"intensity":"moderate","confidence":"58","acq_datetime":"2026-10-03 01:30Z","daynight":"Night"}},{"type":"Feature","geometry":{"type":"Point","coordinates":[26.40312,-12.08013]},"properties":{"source":"MODIS (Terra/Aqua)","resolution_m":1000,"frp":13.24,"intensity":"moderate","confidence":"51","acq_datetime":"2026-10-03 01:32Z","daynight":"Night"}},{"type":"Feature","geometry":{"type":"Point","coordinates":[30.14821,-7.73815]},"properties":{"source":"MODIS (Terra/Aqua)","resolution_m":1000,"frp":7.5,"intensity":"low","confidence":"46","acq_datetime":"2026-10-03 01:32Z","daynight":"Night"}},{"type":"Feature","geometry":{"type":"Point","coordinates":[30.11993,-24.8133]},"properties":{"source":"MODIS (Terra/Aqua)","resolution_m":1000,"frp":9.0,"intensity":"low","confidence":"44","acq_datetime":"2026-10-03 01:34Z","daynight":"Night"}},{"type":"Feature","geometry":{"type":"Point","coordinates":[29.2117,-26.03128]},"properties":{"source":"MODIS (Terra/Aqua)","resolution_m":1000,"frp":8.15,"intensity":"low","confidence":"21","acq_datetime":"2026-10-03 01:37Z","daynight":"Night"}},{"type":"Feature","geometry":{"type":"Point","coordinates":[20.98802,28.91314]},"properties":{"source":"MODIS (Terra/Aqua)","resolution_m":1000,"frp":16.76,"intensity":"moderate","confidence":"62","acq_datetime":"2026-10-03 03:00Z","daynight":"Night"}},{"type":"Feature","geometry":{"type":"Point","coordinates":[19.70142,29.23821]},"properties":{"source":"MODIS (Terra/Aqua)","resolution_m":1000,"frp":7.96,"intensity":"low","confidence":"12","acq_datetime":"2026-10-03 03:00Z","daynight":"Night"}},{"type":"Feature","geometry":{"type":"Point","coordinates":[11.05654,-6.31722]},"properties":{"source":"MODIS (Terra/Aqua)","resolution_m":1000,"frp":9.84,"intensity":"low","confidence":"50","acq_datetime":"2026-10-03 03:08Z","daynight":"Night"}},{"type":"Feature","geometry":{"type":"Point","coordinates":[77.70868,64.4209]},"properties":{"source":"VIIRS (NOAA-20)","resolution_m":375,"frp":5.36,"intensity":"low","confidence":"n","acq_datetime":"2026-10-03 00:07Z","daynight":"Night"}},{"type":"Feature","geometry":{"type":"Point","coordinates":[75.90652,64.48746]},"properties":{"source":"VIIRS (NOAA-20)","resolution_m":375,"frp":4.22,"intensity":"low","confidence":"n","acq_datetime":"2026-10-03 00:07Z","daynight":"Night"}},{"type":"Feature","geometry":{"type":"Point","coordinates":[75.8987,64.49226]},"properties":{"source":"VIIRS (NOAA-20)","resolution_m":375,"frp":3.31,"intensity":"low","confidence":"n","acq_datetime":"2026-10-03 00:07Z","daynight":"Night"}},{"type":"Feature","geometry":{"type":"Point","coordinates":[75.42902,64.75375]},"properties":{"source":"VIIRS (NOAA-20)","resolution_m":375,"frp":4.19,"intensity":"low","confidence":"n","acq_datetime":"2026-10-03 00:07Z","daynight":"Night"}},{"type":"Feature","geometry":{"type":"Point","coordinates":[75.51112,64.90976]},"properties":{"source":"VIIRS (NOAA-20)","resolution_m":375,"frp":1.12,"intensity":"low","confidence":"n","acq_datetime":"2026-10-03 00:07Z","daynight":"Night"}},{"type":"Feature","geometry":{"type":"Point","coordinates":[76.96235,65.86027]},"properties":{"source":"VIIRS (NOAA-20)","resolution_m":375,"frp":2.34,"intensity":"low","confidence":"n","acq_datetime":"2026-10-03 00:07Z","daynight":"Night"}},{"type":"Feature","geometry":{"type":"Point","coordinates":[77.01331,66.0527]},"properties":{"source":"VIIRS (NOAA-20)","resolution_m":375,"frp":1.33,"intensity":"low","confidence":"n","acq_datetime":"2026-10-03 00:07Z","daynight":"Night"}},{"type":"Feature","geometry":{"type":"Point","coordinates":[77.38071,66.07714]},"properties":{"source":"VIIRS (NOAA-20)","resolution_m":375,"frp":2.68,"intensity":"low","confidence":"n","acq_datetime":"2026-10-03 00:07Z","daynight":"Night"}},{"type":"Feature","geometry":{"type":"Point","coordinates":[77.39201,66.07852]},"properties":{"source":"VIIRS (NOAA-20)","resolution_m":375,"frp":1.58,"intensity":"low","confidence":"n","acq_datetime":"2026-10-03 00:07Z","daynight":"Night"}},{"type":"Feature","geometry":{"type":"Point","coordinates":[76.84788,66.09624]},"properties":{"source":"VIIRS (NOAA-20)","resolution_m":375,"frp":5.16,"intensity":"low","confidence":"n","acq_datetime":"2026-10-03 00:07Z","daynight":"Night"}},{"type":"Feature","geometry":{"type":"Point","coordinates":[77.06422,66.11079]},"properties":{"source":"VIIRS (NOAA-20)","resolution_m":375,"frp":4.65,"intensity":"low","confidence":"n","acq_datetime":"2026-10-03 00:07Z","daynight":"Night"}},{"type":"Feature","geometry":{"type":"Point","coordinates":[77.06167,66.11353]},"properties":{"source":"VIIRS (NOAA-20)","resolution_m":375,"frp":7.9,"intensity":"low","confidence":"h","acq_datetime":"2026-10-03 00:07Z","daynight":"Night"}},{"type":"Feature","geometry":{"type":"Point","coordinates":[77.05747,66.11489]},"properties":{"source":"VIIRS (NOAA-20)","resolution_m":375,"frp":6.5,"intensity":"low","confidence":"n","acq_datetime":"2026-10-03 00:07Z","daynight":"Night"}},{"type":"Feature","geometry":{"type":"Point","coordinates":[77.6948,66.18848]},"properties":{"source":"VIIRS (NOAA-20)","resolution_m":375,"frp":1.45,"intensity":"low","confidence":"n","acq_datetime":"2026-10-03 00:07Z","daynight":"Night"}},{"type":"Feature","geometry":{"type":"Point","coordinates":[77.68803,66.19266]},"properties":{"source":"VIIRS (NOAA-20)","resolution_m":375,"frp":1.45,"intensity":"low","confidence":"n","acq_datetime":"2026-10-03 00:07Z","daynight":"Night"}},{"type":"Feature","geometry":{"type":"Point","coordinates":[77.23663,66.19825]},"properties":{"source":"VIIRS (NOAA-20)","resolution_m":375,"frp":2.18,"intensity":"low","confidence":"n","acq_datetime":"2026-10-03 00:07Z","daynight":"Night"}},{"type":"Feature","geometry":{"type":"Point","coordinates":[70.99828,66.19931]},"properties":{"source":"VIIRS (NOAA-20)","resolution_m":375,"frp":2.56,"intensity":"low","confidence":"n","acq_datetime":"2026-10-03 00:07Z","daynight":"Night"}},{"type":"Feature","geometry":{"type":"Point","coordinates":[70.99032,66.20047]},"properties":{"source":"VIIRS (NOAA-20)","resolution_m":375,"frp":3.98,"intensity":"low","confidence":"n","acq_datetime":"2026-10-03 00:07Z","daynight":"Night"}},{"type":"Feature","geometry":{"type":"Point","coordinates":[70.99226,66.20223]},"properties":{"source":"VIIRS (NOAA-20)","resolution_m":375,"frp":2.56,"intensity":"low","confidence":"n","acq_datetime":"2026-10-03 00:07Z","daynight":"Night"}},{"type":"Feature","geometry":{"type":"Point","coordinates":[76.81985,66.24644]},"properties":{"source":"VIIRS (NOAA-20)","resolution_m":375,"frp":4.36,"intensity":"low","confidence":"n","acq_datetime":"2026-10-03 00:07Z","daynight":"Night"}},{"type":"Feature","geometry":{"type":"Point","coordinates":[76.81815,66.24834]},"properties":{"source":"VIIRS (NOAA-20)","resolution_m":375,"frp":4.77,"intensity":"low","confidence":"n","acq_datetime":"2026-10-03 00:07Z","daynight":"Night"}},{"type":"Feature","geometry":{"type":"Point","coordinates":[76.81317,66.25039]},"properties":{"source":"VIIRS (NOAA-20)","resolution_m":375,"frp":3.21,"intensity":"low","confidence":"n","acq_datetime":"2026-10-03 00:07Z","daynight":"Night"}},{"type":"Feature","geometry":{"type":"Point","coordinates":[76.76007,66.28177]},"properties":{"source":"VIIRS (NOAA-20)","resolution_m":375,"frp":0.86,"intensity":"low","confidence":"n","acq_datetime":"2026-10-03 00:07Z","daynight":"Night"}},{"type":"Feature","geometry":{"type":"Point","coordinates":[76.99303,66.31094]},"properties":{"source":"VIIRS (NOAA-20)","resolution_m":375,"frp":4.5,"intensity":"low","confidence":"n","acq_datetime":"2026-10-03 00:07Z","daynight":"Night"}},{"type":"Feature","geometry":{"type":"Point","coordinates":[76.99058,66.31195]},"properties":{"source":"VIIRS (NOAA-20)","resolution_m":375,"frp":2.83,"intensity":"low","confidence":"n","acq_datetime":"2026-10-03 00:07Z","daynight":"Night"}},{"type":"Feature","geometry":{"type":"Point","coordinates":[77.00343,66.31538]},"properties":{"source":"VIIRS (NOAA-20)","resolution_m":375,"frp":2.83,"intensity":"low","confidence":"n","acq_datetime":"2026-10-03 00:07Z","daynight":"Night"}},{"type":"Feature","geometry":{"type":"Point","coordinates":[76.79649,66.31682]},"properties":{"source":"VIIRS (NOAA-20)","resolution_m":375,"frp":3.56,"intensity":"low","confidence":"n","acq_datetime":"2026-10-03 00:07Z","daynight":"Night"}},{"type":"Feature","geometry":{"type":"Point","coordinates":[80.41715,66.60216]},"properties":{"source":"VIIRS (NOAA-20)","resolution_m":375,"frp":1.86,"intensity":"low","confidence":"n","acq_datetime":"2026-10-03 00:07Z","daynight":"Night"}},{"type":"Feature","geometry":{"type":"Point","coordinates":[76.83956,66.65971]},"properties":{"source":"VIIRS (NOAA-20)","resolution_m":375,"frp":3.64,"intensity":"low","confidence":"n","acq_datetime":"2026-10-03 00:07Z","daynight":"Night"}},{"type":"Feature","geometry":{"type":"Point","coordinates":[80.46191,66.65993]},"properties":{"source":"VIIRS (NOAA-20)","resolution_m":375,"frp":5.88,"intensity":"low","confidence":"n","acq_datetime":"2026-10-03 00:07Z","daynight":"Night"}},{"type":"Feature","geometry":{"type":"Point","coordinates":[80.45343,66.66102]},"properties":{"source":"VIIRS (NOAA-20)","resolution_m":375,"frp":3.19,"intensity":"low","confidence":"n","acq_datetime":"2026-10-03 00:07Z","daynight":"Night"}},{"type":"Feature","geometry":{"type":"Point","coordinates":[80.46722,66.6643]},"properties":{"source":"VIIRS (NOAA-20)","resolution_m":375,"frp":3.19,"intensity":"low","confidence":"n","acq_datetime":"2026-10-03 00:07Z","daynight":"Night"}},{"type":"Feature","geometry":{"type":"Point","coordinates":[80.45531,66.66435]},"properties":{"source":"VIIRS (NOAA-20)","resolution_m":375,"frp":3.76,"intensity":"low","confidence":"n","acq_datetime":"2026-10-03 00:07Z","daynight":"Night"}},{"type":"Feature","geometry":{"type":"Point","coordinates":[80.46072,66.66871]},"properties":{"source":"VIIRS (NOAA-20)","resolution_m":375,"frp":3.19,"intensity":"low","confidence":"n","acq_datetime":"2026-10-03 00:07Z","daynight":"Night"}},{"type":"Feature","geometry":{"type":"Point","coordinates":[80.44874,66.66875]},"properties":{"source":"VIIRS (NOAA-20)","resolution_m":375,"frp":3.76,"intensity":"low","confidence":"n","acq_datetime":"2026-10-03 00:07Z","daynight":"Night"}},{"type":"Feature","geometry":{"type":"Point","coordinates":[80.45425,66.67311]},"properties":{"source":"VIIRS (NOAA-20)","resolution_m":375,"frp":3.48,"intensity":"low","confidence":"n","acq_datetime":"2026-10-03 00:07Z","daynight":"Night"}},{"type":"Feature","geometry":{"type":"Point","coordinates":[80.44305,66.70595]},"properties":{"source":"VIIRS (NOAA-20)","resolution_m":375,"frp":4.68,"intensity":"low","confidence":"n","acq_datetime":"2026-10-03 00:07Z","daynight":"Night"}},{"type":"Feature","geometry":{"type":"Point","coordinates":[80.44447,66.70901]},"properties":{"source":"VIIRS (NOAA-20)","resolution_m":375,"frp":8.49,"intensity":"low","confidence":"h","acq_datetime":"2026-10-03 00:07Z","daynight":"Night"}},{"type":"Feature","geometry":{"type":"Point","coordinates":[80.43662,66.7103]},"properties":{"source":"VIIRS (NOAA-20)","resolution_m":375,"frp":4.68,"intensity":"low","confidence":"n","acq_datetime":"2026-10-03 00:07Z","daynight":"Night"}},{"type":"Feature","geometry":{"type":"Point","coordinates":[80.49835,66.71889]},"properties":{"source":"VIIRS (NOAA-20)","resolution_m":375,"frp":2.26,"intensity":"low","confidence":"n","acq_datetime":"2026-10-03 00:07Z","daynight":"Night"}},{"type":"Feature","geometry":{"type":"Point","coordinates":[80.42471,66.73093]},"properties":{"source":"VIIRS (NOAA-20)","resolution_m":375,"frp":1.91,"intensity":"low","confidence":"n","acq_datetime":"2026-10-03 00:07Z","daynight":"Night"}},{"type":"Feature","geometry":{"type":"Point","coordinates":[80.42566,66.73397]},"properties":{"source":"VIIRS (NOAA-20)","resolution_m":375,"frp":2.72,"intensity":"low","confidence":"n","acq_datetime":"2026-10-03 00:07Z","daynight":"Night"}},{"type":"Feature","geometry":{"type":"Point","coordinates":[80.41827,66.73528]},"properties":{"source":"VIIRS (NOAA-20)","resolution_m":375,"frp":2.47,"intensity":"low","confidence":"n","acq_datetime":"2026-10-03 00:07Z","daynight":"Night"}},{"type":"Feature","geometry":{"type":"Point","coordinates":[77.75248,66.8722]},"properties":{"source":"VIIRS (NOAA-20)","resolution_m":375,"frp":4.03,"intensity":"low","confidence":"n","acq_datetime":"2026-10-03 00:07Z","daynight":"Night"}},{"type":"Feature","geometry":{"type":"Point","coordinates":[77.34452,66.88462]},"properties":{"source":"VIIRS (NOAA-20)","resolution_m":375,"frp":2.17,"intensity":"low","confidence":"n","acq_datetime":"2026-10-03 00:07Z","daynight":"Night"}},{"type":"Feature","geometry":{"type":"Point","coordinates":[77.33391,66.88557]},"properties":{"source":"VIIRS (NOAA-20)","resolution_m":375,"frp":3.01,"intensity":"low","confidence":"n","acq_datetime":"2026-10-03 00:07Z","daynight":"Night"}},{"type":"Feature","geometry":{"type":"Point","coordinates":[77.33827,66.88831]},"properties":{"source":"VIIRS (NOAA-20)","resolution_m":375,"frp":2.39,"intensity":"low","confidence":"n","acq_datetime":"2026-10-03 00:07Z","daynight":"Night"}},{"type":"Feature","geometry":{"type":"Point","coordinates":[75.59883,66.90375]},"properties":{"source":"VIIRS (NOAA-20)","resolution_m":375,"frp":4.75,"intensity":"low","confidence":"n","acq_datetime":"2026-10-03 00:07Z","daynight":"Night"}},{"type":"Feature","geometry":{"type":"Point","coordinates":[75.61549,66.90506]},"properties":{"source":"VIIRS (NOAA-20)","resolution_m":375,"frp":4.94,"intensity":"low","confidence":"n","acq_datetime":"2026-10-03 00:07Z","daynight":"Night"}},{"type":"Feature","geometry":{"type":"Point","coordinates":[75.61114,66.90712]},"properties":{"source":"VIIRS (NOAA-20)","resolution_m":375,"frp":4.75,"intensity":"low","confidence":"h","acq_datetime":"2026-10-03 00:07Z","daynight":"Night"}},{"type":"Feature","geometry":{"type":"Point","coordinates":[75.60938,66.9085]},"properties":{"source":"VIIRS (NOAA-20)","resolution_m":375,"frp":4.94,"intensity":"low","confidence":"h","acq_datetime":"2026-10-03 00:07Z","daynight":"Night"}},{"type":"Feature","geometry":{"type":"Point","coordinates":[75.54969,66.95128]},"properties":{"source":"VIIRS (NOAA-20)","resolution_m":375,"frp":7.09,"intensity":"low","confidence":"n","acq_datetime":"2026-10-03 00:07Z","daynight":"Night"}},{"type":"Feature","geometry":{"type":"Point","coordinates":[75.54868,66.95286]},"properties":{"source":"VIIRS (NOAA-20)","resolution_m":375,"frp":7.87,"intensity":"low","confidence":"n","acq_datetime":"2026-10-03 00:07Z","daynight":"Night"}},{"type":"Feature","geometry":{"type":"Point","coordinates":[75.54356,66.95467]},"properties":{"source":"VIIRS (NOAA-20)","resolution_m":375,"frp":7.09,"intensity":"low","confidence":"n","acq_datetime":"2026-10-03 00:07Z","daynight":"Night"}},{"type":"Feature","geometry":{"type":"Point","coordinates":[75.54259,66.95627]},"properties":{"source":"VIIRS (NOAA-20)","resolution_m":375,"frp":10.81,"intensity":"moderate","confidence":"n","acq_datetime":"2026-10-03 00:07Z","daynight":"Night"}},{"type":"Feature","geometry":{"type":"Point","coordinates":[75.53741,66.95806]},"properties":{"source":"VIIRS (NOAA-20)","resolution_m":375,"frp":10.66,"intensity":"moderate","confidence":"n","acq_datetime":"2026-10-03 00:07Z","daynight":"Night"}},{"type":"Feature","geometry":{"type":"Point","coordinates":[75.53651,66.95968]},"properties":{"source":"VIIRS (NOAA-20)","resolution_m":375,"frp":10.81,"intensity":"moderate","confidence":"n","acq_datetime":"2026-10-03 00:07Z","daynight":"Night"}},{"type":"Feature","geometry":{"type":"Point","coordinates":[75.11588,67.29132]},"properties":{"source":"VIIRS (NOAA-20)","resolution_m":375,"frp":1.12,"intensity":"low","confidence":"n","acq_datetime":"2026-10-03 00:07Z","daynight":"Night"}},{"type":"Feature","geometry":{"type":"Point","coordinates":[77.1516,67.49506]},"properties":{"source":"VIIRS (NOAA-20)","resolution_m":375,"frp":6.55,"intensity":"low","confidence":"n","acq_datetime":"2026-10-03 00:07Z","daynight":"Night"}},{"type":"Feature","geometry":{"type":"Point","coordinates":[77.1457,67.49845]},"properties":{"source":"VIIRS (NOAA-20)","resolution_m":375,"frp":4.75,"intensity":"low","confidence":"n","acq_datetime":"2026-10-03 00:07Z","daynight":"Night"}},{"type":"Feature","geometry":{"type":"Point","coordinates":[72.51911,67.80231]},"properties":{"source":"VIIRS (NOAA-20)","resolution_m":375,"frp":2.0,"intensity":"low","confidence":"n","acq_datetime":"2026-10-03 00:07Z","daynight":"Night"}},{"type":"Feature","geometry":{"type":"Point","coordinates":[72.5164,67.80276]},"properties":{"source":"VIIRS (NOAA-20)","resolution_m":375,"frp":1.61,"intensity":"low","confidence":"n","acq_datetime":"2026-10-03 00:07Z","daynight":"Night"}},{"type":"Feature","geometry":{"type":"Point","coordinates":[72.51375,67.8049]},"properties":{"source":"VIIRS (NOAA-20)","resolution_m":375,"frp":3.19,"intensity":"low","confidence":"n","acq_datetime":"2026-10-03 00:07Z","daynight":"Night"}},{"type":"Feature","geometry":{"type":"Point","coordinates":[72.51109,67.80535]},"properties":{"source":"VIIRS (NOAA-20)","resolution_m":375,"frp":1.61,"intensity":"low","confidence":"n","acq_datetime":"2026-10-03 00:07Z","daynight":"Night"}},{"type":"Feature","geometry":{"type":"Point","coordinates":[72.53025,67.80562]},"properties":{"source":"VIIRS (NOAA-20)","resolution_m":375,"frp":2.0,"intensity":"low","confidence":"n","acq_datetime":"2026-10-03 00:07Z","daynight":"Night"}},{"type":"Feature","geometry":{"type":"Point","coordinates":[72.52746,67.8061]},"properties":{"source":"VIIRS (NOAA-20)","resolution_m":375,"frp":1.61,"intensity":"low","confidence":"n","acq_datetime":"2026-10-03 00:07Z","daynight":"Night"}},{"type":"Feature","geometry":{"type":"Point","coordinates":[80.22617,67.83994]},"properties":{"source":"VIIRS (NOAA-20)","resolution_m":375,"frp":1.55,"intensity":"low","confidence":"n","acq_datetime":"2026-10-03 00:07Z","daynight":"Night"}},{"type":"Feature","geometry":{"type":"Point","coordinates":[80.22037,67.84363]},"properties":{"source":"VIIRS (NOAA-20)","resolution_m":375,"frp":1.55,"intensity":"low","confidence":"n","acq_datetime":"2026-10-03 00:07Z","daynight":"Night"}},{"type":"Feature","geometry":{"type":"Point","coordinates":[74.84096,67.91699]},"properties":{"source":"VIIRS (NOAA-20)","resolution_m":375,"frp":0.58,"intensity":"low","confidence":"n","acq_datetime":"2026-10-03 00:07Z","daynight":"Night"}},{"type":"Feature","geometry":{"type":"Point","coordinates":[79.96397,68.52354]},"properties":{"source":"VIIRS (NOAA-20)","resolution_m":375,"frp":7.6,"intensity":"low","confidence":"n","acq_datetime":"2026-10-03 00:07Z","daynight":"Night"}},{"type":"Feature","geometry":{"type":"Point","coordinates":[79.95858,68.52686]},"properties":{"source":"VIIRS (NOAA-20)","resolution_m":375,"frp":7.6,"intensity":"low","confidence":"h","acq_datetime":"2026-10-03 00:07Z","daynight":"Night"}},{"type":"Feature","geometry":{"type":"Point","coordinates":[81.72125,69.61732]},"properties":{"source":"VIIRS (NOAA-20)","resolution_m":375,"frp":0.92,"intensity":"low","confidence":"n","acq_datetime":"2026-10-03 00:07Z","daynight":"Night"}},{"type":"Feature","geometry":{"type":"Point","coordinates":[67.00846,71.16895]},"properties":{"source":"VIIRS (NOAA-20)","resolution_m":375,"frp":1.12,"intensity":"low","confidence":"n","acq_datetime":"2026-10-03 00:07Z","daynight":"Night"}},{"type":"Feature","geometry":{"type":"Point","coordinates":[56.66462,65.04137]},"properties":{"source":"VIIRS (NOAA-20)","resolution_m":375,"frp":3.15,"intensity":"low","confidence":"n","acq_datetime":"2026-10-03 00:09Z","daynight":"Night"}},{"type":"Feature","geometry":{"type":"Point","coordinates":[56.67102,65.04496]},"properties":{"source":"VIIRS (NOAA-20)","resolution_m":375,"frp":3.15,"intensity":"low","confidence":"n","acq_datetime":"2026-10-03 00:09Z","daynight":"Night"}},{"type":"Feature","geometry":{"type":"Point","coordinates":[56.66645,65.04498]},"properties":{"source":"VIIRS (NOAA-20)","resolution_m":375,"frp":7.16,"intensity":"low","confidence":"n","acq_datetime":"2026-10-03 00:09Z","daynight":"Night"}},{"type":"Feature","geometry":{"type":"Point","coordinates":[58.04068,66.42314]},"properties":{"source":"VIIRS (NOAA-20)","resolution_m":375,"frp":2.18,"intensity":"low","confidence":"n","acq_datetime":"2026-10-03 00:09Z","daynight":"Night"}},{"type":"Feature","geometry":{"type":"Point","coordinates":[56.60629,66.43066]},"properties":{"source":"VIIRS (NOAA-20)","resolution_m":375,"frp":1.6,"intensity":"low","confidence":"n","acq_datetime":"2026-10-03 00:09Z","daynight":"Night"}},{"type":"Feature","geometry":{"type":"Point","coordinates":[58.76419,68.48961]},"properties":{"source":"VIIRS (NOAA-20)","resolution_m":375,"frp":0.62,"intensity":"low","confidence":"n","acq_datetime":"2026-10-03 00:09Z","daynight":"Night"}},{"type":"Feature","geometry":{"type":"Point","coordinates":[57.98601,68.60227]},"properties":{"source":"VIIRS (NOAA-20)","resolution_m":375,"frp":4.47,"intensity":"low","confidence":"n","acq_datetime":"2026-10-03 00:09Z","daynight":"Night"}},{"type":"Feature","geometry":{"type":"Point","coordinates":[57.9612,68.61452]},"properties":{"source":"VIIRS (NOAA-20)","resolution_m":375,"frp":2.96,"intensity":"low","confidence":"n","acq_datetime":"2026-10-03 00:09Z","daynight":"Night"}},{"type":"Feature","geometry":{"type":"Point","coordinates":[57.96797,68.61762]},"properties":{"source":"VIIRS (NOAA-20)","resolution_m":375,"frp":2.96,"intensity":"low","confidence":"n","acq_datetime":"2026-10-03 00:09Z","daynight":"Night"}},{"type":"Feature","geometry":{"type":"Point","coordinates":[52.92513,51.60254]},"properties":{"source":"VIIRS (NOAA-20)","resolution_m":375,"frp":4.72,"intensity":"low","confidence":"n","acq_datetime":"2026-10-03 00:13Z","daynight":"Night"}},{"type":"Feature","geometry":{"type":"Point","coordinates":[45.62188,51.69696]},"properties":{"source":"VIIRS (NOAA-20)","resolution_m":375,"frp":0.4,"intensity":"low","confidence":"n","acq_datetime":"2026-10-03 00:13Z","daynight":"Night"}},{"type":"Feature","geometry":{"type":"Point","coordinates":[51.21585,52.86991]},"properties":{"source":"VIIRS (NOAA-20)","resolution_m":375,"frp":4.43,"intensity":"low","confidence":"n","acq_datetime":"2026-10-03 00:13Z","daynight":"Night"}},{"type":"Feature","geometry":{"type":"Point","coordinates":[51.20884,52.87247]},"properties":{"source":"VIIRS (NOAA-20)","resolution_m":375,"frp":3.59,"intensity":"low","confidence":"n","acq_datetime":"2026-10-03 00:13Z","daynight":"Night"}},{"type":"Feature","geometry":{"type":"Point","coordinates":[56.67395,65.04241]},"properties":{"source":"VIIRS (NOAA-20)","resolution_m":375,"frp":3.08,"intensity":"low","confidence":"n","acq_datetime":"2026-10-03 01:49Z","daynight":"Night"}},{"type":"Feature","geometry":{"type":"Point","coordinates":[56.66561,65.04662]},"properties":{"source":"VIIRS (NOAA-20)","resolution_m":375,"frp":3.3,"intensity":"low","confidence":"n","acq_datetime":"2026-10-03 01:49Z","daynight":"Night"}},{"type":"Feature","geometry":{"type":"Point","coordinates":[56.66624,65.04823]},"properties":{"source":"VIIRS (NOAA-20)","resolution_m":375,"frp":2.95,"intensity":"low","confidence":"n","acq_datetime":"2026-10-03 01:49Z","daynight":"Night"}},{"type":"Feature","geometry":{"type":"Point","coordinates":[57.31833,66.16813]},"properties":{"source":"VIIRS (NOAA-20)","resolution_m":375,"frp":0.68,"intensity":"low","confidence":"n","acq_datetime":"2026-10-03 01:49Z","daynight":"Night"}},{"type":"Feature","geometry":{"type":"Point","coordinates":[58.03957,66.42287]},"properties":{"source":"VIIRS (NOAA-20)","resolution_m":375,"frp":0.59,"intensity":"low","confidence":"n","acq_datetime":"2026-10-03 01:49Z","daynight":"Night"}},{"type":"Feature","geometry":{"type":"Point","coordinates":[55.62078,67.08778]},"properties":{"source":"VIIRS (NOAA-20)","resolution_m":375,"frp":2.0,"intensity":"low","confidence":"n","acq_datetime":"2026-10-03 01:49Z","daynight":"Night"}},{"type":"Feature","geometry":{"type":"Point","coordinates":[55.61441,67.09045]},"properties":{"source":"VIIRS (NOAA-20)","resolution_m":375,"frp":1.84,"intensity":"low","confidence":"n","acq_datetime":"2026-10-03 01:49Z","daynight":"Night"}},{"type":"Feature","geometry":{"type":"Point","coordinates":[152.53062,-11.067]},"properties":{"source":"VIIRS (NOAA-20)","resolution_m":375,"frp":11.35,"intensity":"moderate","confidence":"n","acq_datetime":"2026-10-03 03:00Z","daynight":"Day"}},{"type":"Feature","geometry":{"type":"Point","coordinates":[152.53004,-11.06235]},"properties":{"source":"VIIRS (NOAA-20)","resolution_m":375,"frp":11.35,"intensity":"moderate","confidence":"n","acq_datetime":"2026-10-03 03:00Z","daynight":"Day"}},{"type":"Feature","geometry":{"type":"Point","coordinates":[150.61356,-10.34222]},"properties":{"source":"VIIRS (NOAA-20)","resolution_m":375,"frp":3.67,"intensity":"low","confidence":"n","acq_datetime":"2026-10-03 03:00Z","daynight":"Day"}},{"type":"Feature","geometry":{"type":"Point","coordinates":[150.61334,-10.34183]},"properties":{"source":"VIIRS (NOAA-20)","resolution_m":375,"frp":3.09,"intensity":"low","confidence":"n","acq_datetime":"2026-10-03 03:00Z","daynight":"Day"}},{"type":"Feature","geometry":{"type":"Point","coordinates":[150.52306,-10.2465]},"properties":{"source":"VIIRS (NOAA-20)","resolution_m":375,"frp":2.33,"intensity":"low","confidence":"n","acq_datetime":"2026-10-03 03:00Z","daynight":"Day"}},{"type":"Feature","geometry":{"type":"Point","coordinates":[148.93581,-10.23749]},"properties":{"source":"VIIRS (NOAA-20)","resolution_m":375,"frp":3.29,"intensity":"low","confidence":"n","acq_datetime":"2026-10-03 03:00Z","daynight":"Day"}},{"type":"Feature","geometry":{"type":"Point","coordinates":[147.8539,-10.02429]},"properties":{"source":"VIIRS (NOAA-20)","resolution_m":375,"frp":2.97,"intensity":"low","confidence":"n","acq_datetime":"2026-10-03 03:00Z","daynight":"Day"}},{"type":"Feature","geometry":{"type":"Point","coordinates":[151.18947,-9.99566]},"properties":{"source":"VIIRS (NOAA-20)","resolution_m":375,"frp":8.01,"intensity":"low","confidence":"n","acq_datetime":"2026-10-03 03:00Z","daynight":"Day"}},{"type":"Feature","geometry":{"type":"Point","coordinates":[151.28897,-9.97265]},"properties":{"source":"VIIRS (NOAA-20)","resolution_m":375,"frp":6.13,"intensity":"low","confidence":"n","acq_datetime":"2026-10-03 03:00Z","daynight":"Day"}},{"type":"Feature","geometry":{"type":"Point","coordinates":[151.16606,-9.96804]},"properties":{"source":"VIIRS (NOAA-20)","resolution_m":375,"frp":3.11,"intensity":"low","confidence":"n","acq_datetime":"2026-10-03 03:00Z","daynight":"Day"}},{"type":"Feature","geometry":{"type":"Point","coordinates":[147.79985,-9.89349]},"properties":{"source":"VIIRS (NOAA-20)","resolution_m":375,"frp":7.48,"intensity":"low","confidence":"n","acq_datetime":"2026-10-03 03:00Z","daynight":"Day"}},{"type":"Feature","geometry":{"type":"Point","coordinates":[147.80482,-9.89288]},"properties":{"source":"VIIRS (NOAA-20)","resolution_m":375,"frp":6.35,"intensity":"low","confidence":"n","acq_datetime":"2026-10-03 03:00Z","daynight":"Day"}},{"type":"Feature","geometry":{"type":"Point","coordinates":[147.79581,-9.87047]},"properties":{"source":"VIIRS (NOAA-20)","resolution_m":375,"frp":6.25,"intensity":"low","confidence":"n","acq_datetime":"2026-10-03 03:00Z","daynight":"Day"}},{"type":"Feature","geometry":{"type":"Point","coordinates":[147.79189,-9.86905]},"properties":{"source":"VIIRS (NOAA-20)","resolution_m":375,"frp":4.16,"intensity":"low","confidence":"n","acq_datetime":"2026-10-03 03:00Z","daynight":"Day"}},{"type":"Feature","geometry":{"type":"Point","coordinates":[147.79684,-9.86845]},"properties":{"source":"VIIRS (NOAA-20)","resolution_m":375,"frp":4.16,"intensity":"low","confidence":"n","acq_datetime":"2026-10-03 03:00Z","daynight":"Day"}},{"type":"Feature","geometry":{"type":"Point","coordinates":[149.29678,-9.84381]},"properties":{"source":"VIIRS (NOAA-20)","resolution_m":375,"frp":76.89,"intensity":"high","confidence":"n","acq_datetime":"2026-10-03 03:00Z","daynight":"Day"}},{"type":"Feature","geometry":{"type":"Point","coordinates":[149.30006,-9.84339]},"properties":{"source":"VIIRS (NOAA-20)","resolution_m":375,"frp":76.89,"intensity":"high","confidence":"h","acq_datetime":"2026-10-03 03:00Z","daynight":"Day"}},{"type":"Feature","geometry":{"type":"Point","coordinates":[149.30299,-9.84302]},"properties":{"source":"VIIRS (NOAA-20)","resolution_m":375,"frp":90.77,"intensity":"high","confidence":"n","acq_datetime":"2026-10-03 03:00Z","daynight":"Day"}},{"type":"Feature","geometry":{"type":"Point","coordinates":[149.30589,-9.84265]},"properties":{"source":"VIIRS (NOAA-20)","resolution_m":375,"frp":90.77,"intensity":"high","confidence":"n","acq_datetime":"2026-10-03 03:00Z","daynight":"Day"}},{"type":"Feature","geometry":{"type":"Point","coordinates":[149.30876,-9.84228]},"properties":{"source":"VIIRS (NOAA-20)","resolution_m":375,"frp":40.77,"intensity":"moderate","confidence":"n","acq_datetime":"2026-10-03 03:00Z","daynight":"Day"}},{"type":"Feature","geometry":{"type":"Point","coordinates":[149.31166,-9.84192]},"properties":{"source":"VIIRS (NOAA-20)","resolution_m":375,"frp":40.77,"intensity":"moderate","confidence":"h","acq_datetime":"2026-10-03 03:00Z","daynight":"Day"}},{"type":"Feature","geometry":{"type":"Point","coordinates":[149.30811,-9.83661]},"properties":{"source":"VIIRS (NOAA-20)","resolution_m":375,"frp":40.77,"intensity":"moderate","confidence":"n","acq_datetime":"2026-10-03 03:00Z","daynight":"Day"}},{"type":"Feature","geometry":{"type":"Point","coordinates":[149.31082,-9.83626]},"properties":{"source":"VIIRS (NOAA-20)","resolution_m":375,"frp":40.77,"intensity":"moderate","confidence":"n","acq_datetime":"2026-10-03 03:00Z","daynight":"Day"}},{"type":"Feature","geometry":{"type":"Point","coordinates":[148.5773,-9.8346]},"properties":{"source":"VIIRS (NOAA-20)","resolution_m":375,"frp":8.06,"intensity":"low","confidence":"n","acq_datetime":"2026-10-03 03:00Z","daynight":"Day"}},{"type":"Feature","geometry":{"type":"Point","coordinates":[148.58498,-9.83363]},"properties":{"source":"VIIRS (NOAA-20)","resolution_m":375,"frp":7.93,"intensity":"low","confidence":"n","acq_datetime":"2026-10-03 03:00Z","daynight":"Day"}},{"type":"Feature","geometry":{"type":"Point","coordinates":[149.30736,-9.83094]},"properties":{"source":"VIIRS (NOAA-20)","resolution_m":375,"frp":15.8,"intensity":"moderate","confidence":"n","acq_datetime":"2026-10-03 03:00Z","daynight":"Day"}},{"type":"Feature","geometry":{"type":"Point","coordinates":[149.31047,-9.83054]},"properties":{"source":"VIIRS (NOAA-20)","resolution_m":375,"frp":15.8,"intensity":"moderate","confidence":"n","acq_datetime":"2026-10-03 03:00Z","daynight":"Day"}},{"type":"Feature","geometry":{"type":"Point","coordinates":[149.31371,-9.83014]},"properties":{"source":"VIIRS (NOAA-20)","resolution_m":375,"frp":14.86,"intensity":"moderate","confidence":"h","acq_datetime":"2026-10-03 03:00Z","daynight":"Day"}},{"type":"Feature","geometry":{"type":"Point","coordinates":[148.58342,-9.82779]},"properties":{"source":"VIIRS (NOAA-20)","resolution_m":375,"frp":11.93,"intensity":"moderate","confidence":"n","acq_datetime":"2026-10-03 03:00Z","daynight":"Day"}},{"type":"Feature","geometry":{"type":"Point","coordinates":[148.58708,-9.82733]},"properties":{"source":"VIIRS (NOAA-20)","resolution_m":375,"frp":11.93,"intensity":"moderate","confidence":"n","acq_datetime":"2026-10-03 03:00Z","daynight":"Day"}},{"type":"Feature","geometry":{"type":"Point","coordinates":[149.31343,-9.82441]},"properties":{"source":"VIIRS (NOAA-20)","resolution_m":375,"frp":14.86,"intensity":"moderate","confidence":"n","acq_datetime":"2026-10-03 03:00Z","daynight":"Day"}},{"type":"Feature","geometry":{"type":"Point","coordinates":[149.31721,-9.82394]},"properties":{"source":"VIIRS (NOAA-20)","resolution_m":375,"frp":14.86,"intensity":"moderate","confidence":"h","acq_datetime":"2026-10-03 03:00Z","daynight":"Day"}},{"type":"Feature","geometry":{"type":"Point","coordinates":[149.31717,-9.81818]},"properties":{"source":"VIIRS (NOAA-20)","resolution_m":375,"frp":12.11,"intensity":"moderate","confidence":"h","acq_datetime":"2026-10-03 03:00Z","daynight":"Day"}},{"type":"Feature","geometry":{"type":"Point","coordinates":[149.53346,-9.81361]},"properties":{"source":"VIIRS (NOAA-20)","resolution_m":375,"frp":2.18,"intensity":"low","confidence":"n","acq_datetime":"2026-10-03 03:00Z","daynight":"Day"}},{"type":"Feature","geometry":{"type":"Point","coordinates":[149.31651,-9.81251]},"properties":{"source":"VIIRS (NOAA-20)","resolution_m":375,"frp":12.11,"intensity":"moderate","confidence":"n","acq_datetime":"2026-10-03 03:00Z","daynight":"Day"}},{"type":"Feature","geometry":{"type":"Point","coordinates":[148.59074,-9.76272]},"properties":{"source":"VIIRS (NOAA-20)","resolution_m":375,"frp":4.48,"intensity":"low","confidence":"n","acq_datetime":"2026-10-03 03:00Z","daynight":"Day"}},{"type":"Feature","geometry":{"type":"Point","coordinates":[148.5882,-9.76079]},"properties":{"source":"VIIRS (NOAA-20)","resolution_m":375,"frp":8.57,"intensity":"low","confidence":"n","acq_datetime":"2026-10-03 03:00Z","daynight":"Day"}},{"type":"Feature","geometry":{"type":"Point","coordinates":[148.58591,-9.7573]},"properties":{"source":"VIIRS (NOAA-20)","resolution_m":375,"frp":5.08,"intensity":"low","confidence":"n","acq_datetime":"2026-10-03 03:00Z","daynight":"Day"}},{"type":"Feature","geometry":{"type":"Point","coordinates":[148.59006,-9.75677]},"properties":{"source":"VIIRS (NOAA-20)","resolution_m":375,"frp":6.33,"intensity":"low","confidence":"n","acq_datetime":"2026-10-03 03:00Z","daynight":"Day"}},{"type":"Feature","geometry":{"type":"Point","coordinates":[149.57617,-9.71871]},"properties":{"source":"VIIRS (NOAA-20)","resolution_m":375,"frp":2.56,"intensity":"low","confidence":"n","acq_datetime":"2026-10-03 03:00Z","daynight":"Day"}},{"type":"Feature","geometry":{"type":"Point","coordinates":[149.67351,-9.71691]},"properties":{"source":"VIIRS (NOAA-20)","resolution_m":375,"frp":5.02,"intensity":"low","confidence":"n","acq_datetime":"2026-10-03 03:00Z","daynight":"Day"}},{"type":"Feature","geometry":{"type":"Point","coordinates":[147.87906,-9.70991]},"properties":{"source":"VIIRS (NOAA-20)","resolution_m":375,"frp":7.13,"intensity":"low","confidence":"n","acq_datetime":"2026-10-03 03:00Z","daynight":"Day"}},{"type":"Feature","geometry":{"type":"Point","coordinates":[147.86926,-9.70482]},"properties":{"source":"VIIRS (NOAA-20)","resolution_m":375,"frp":6.13,"intensity":"low","confidence":"n","acq_datetime":"2026-10-03 03:00Z","daynight":"Day"}},{"type":"Feature","geometry":{"type":"Point","coordinates":[149.55228,-9.7048]},"properties":{"source":"VIIRS (NOAA-20)","resolution_m":375,"frp":6.81,"intensity":"low","confidence":"n","acq_datetime":"2026-10-03 03:00Z","daynight":"Day"}},{"type":"Feature","geometry":{"type":"Point","coordinates":[149.55594,-9.70433]},"properties":{"source":"VIIRS (NOAA-20)","resolution_m":375,"frp":6.81,"intensity":"low","confidence":"n","acq_datetime":"2026-10-03 03:00Z","daynight":"Day"}},{"type":"Feature","geometry":{"type":"Point","coordinates":[147.87361,-9.70428]},"properties":{"source":"VIIRS (NOAA-20)","resolution_m":375,"frp":7.88,"intensity":"low","confidence":"n","acq_datetime":"2026-10-03 03:00Z","daynight":"Day"}},{"type":"Feature","geometry":{"type":"Point","coordinates":[149.55952,-9.70386]},"properties":{"source":"VIIRS (NOAA-20)","resolution_m":375,"frp":9.35,"intensity":"low","confidence":"n","acq_datetime":"2026-10-03 03:00Z","daynight":"Day"}},{"type":"Feature","geometry":{"type":"Point","coordinates":[149.55179,-9.69919]},"properties":{"source":"VIIRS (NOAA-20)","resolution_m":375,"frp":6.81,"intensity":"low","confidence":"n","acq_datetime":"2026-10-03 03:00Z","daynight":"Day"}},{"type":"Feature","geometry":{"type":"Point","coordinates":[149.55539,-9.69873]},"properties":{"source":"VIIRS (NOAA-20)","resolution_m":375,"frp":6.81,"intensity":"low","confidence":"h","acq_datetime":"2026-10-03 03:00Z","daynight":"Day"}},{"type":"Feature","geometry":{"type":"Point","coordinates":[148.58313,-9.68526]},"properties":{"source":"VIIRS (NOAA-20)","resolution_m":375,"frp":2.15,"intensity":"low","confidence":"n","acq_datetime":"2026-10-03 03:00Z","daynight":"Day"}},{"type":"Feature","geometry":{"type":"Point","coordinates":[149.48364,-9.67375]},"properties":{"source":"VIIRS (NOAA-20)","resolution_m":375,"frp":2.44,"intensity":"low","confidence":"n","acq_datetime":"2026-10-03 03:00Z","daynight":"Day"}},{"type":"Feature","geometry":{"type":"Point","coordinates":[150.83418,-9.65521]},"properties":{"source":"VIIRS (NOAA-20)","resolution_m":375,"frp":3.62,"intensity":"low","confidence":"n","acq_datetime":"2026-10-03 03:00Z","daynight":"Day"}},{"type":"Feature","geometry":{"type":"Point","coordinates":[149.29832,-9.64792]},"properties":{"source":"VIIRS (NOAA-20)","resolution_m":375,"frp":2.76,"intensity":"low","confidence":"n","acq_datetime":"2026-10-03 03:00Z","daynight":"Day"}},{"type":"Feature","geometry":{"type":"Point","coordinates":[147.51306,-9.6429]},"properties":{"source":"VIIRS (NOAA-20)","resolution_m":375,"frp":3.39,"intensity":"low","confidence":"n","acq_datetime":"2026-10-03 03:00Z","daynight":"Day"}},{"type":"Feature","geometry":{"type":"Point","coordinates":[147.68782,-9.63399]},"properties":{"source":"VIIRS (NOAA-20)","resolution_m":375,"frp":5.08,"intensity":"low","confidence":"n","acq_datetime":"2026-10-03 03:00Z","daynight":"Day"}},{"type":"Feature","geometry":{"type":"Point","coordinates":[147.68864,-9.63158]},"properties":{"source":"VIIRS (NOAA-20)","resolution_m":375,"frp":2.65,"intensity":"low","confidence":"n","acq_datetime":"2026-10-03 03:00Z","daynight":"Day"}},{"type":"Feature","geometry":{"type":"Point","coordinates":[148.07312,-9.62296]},"properties":{"source":"VIIRS (NOAA-20)","resolution_m":375,"frp":5.61,"intensity":"low","confidence":"n","acq_datetime":"2026-10-03 03:00Z","daynight":"Day"}},{"type":"Feature","geometry":{"type":"Point","coordinates":[150.45401,-9.61457]},"properties":{"source":"VIIRS (NOAA-20)","resolution_m":375,"frp":0.73,"intensity":"low","confidence":"n","acq_datetime":"2026-10-03 03:00Z","daynight":"Day"}},{"type":"Feature","geometry":{"type":"Point","coordinates":[150.45523,-9.61448]},"properties":{"source":"VIIRS (NOAA-20)","resolution_m":375,"frp":1.35,"intensity":"low","confidence":"n","acq_datetime":"2026-10-03 03:00Z","daynight":"Day"}},{"type":"Feature","geometry":{"type":"Point","coordinates":[149.36955,-9.59861]},"properties":{"source":"VIIRS (NOAA-20)","resolution_m":375,"frp":2.79,"intensity":"low","confidence":"n","acq_datetime":"2026-10-03 03:00Z","daynight":"Day"}},{"type":"Feature","geometry":{"type":"Point","coordinates":[149.35651,-9.5888]},"properties":{"source":"VIIRS (NOAA-20)","resolution_m":375,"frp":3.27,"intensity":"low","confidence":"n","acq_datetime":"2026-10-03 03:00Z","daynight":"Day"}},{"type":"Feature","geometry":{"type":"Point","coordinates":[148.6561,-9.57017]},"properties":{"source":"VIIRS (NOAA-20)","resolution_m":375,"frp":9.08,"intensity":"low","confidence":"n","acq_datetime":"2026-10-03 03:00Z","daynight":"Day"}},{"type":"Feature","geometry":{"type":"Point","coordinates":[147.41756,-9.55754]},"properties":{"source":"VIIRS (NOAA-20)","resolution_m":375,"frp":4.81,"intensity":"low","confidence":"n","acq_datetime":"2026-10-03 03:00Z","daynight":"Day"}},{"type":"Feature","geometry":{"type":"Point","coordinates":[149.30984,-9.55729]},"properties":{"source":"VIIRS (NOAA-20)","resolution_m":375,"frp":2.88,"intensity":"low","confidence":"n","acq_datetime":"2026-10-03 03:00Z","daynight":"Day"}},{"type":"Feature","geometry":{"type":"Point","coordinates":[147.41806,-9.5555]},"properties":{"source":"VIIRS (NOAA-20)","resolution_m":375,"frp":5.12,"intensity":"low","confidence":"n","acq_datetime":"2026-10-03 03:00Z","daynight":"Day"}},{"type":"Feature","geometry":{"type":"Point","coordinates":[149.23984,-9.5318]},"properties":{"source":"VIIRS (NOAA-20)","resolution_m":375,"frp":2.84,"intensity":"low","confidence":"n","acq_datetime":"2026-10-03 03:00Z","daynight":"Day"}},{"type":"Feature","geometry":{"type":"Point","coordinates":[148.77446,-9.44305]},"properties":{"source":"VIIRS (NOAA-20)","resolution_m":375,"frp":2.83,"intensity":"low","confidence":"n","acq_datetime":"2026-10-03 03:00Z","daynight":"Day"}},{"type":"Feature","geometry":{"type":"Point","coordinates":[148.35754,-9.43145]},"properties":{"source":"VIIRS (NOAA-20)","resolution_m":375,"frp":5.27,"intensity":"low","confidence":"n","acq_datetime":"2026-10-03 03:00Z","daynight":"Day"}},{"type":"Feature","geometry":{"type":"Point","coordinates":[148.76262,-9.41481]},"properties":{"source":"VIIRS (NOAA-20)","resolution_m":375,"frp":2.35,"intensity":"low","confidence":"n","acq_datetime":"2026-10-03 03:00Z","daynight":"Day"}},{"type":"Feature","geometry":{"type":"Point","coordinates":[148.77818,-9.41361]},"properties":{"source":"VIIRS (NOAA-20)","resolution_m":375,"frp":7.12,"intensity":"low","confidence":"n","acq_datetime":"2026-10-03 03:00Z","daynight":"Day"}},{"type":"Feature","geometry":{"type":"Point","coordinates":[148.77942,-9.41275]},"properties":{"source":"VIIRS (NOAA-20)","resolution_m":375,"frp":3.8,"intensity":"low","confidence":"n","acq_datetime":"2026-10-03 03:00Z","daynight":"Day"}},{"type":"Feature","geometry":{"type":"Point","coordinates":[150.78403,-9.4114]},"properties":{"source":"VIIRS (NOAA-20)","resolution_m":375,"frp":2.3,"intensity":"low","confidence":"n","acq_datetime":"2026-10-03 03:00Z","daynight":"Day"}},{"type":"Feature","geometry":{"type":"Point","coordinates":[148.78583,-9.40668]},"properties":{"source":"VIIRS (NOAA-20)","resolution_m":375,"frp":3.68,"intensity":"low","confidence":"n","acq_datetime":"2026-10-03 03:00Z","daynight":"Day"}},{"type":"Feature","geometry":{"type":"Point","coordinates":[148.78284,-9.4064]},"properties":{"source":"VIIRS (NOAA-20)","resolution_m":375,"frp":3.8,"intensity":"low","confidence":"n","acq_datetime":"2026-10-03 03:00Z","daynight":"Day"}},{"type":"Feature","geometry":{"type":"Point","coordinates":[149.1566,-9.40104]},"properties":{"source":"VIIRS (NOAA-20)","resolution_m":375,"frp":3.0,"intensity":"low","confidence":"n","acq_datetime":"2026-10-03 03:00Z","daynight":"Day"}},{"type":"Feature","geometry":{"type":"Point","coordinates":[150.34624,-9.39896]},"properties":{"source":"VIIRS (NOAA-20)","resolution_m":375,"frp":3.92,"intensity":"low","confidence":"n","acq_datetime":"2026-10-03 03:00Z","daynight":"Day"}},{"type":"Feature","geometry":{"type":"Point","coordinates":[148.77718,-9.39522]},"properties":{"source":"VIIRS (NOAA-20)","resolution_m":375,"frp":2.87,"intensity":"low","confidence":"n","acq_datetime":"2026-10-03 03:00Z","daynight":"Day"}},{"type":"Feature","geometry":{"type":"Point","coordinates":[148.71559,-9.39194]},"properties":{"source":"VIIRS (NOAA-20)","resolution_m":375,"frp":5.17,"intensity":"low","confidence":"n","acq_datetime":"2026-10-03 03:00Z","daynight":"Day"}},{"type":"Feature","geometry":{"type":"Point","coordinates":[148.71979,-9.3914]},"properties":{"source":"VIIRS (NOAA-20)","resolution_m":375,"frp":5.17,"intensity":"low","confidence":"n","acq_datetime":"2026-10-03 03:00Z","daynight":"Day"}},{"type":"Feature","geometry":{"type":"Point","coordinates":[148.75775,-9.38654]},"properties":{"source":"VIIRS (NOAA-20)","resolution_m":375,"frp":6.3,"intensity":"low","confidence":"n","acq_datetime":"2026-10-03 03:00Z","daynight":"Day"}},{"type":"Feature","geometry":{"type":"Point","coordinates":[148.76196,-9.38601]},"properties":{"source":"VIIRS (NOAA-20)","resolution_m":375,"frp":6.3,"intensity":"low","confidence":"n","acq_datetime":"2026-10-03 03:00Z","daynight":"Day"}},{"type":"Feature","geometry":{"type":"Point","coordinates":[149.06604,-9.38332]},"properties":{"source":"VIIRS (NOAA-20)","resolution_m":375,"frp":3.38,"intensity":"low","confidence":"n","acq_datetime":"2026-10-03 03:00Z","daynight":"Day"}},{"type":"Feature","geometry":{"type":"Point","coordinates":[149.06435,-9.38213]},"properties":{"source":"VIIRS (NOAA-20)","resolution_m":375,"frp":6.25,"intensity":"low","confidence":"n","acq_datetime":"2026-10-03 03:00Z","daynight":"Day"}},{"type":"Feature","geometry":{"type":"Point","coordinates":[149.06137,-9.37807]},"properties":{"source":"VIIRS (NOAA-20)","resolution_m":375,"frp":3.86,"intensity":"low","confidence":"n","acq_datetime":"2026-10-03 03:00Z","daynight":"Day"}},{"type":"Feature","geometry":{"type":"Point","coordinates":[149.03517,-9.3638]},"properties":{"source":"VIIRS (NOAA-20)","resolution_m":375,"frp":3.29,"intensity":"low","confidence":"l","acq_datetime":"2026-10-03 03:00Z","daynight":"Day"}},{"type":"Feature","geometry":{"type":"Point","coordinates":[149.0941,-9.36078]},"properties":{"source":"VIIRS (NOAA-20)","resolution_m":375,"frp":13.02,"intensity":"moderate","confidence":"n","acq_datetime":"2026-10-03 03:00Z","daynight":"Day"}},{"type":"Feature","geometry":{"type":"Point","coordinates":[149.09804,-9.36026]},"properties":{"source":"VIIRS (NOAA-20)","resolution_m":375,"frp":13.02,"intensity":"moderate","confidence":"h","acq_datetime":"2026-10-03 03:00Z","daynight":"Day"}},{"type":"Feature","geometry":{"type":"Point","coordinates":[149.09518,-9.35646]},"properties":{"source":"VIIRS (NOAA-20)","resolution_m":375,"frp":12.42,"intensity":"moderate","confidence":"n","acq_datetime":"2026-10-03 03:00Z","daynight":"Day"}},{"type":"Feature","geometry":{"type":"Point","coordinates":[149.09912,-9.35598]},"properties":{"source":"VIIRS (NOAA-20)","resolution_m":375,"frp":12.42,"intensity":"moderate","confidence":"n","acq_datetime":"2026-10-03 03:00Z","daynight":"Day"}},{"type":"Feature","geometry":{"type":"Point","coordinates":[148.77489,-9.35468]},"properties":{"source":"VIIRS (NOAA-20)","resolution_m":375,"frp":2.28,"intensity":"low","confidence":"n","acq_datetime":"2026-10-03 03:00Z","daynight":"Day"}},{"type":"Feature","geometry":{"type":"Point","coordinates":[148.79906,-9.3457]},"properties":{"source":"VIIRS (NOAA-20)","resolution_m":375,"frp":5.34,"intensity":"low","confidence":"n","acq_datetime":"2026-10-03 03:00Z","daynight":"Day"}},{"type":"Feature","geometry":{"type":"Point","coordinates":[149.08415,-9.3388]},"properties":{"source":"VIIRS (NOAA-20)","resolution_m":375,"frp":2.7,"intensity":"low","confidence":"n","acq_datetime":"2026-10-03 03:00Z","daynight":"Day"}},{"type":"Feature","geometry":{"type":"Point","coordinates":[149.14941,-9.32462]},"properties":{"source":"VIIRS (NOAA-20)","resolution_m":375,"frp":2.79,"intensity":"low","confidence":"l","acq_datetime":"2026-10-03 03:00Z","daynight":"Day"}},{"type":"Feature","geometry":{"type":"Point","coordinates":[148.82988,-9.3241]},"properties":{"source":"VIIRS (NOAA-20)","resolution_m":375,"frp":4.42,"intensity":"low","confidence":"l","acq_datetime":"2026-10-03 03:00Z","daynight":"Day"}},{"type":"Feature","geometry":{"type":"Point","coordinates":[149.1485,-9.31316]},"properties":{"source":"VIIRS (NOAA-20)","resolution_m":375,"frp":4.83,"intensity":"low","confidence":"n","acq_datetime":"2026-10-03 03:00Z","daynight":"Day"}},{"type":"Feature","geometry":{"type":"Point","coordinates":[149.15231,-9.31267]},"properties":{"source":"VIIRS (NOAA-20)","resolution_m":375,"frp":3.87,"intensity":"low","confidence":"n","acq_datetime":"2026-10-03 03:00Z","daynight":"Day"}},{"type":"Feature","geometry":{"type":"Point","coordinates":[149.15607,-9.31219]},"properties":{"source":"VIIRS (NOAA-20)","resolution_m":375,"frp":3.87,"intensity":"low","confidence":"n","acq_datetime":"2026-10-03 03:00Z","daynight":"Day"}},{"type":"Feature","geometry":{"type":"Point","coordinates":[149.17041,-9.2988]},"properties":{"source":"VIIRS (NOAA-20)","resolution_m":375,"frp":5.57,"intensity":"low","confidence":"n","acq_datetime":"2026-10-03 03:00Z","daynight":"Day"}},{"type":"Feature","geometry":{"type":"Point","coordinates":[149.16608,-9.29357]},"properties":{"source":"VIIRS (NOAA-20)","resolution_m":375,"frp":3.61,"intensity":"low","confidence":"n","acq_datetime":"2026-10-03 03:00Z","daynight":"Day"}},{"type":"Feature","geometry":{"type":"Point","coordinates":[149.16985,-9.29309]},"properties":{"source":"VIIRS (NOAA-20)","resolution_m":375,"frp":3.61,"intensity":"low","confidence":"n","acq_datetime":"2026-10-03 03:00Z","daynight":"Day"}},{"type":"Feature","geometry":{"type":"Point","coordinates":[150.30051,-9.29256]},"properties":{"source":"VIIRS (NOAA-20)","resolution_m":375,"frp":2.77,"intensity":"low","confidence":"n","acq_datetime":"2026-10-03 03:00Z","daynight":"Day"}},{"type":"Feature","geometry":{"type":"Point","coordinates":[150.3037,-9.29214]},"properties":{"source":"VIIRS (NOAA-20)","resolution_m":375,"frp":2.77,"intensity":"low","confidence":"l","acq_datetime":"2026-10-03 03:00Z","daynight":"Day"}},{"type":"Feature","geometry":{"type":"Point","coordinates":[149.16557,-9.28786]},"properties":{"source":"VIIRS (NOAA-20)","resolution_m":375,"frp":3.61,"intensity":"low","confidence":"n","acq_datetime":"2026-10-03 03:00Z","daynight":"Day"}},{"type":"Feature","geometry":{"type":"Point","coordinates":[148.85608,-9.28508]},"properties":{"source":"VIIRS (NOAA-20)","resolution_m":375,"frp":2.89,"intensity":"low","confidence":"n","acq_datetime":"2026-10-03 03:00Z","daynight":"Day"}},{"type":"Feature","geometry":{"type":"Point","coordinates":[148.98804,-9.28095]},"properties":{"source":"VIIRS (NOAA-20)","resolution_m":375,"frp":3.65,"intensity":"low","confidence":"n","acq_datetime":"2026-10-03 03:00Z","daynight":"Day"}},{"type":"Feature","geometry":{"type":"Point","coordinates":[148.99228,-9.28043]},"properties":{"source":"VIIRS (NOAA-20)","resolution_m":375,"frp":3.65,"intensity":"low","confidence":"n","acq_datetime":"2026-10-03 03:00Z","daynight":"Day"}},{"type":"Feature","geometry":{"type":"Point","coordinates":[148.98955,-9.27942]},"properties":{"source":"VIIRS (NOAA-20)","resolution_m":375,"frp":6.82,"intensity":"low","confidence":"n","acq_datetime":"2026-10-03 03:00Z","daynight":"Day"}},{"type":"Feature","geometry":{"type":"Point","coordinates":[149.01317,-9.27202]},"properties":{"source":"VIIRS (NOAA-20)","resolution_m":375,"frp":2.02,"intensity":"low","confidence":"n","acq_datetime":"2026-10-03 03:00Z","daynight":"Day"}},{"type":"Feature","geometry":{"type":"Point","coordinates":[148.78699,-9.27035]},"properties":{"source":"VIIRS (NOAA-20)","resolution_m":375,"frp":10.02,"intensity":"moderate","confidence":"n","acq_datetime":"2026-10-03 03:00Z","daynight":"Day"}},{"type":"Feature","geometry":{"type":"Point","coordinates":[148.87888,-9.27034]},"properties":{"source":"VIIRS (NOAA-20)","resolution_m":375,"frp":3.82,"intensity":"low","confidence":"n","acq_datetime":"2026-10-03 03:00Z","daynight":"Day"}},{"type":"Feature","geometry":{"type":"Point","coordinates":[148.99135,-9.26886]},"properties":{"source":"VIIRS (NOAA-20)","resolution_m":375,"frp":26.96,"intensity":"moderate","confidence":"n","acq_datetime":"2026-10-03 03:00Z","daynight":"Day"}},{"type":"Feature","geometry":{"type":"Point","coordinates":[148.99548,-9.26835]},"properties":{"source":"VIIRS (NOAA-20)","resolution_m":375,"frp":28.1,"intensity":"moderate","confidence":"h","acq_datetime":"2026-10-03 03:00Z","daynight":"Day"}},{"type":"Feature","geometry":{"type":"Point","coordinates":[148.99297,-9.26728]},"properties":{"source":"VIIRS (NOAA-20)","resolution_m":375,"frp":38.16,"intensity":"moderate","confidence":"n","acq_datetime":"2026-10-03 03:00Z","daynight":"Day"}},{"type":"Feature","geometry":{"type":"Point","coordinates":[148.78624,-9.26452]},"properties":{"source":"VIIRS (NOAA-20)","resolution_m":375,"frp":10.02,"intensity":"moderate","confidence":"n","acq_datetime":"2026-10-03 03:00Z","daynight":"Day"}},{"type":"Feature","geometry":{"type":"Point","coordinates":[148.79041,-9.26399]},"properties":{"source":"VIIRS (NOAA-20)","resolution_m":375,"frp":10.02,"intensity":"moderate","confidence":"n","acq_datetime":"2026-10-03 03:00Z","daynight":"Day"}},{"type":"Feature","geometry":{"type":"Point","coordinates":[146.96425,-9.26135]},"properties":{"source":"VIIRS (NOAA-20)","resolution_m":375,"frp":5.55,"intensity":"low","confidence":"n","acq_datetime":"2026-10-03 03:00Z","daynight":"Day"}},{"type":"Feature","geometry":{"type":"Point","coordinates":[148.83931,-9.25184]},"properties":{"source":"VIIRS (NOAA-20)","resolution_m":375,"frp":2.74,"intensity":"low","confidence":"n","acq_datetime":"2026-10-03 03:00Z","daynight":"Day"}},{"type":"Feature","geometry":{"type":"Point","coordinates":[147.33568,-9.23522]},"properties":{"source":"VIIRS (NOAA-20)","resolution_m":375,"frp":6.48,"intensity":"low","confidence":"n","acq_datetime":"2026-10-03 03:00Z","daynight":"Day"}},{"type":"Feature","geometry":{"type":"Point","coordinates":[148.65346,-9.18723]},"properties":{"source":"VIIRS (NOAA-20)","resolution_m":375,"frp":10.73,"intensity":"moderate","confidence":"n","acq_datetime":"2026-10-03 03:00Z","daynight":"Day"}},{"type":"Feature","geometry":{"type":"Point","coordinates":[148.65767,-9.18669]},"properties":{"source":"VIIRS (NOAA-20)","resolution_m":375,"frp":12.12,"intensity":"moderate","confidence":"h","acq_datetime":"2026-10-03 03:00Z","daynight":"Day"}},{"type":"Feature","geometry":{"type":"Point","coordinates":[148.53998,-9.17174]},"properties":{"source":"VIIRS (NOAA-20)","resolution_m":375,"frp":3.97,"intensity":"low","confidence":"n","acq_datetime":"2026-10-03 03:00Z","daynight":"Day"}},{"type":"Feature","geometry":{"type":"Point","coordinates":[148.55946,-9.15728]},"properties":{"source":"VIIRS (NOAA-20)","resolution_m":375,"frp":3.51,"intensity":"low","confidence":"n","acq_datetime":"2026-10-03 03:00Z","daynight":"Day"}},{"type":"Feature","geometry":{"type":"Point","coordinates":[148.94724,-9.14937]},"properties":{"source":"VIIRS (NOAA-20)","resolution_m":375,"frp":3.56,"intensity":"low","confidence":"n","acq_datetime":"2026-10-03 03:00Z","daynight":"Day"}},{"type":"Feature","geometry":{"type":"Point","coordinates":[148.97427,-9.13419]},"properties":{"source":"VIIRS (NOAA-20)","resolution_m":375,"frp":20.49,"intensity":"moderate","confidence":"h","acq_datetime":"2026-10-03 03:00Z","daynight":"Day"}},{"type":"Feature","geometry":{"type":"Point","coordinates":[148.95512,-9.1191]},"properties":{"source":"VIIRS (NOAA-20)","resolution_m":375,"frp":4.9,"intensity":"low","confidence":"n","acq_datetime":"2026-10-03 03:00Z","daynight":"Day"}},{"type":"Feature","geometry":{"type":"Point","coordinates":[149.03232,-9.10926]},"properties":{"source":"VIIRS (NOAA-20)","resolution_m":375,"frp":4.25,"intensity":"low","confidence":"n","acq_datetime":"2026-10-03 03:00Z","daynight":"Day"}},{"type":"Feature","geometry":{"type":"Point","coordinates":[149.25961,-9.10885]},"properties":{"source":"VIIRS (NOAA-20)","resolution_m":375,"frp":3.68,"intensity":"low","confidence":"n","acq_datetime":"2026-10-03 03:00Z","daynight":"Day"}},{"type":"Feature","geometry":{"type":"Point","coordinates":[149.06,-9.06873]},"properties":{"source":"VIIRS (NOAA-20)","resolution_m":375,"frp":3.9,"intensity":"low","confidence":"n","acq_datetime":"2026-10-03 03:00Z","daynight":"Day"}},{"type":"Feature","geometry":{"type":"Point","coordinates":[149.04584,-9.06686]},"properties":{"source":"VIIRS (NOAA-20)","resolution_m":375,"frp":4.25,"intensity":"low","confidence":"n","acq_datetime":"2026-10-03 03:00Z","daynight":"Day"}},{"type":"Feature","geometry":{"type":"Point","coordinates":[149.04303,-9.06517]},"properties":{"source":"VIIRS (NOAA-20)","resolution_m":375,"frp":5.14,"intensity":"low","confidence":"n","acq_datetime":"2026-10-03 03:00Z","daynight":"Day"}},{"type":"Feature","geometry":{"type":"Point","coordinates":[148.49028,-8.97153]},"properties":{"source":"VIIRS (NOAA-20)","resolution_m":375,"frp":3.97,"intensity":"low","confidence":"n","acq_datetime":"2026-10-03 03:00Z","daynight":"Day"}},{"type":"Feature","geometry":{"type":"Point","coordinates":[146.77887,-8.87507]},"properties":{"source":"VIIRS (NOAA-20)","resolution_m":375,"frp":4.88,"intensity":"low","confidence":"n","acq_datetime":"2026-10-03 03:00Z","daynight":"Day"}},{"type":"Feature","geometry":{"type":"Point","coordinates":[148.36476,-8.80847]},"properties":{"source":"VIIRS (NOAA-20)","resolution_m":375,"frp":3.03,"intensity":"low","confidence":"n","acq_datetime":"2026-10-03 03:00Z","daynight":"Day"}},{"type":"Feature","geometry":{"type":"Point","coordinates":[147.27686,-8.60114]},"properties":{"source":"VIIRS (NOAA-20)","resolution_m":375,"frp":5.27,"intensity":"low","confidence":"n","acq_datetime":"2026-10-03 03:00Z","daynight":"Day"}},{"type":"Feature","geometry":{"type":"Point","coordinates":[147.25783,-8.59709]},"properties":{"source":"VIIRS (NOAA-20)","resolution_m":375,"frp":9.26,"intensity":"low","confidence":"n","acq_datetime":"2026-10-03 03:00Z","daynight":"Day"}},{"type":"Feature","geometry":{"type":"Point","coordinates":[150.96526,-8.51065]},"properties":{"source":"VIIRS (NOAA-20)","resolution_m":375,"frp":4.74,"intensity":"low","confidence":"l","acq_datetime":"2026-10-03 03:00Z","daynight":"Day"}},{"type":"Feature","geometry":{"type":"Point","coordinates":[151.06578,-8.48729]},"properties":{"source":"VIIRS (NOAA-20)","resolution_m":375,"frp":5.01,"intensity":"low","confidence":"n","acq_datetime":"2026-10-03 03:00Z","daynight":"Day"}},{"type":"Feature","geometry":{"type":"Point","coordinates":[151.06372,-8.48629]},"properties":{"source":"VIIRS (NOAA-20)","resolution_m":375,"frp":5.09,"intensity":"low","confidence":"n","acq_datetime":"2026-10-03 03:00Z","daynight":"Day"}},{"type":"Feature","geometry":{"type":"Point","coordinates":[151.05252,-8.47392]},"properties":{"source":"VIIRS (NOAA-20)","resolution_m":375,"frp":6.47,"intensity":"low","confidence":"l","acq_datetime":"2026-10-03 03:00Z","daynight":"Day"}},{"type":"Feature","geometry":{"type":"Point","coordinates":[151.05612,-8.47222]},"properties":{"source":"VIIRS (NOAA-20)","resolution_m":375,"frp":7.72,"intensity":"low","confidence":"l","acq_datetime":"2026-10-03 03:00Z","daynight":"Day"}},{"type":"Feature","geometry":{"type":"Point","coordinates":[146.26541,-8.21426]},"properties":{"source":"VIIRS (NOAA-20)","resolution_m":375,"frp":6.31,"intensity":"low","confidence":"n","acq_datetime":"2026-10-03 03:00Z","daynight":"Day"}},{"type":"Feature","geometry":{"type":"Point","coordinates":[146.08769,-7.97077]},"properties":{"source":"VIIRS (NOAA-20)","resolution_m":375,"frp":4.61,"intensity":"low","confidence":"n","acq_datetime":"2026-10-03 03:00Z","daynight":"Day"}},{"type":"Feature","geometry":{"type":"Point","coordinates":[146.08749,-7.96836]},"properties":{"source":"VIIRS (NOAA-20)","resolution_m":375,"frp":5.39,"intensity":"low","confidence":"n","acq_datetime":"2026-10-03 03:00Z","daynight":"Day"}},{"type":"Feature","geometry":{"type":"Point","coordinates":[146.7457,-7.45904]},"properties":{"source":"VIIRS (NOAA-20)","resolution_m":375,"frp":19.12,"intensity":"moderate","confidence":"n","acq_datetime":"2026-10-03 03:00Z","daynight":"Day"}},{"type":"Feature","geometry":{"type":"Point","coordinates":[146.74989,-7.45851]},"properties":{"source":"VIIRS (NOAA-20)","resolution_m":375,"frp":19.12,"intensity":"moderate","confidence":"n","acq_datetime":"2026-10-03 03:00Z","daynight":"Day"}},{"type":"Feature","geometry":{"type":"Point","coordinates":[146.74467,-7.45831]},"properties":{"source":"VIIRS (NOAA-20)","resolution_m":375,"frp":25.24,"intensity":"moderate","confidence":"n","acq_datetime":"2026-10-03 03:00Z","daynight":"Day"}},{"type":"Feature","geometry":{"type":"Point","coordinates":[146.74896,-7.45774]},"properties":{"source":"VIIRS (NOAA-20)","resolution_m":375,"frp":26.97,"intensity":"moderate","confidence":"n","acq_datetime":"2026-10-03 03:00Z","daynight":"Day"}},{"type":"Feature","geometry":{"type":"Point","coordinates":[146.64064,-7.24102]},"properties":{"source":"VIIRS (NOAA-20)","resolution_m":375,"frp":19.79,"intensity":"moderate","confidence":"n","acq_datetime":"2026-10-03 03:00Z","daynight":"Day"}},{"type":"Feature","geometry":{"type":"Point","coordinates":[146.64006,-7.24072]},"properties":{"source":"VIIRS (NOAA-20)","resolution_m":375,"frp":26.4,"intensity":"moderate","confidence":"n","acq_datetime":"2026-10-03 03:00Z","daynight":"Day"}},{"type":"Feature","geometry":{"type":"Point","coordinates":[146.64485,-7.24048]},"properties":{"source":"VIIRS (NOAA-20)","resolution_m":375,"frp":19.79,"intensity":"moderate","confidence":"h","acq_datetime":"2026-10-03 03:00Z","daynight":"Day"}},{"type":"Feature","geometry":{"type":"Point","coordinates":[146.6443,-7.24016]},"properties":{"source":"VIIRS (NOAA-20)","resolution_m":375,"frp":25.85,"intensity":"moderate","confidence":"h","acq_datetime":"2026-10-03 03:00Z","daynight":"Day"}},{"type":"Feature","geometry":{"type":"Point","coordinates":[145.99028,-7.20097]},"properties":{"source":"VIIRS (NOAA-20)","resolution_m":375,"frp":8.63,"intensity":"low","confidence":"n","acq_datetime":"2026-10-03 03:00Z","daynight":"Day"}},{"type":"Feature","geometry":{"type":"Point","coordinates":[145.99881,-7.19554]},"properties":{"source":"VIIRS (NOAA-20)","resolution_m":375,"frp":7.47,"intensity":"low","confidence":"n","acq_datetime":"2026-10-03 03:00Z","daynight":"Day"}},{"type":"Feature","geometry":{"type":"Point","coordinates":[146.04048,-7.18071]},"properties":{"source":"VIIRS (NOAA-20)","resolution_m":375,"frp":5.0,"intensity":"low","confidence":"n","acq_datetime":"2026-10-03 03:00Z","daynight":"Day"}},{"type":"Feature","geometry":{"type":"Point","coordinates":[146.64635,-7.18051]},"properties":{"source":"VIIRS (NOAA-20)","resolution_m":375,"frp":8.51,"intensity":"low","confidence":"n","acq_datetime":"2026-10-03 03:00Z","daynight":"Day"}},{"type":"Feature","geometry":{"type":"Point","coordinates":[146.65237,-7.17973]},"properties":{"source":"VIIRS (NOAA-20)","resolution_m":375,"frp":8.51,"intensity":"low","confidence":"n","acq_datetime":"2026-10-03 03:00Z","daynight":"Day"}},{"type":"Feature","geometry":{"type":"Point","coordinates":[146.61288,-7.17164]},"properties":{"source":"VIIRS (NOAA-20)","resolution_m":375,"frp":9.99,"intensity":"low","confidence":"n","acq_datetime":"2026-10-03 03:00Z","daynight":"Day"}},{"type":"Feature","geometry":{"type":"Point","coordinates":[146.01346,-7.1637]},"properties":{"source":"VIIRS (NOAA-20)","resolution_m":375,"frp":8.38,"intensity":"low","confidence":"n","acq_datetime":"2026-10-03 03:00Z","daynight":"Day"}},{"type":"Feature","geometry":{"type":"Point","coordinates":[146.06238,-7.14372]},"properties":{"source":"VIIRS (NOAA-20)","resolution_m":375,"frp":14.48,"intensity":"moderate","confidence":"n","acq_datetime":"2026-10-03 03:00Z","daynight":"Day"}},{"type":"Feature","geometry":{"type":"Point","coordinates":[145.87152,-6.808]},"properties":{"source":"VIIRS (NOAA-20)","resolution_m":375,"frp":36.75,"intensity":"moderate","confidence":"h","acq_datetime":"2026-10-03 03:02Z","daynight":"Day"}},{"type":"Feature","geometry":{"type":"Point","coordinates":[145.86777,-6.80385]},"properties":{"source":"VIIRS (NOAA-20)","resolution_m":375,"frp":23.7,"intensity":"moderate","confidence":"n","acq_datetime":"2026-10-03 03:02Z","daynight":"Day"}},{"type":"Feature","geometry":{"type":"Point","coordinates":[145.87204,-6.80331]},"properties":{"source":"VIIRS (NOAA-20)","resolution_m":375,"frp":23.7,"intensity":"moderate","confidence":"h","acq_datetime":"2026-10-03 03:02Z","daynight":"Day"}},{"type":"Feature","geometry":{"type":"Point","coordinates":[146.77757,-6.66007]},"properties":{"source":"VIIRS (NOAA-20)","resolution_m":375,"frp":10.01,"intensity":"moderate","confidence":"n","acq_datetime":"2026-10-03 03:02Z","daynight":"Day"}},{"type":"Feature","geometry":{"type":"Point","coordinates":[146.7764,-6.65372]},"properties":{"source":"VIIRS (NOAA-20)","resolution_m":375,"frp":4.76,"intensity":"low","confidence":"n","acq_datetime":"2026-10-03 03:02Z","daynight":"Day"}},{"type":"Feature","geometry":{"type":"Point","coordinates":[146.54039,-6.48648]},"properties":{"source":"VIIRS (NOAA-20)","resolution_m":375,"frp":7.52,"intensity":"low","confidence":"n","acq_datetime":"2026-10-03 03:02Z","daynight":"Day"}},{"type":"Feature","geometry":{"type":"Point","coordinates":[147.58078,-6.30233]},"properties":{"source":"VIIRS (NOAA-20)","resolution_m":375,"frp":6.23,"intensity":"low","confidence":"n","acq_datetime":"2026-10-03 03:02Z","daynight":"Day"}},{"type":"Feature","geometry":{"type":"Point","coordinates":[149.9001,-6.27629]},"properties":{"source":"VIIRS (NOAA-20)","resolution_m":375,"frp":2.26,"intensity":"low","confidence":"n","acq_datetime":"2026-10-03 03:02Z","daynight":"Day"}},{"type":"Feature","geometry":{"type":"Point","coordinates":[145.02469,-6.26453]},"properties":{"source":"VIIRS (NOAA-20)","resolution_m":375,"frp":4.74,"intensity":"low","confidence":"n","acq_datetime":"2026-10-03 03:02Z","daynight":"Day"}},{"type":"Feature","geometry":{"type":"Point","coordinates":[147.09805,-6.21778]},"properties":{"source":"VIIRS (NOAA-20)","resolution_m":375,"frp":6.42,"intensity":"low","confidence":"n","acq_datetime":"2026-10-03 03:02Z","daynight":"Day"}},{"type":"Feature","geometry":{"type":"Point","coordinates":[146.70097,-6.12065]},"properties":{"source":"VIIRS (NOAA-20)","resolution_m":375,"frp":31.45,"intensity":"moderate","confidence":"n","acq_datetime":"2026-10-03 03:02Z","daynight":"Day"}},{"type":"Feature","geometry":{"type":"Point","coordinates":[146.69899,-6.11443]},"properties":{"source":"VIIRS (NOAA-20)","resolution_m":375,"frp":31.45,"intensity":"moderate","confidence":"n","acq_datetime":"2026-10-03 03:02Z","daynight":"Day"}},{"type":"Feature","geometry":{"type":"Point","coordinates":[146.7038,-6.11378]},"properties":{"source":"VIIRS (NOAA-20)","resolution_m":375,"frp":37.29,"intensity":"moderate","confidence":"n","acq_datetime":"2026-10-03 03:02Z","daynight":"Day"}},{"type":"Feature","geometry":{"type":"Point","coordinates":[147.54143,-6.10111]},"properties":{"source":"VIIRS (NOAA-20)","resolution_m":375,"frp":7.0,"intensity":"low","confidence":"n","acq_datetime":"2026-10-03 03:02Z","daynight":"Day"}},{"type":"Feature","geometry":{"type":"Point","coordinates":[144.93002,-6.02593]},"properties":{"source":"VIIRS (NOAA-20)","resolution_m":375,"frp":11.86,"intensity":"moderate","confidence":"n","acq_datetime":"2026-10-03 03:02Z","daynight":"Day"}},{"type":"Feature","geometry":{"type":"Point","coordinates":[145.74922,-5.92422]},"properties":{"source":"VIIRS (NOAA-20)","resolution_m":375,"frp":14.84,"intensity":"moderate","confidence":"h","acq_datetime":"2026-10-03 03:02Z","daynight":"Day"}},{"type":"Feature","geometry":{"type":"Point","coordinates":[149.49889,-5.83889]},"properties":{"source":"VIIRS (NOAA-20)","resolution_m":375,"frp":2.75,"intensity":"low","confidence":"n","acq_datetime":"2026-10-03 03:02Z","daynight":"Day"}},{"type":"Feature","geometry":{"type":"Point","coordinates":[149.49809,-5.8336]},"properties":{"source":"VIIRS (NOAA-20)","resolution_m":375,"frp":4.23,"intensity":"low","confidence":"n","acq_datetime":"2026-10-03 03:02Z","daynight":"Day"}},{"type":"Feature","geometry":{"type":"Point","coordinates":[149.48808,-5.78176]},"properties":{"source":"VIIRS (NOAA-20)","resolution_m":375,"frp":4.57,"intensity":"low","confidence":"n","acq_datetime":"2026-10-03 03:02Z","daynight":"Day"}},{"type":"Feature","geometry":{"type":"Point","coordinates":[149.21342,-5.7274]},"properties":{"source":"VIIRS (NOAA-20)","resolution_m":375,"frp":4.85,"intensity":"low","confidence":"n","acq_datetime":"2026-10-03 03:02Z","daynight":"Day"}},{"type":"Feature","geometry":{"type":"Point","coordinates":[149.21103,-5.72529]},"properties":{"source":"VIIRS (NOAA-20)","resolution_m":375,"frp":4.27,"intensity":"low","confidence":"h","acq_datetime":"2026-10-03 03:02Z","daynight":"Day"}},{"type":"Feature","geometry":{"type":"Point","coordinates":[149.2142,-5.72484]},"properties":{"source":"VIIRS (NOAA-20)","resolution_m":375,"frp":4.27,"intensity":"low","confidence":"n","acq_datetime":"2026-10-03 03:02Z","daynight":"Day"}},{"type":"Feature","geometry":{"type":"Point","coordinates":[149.21266,-5.72201]},"properties":{"source":"VIIRS (NOAA-20)","resolution_m":375,"frp":4.78,"intensity":"low","confidence":"n","acq_datetime":"2026-10-03 03:02Z","daynight":"Day"}},{"type":"Feature","geometry":{"type":"Point","coordinates":[150.0233,-5.72084]},"properties":{"source":"VIIRS (NOAA-20)","resolution_m":375,"frp":2.32,"intensity":"low","confidence":"n","acq_datetime":"2026-10-03 03:02Z","daynight":"Day"}},{"type":"Feature","geometry":{"type":"Point","coordinates":[149.59875,-5.68036]},"properties":{"source":"VIIRS (NOAA-20)","resolution_m":375,"frp":3.64,"intensity":"low","confidence":"n","acq_datetime":"2026-10-03 03:02Z","daynight":"Day"}},{"type":"Feature","geometry":{"type":"Point","coordinates":[149.60132,-5.67999]},"properties":{"source":"VIIRS (NOAA-20)","resolution_m":375,"frp":4.66,"intensity":"low","confidence":"n","acq_datetime":"2026-10-03 03:02Z","daynight":"Day"}},{"type":"Feature","geometry":{"type":"Point","coordinates":[149.60194,-5.6799]},"properties":{"source":"VIIRS (NOAA-20)","resolution_m":375,"frp":4.83,"intensity":"low","confidence":"n","acq_datetime":"2026-10-03 03:02Z","daynight":"Day"}},{"type":"Feature","geometry":{"type":"Point","coordinates":[149.60452,-5.67955]},"properties":{"source":"VIIRS (NOAA-20)","resolution_m":375,"frp":4.53,"intensity":"low","confidence":"n","acq_datetime":"2026-10-03 03:02Z","daynight":"Day"}},{"type":"Feature","geometry":{"type":"Point","coordinates":[149.60515,-5.67944]},"properties":{"source":"VIIRS (NOAA-20)","resolution_m":375,"frp":4.83,"intensity":"low","confidence":"n","acq_datetime":"2026-10-03 03:02Z","daynight":"Day"}},{"type":"Feature","geometry":{"type":"Point","coordinates":[149.60773,-5.67911]},"properties":{"source":"VIIRS (NOAA-20)","resolution_m":375,"frp":4.53,"intensity":"low","confidence":"n","acq_datetime":"2026-10-03 03:02Z","daynight":"Day"}},{"type":"Feature","geometry":{"type":"Point","coordinates":[149.59734,-5.67518]},"properties":{"source":"VIIRS (NOAA-20)","resolution_m":375,"frp":4.66,"intensity":"low","confidence":"l","acq_datetime":"2026-10-03 03:02Z","daynight":"Day"}},{"type":"Feature","geometry":{"type":"Point","coordinates":[149.59798,-5.67512]},"properties":{"source":"VIIRS (NOAA-20)","resolution_m":375,"frp":3.64,"intensity":"low","confidence":"n","acq_datetime":"2026-10-03 03:02Z","daynight":"Day"}},{"type":"Feature","geometry":{"type":"Point","coordinates":[149.60052,-5.67475]},"properties":{"source":"VIIRS (NOAA-20)","resolution_m":375,"frp":4.66,"intensity":"low","confidence":"n","acq_datetime":"2026-10-03 03:02Z","daynight":"Day"}},{"type":"Feature","geometry":{"type":"Point","coordinates":[149.60117,-5.67466]},"properties":{"source":"VIIRS (NOAA-20)","resolution_m":375,"frp":4.83,"intensity":"low","confidence":"n","acq_datetime":"2026-10-03 03:02Z","daynight":"Day"}},{"type":"Feature","geometry":{"type":"Point","coordinates":[149.60374,-5.67431]},"properties":{"source":"VIIRS (NOAA-20)","resolution_m":375,"frp":4.53,"intensity":"low","confidence":"h","acq_datetime":"2026-10-03 03:02Z","daynight":"Day"}},{"type":"Feature","geometry":{"type":"Point","coordinates":[149.60439,-5.6742]},"properties":{"source":"VIIRS (NOAA-20)","resolution_m":375,"frp":4.83,"intensity":"low","confidence":"h","acq_datetime":"2026-10-03 03:02Z","daynight":"Day"}},{"type":"Feature","geometry":{"type":"Point","coordinates":[149.60698,-5.67387]},"properties":{"source":"VIIRS (NOAA-20)","resolution_m":375,"frp":4.53,"intensity":"low","confidence":"n","acq_datetime":"2026-10-03 03:02Z","daynight":"Day"}},{"type":"Feature","geometry":{"type":"Point","coordinates":[150.87944,-5.67002]},"properties":{"source":"VIIRS (NOAA-20)","resolution_m":375,"frp":5.55,"intensity":"low","confidence":"n","acq_datetime":"2026-10-03 03:02Z","daynight":"Day"}},{"type":"Feature","geometry":{"type":"Point","coordinates":[149.60298,-5.66907]},"properties":{"source":"VIIRS (NOAA-20)","resolution_m":375,"frp":3.37,"intensity":"low","confidence":"n","acq_datetime":"2026-10-03 03:02Z","daynight":"Day"}},{"type":"Feature","geometry":{"type":"Point","coordinates":[149.60364,-5.66896]},"properties":{"source":"VIIRS (NOAA-20)","resolution_m":375,"frp":4.52,"intensity":"low","confidence":"n","acq_datetime":"2026-10-03 03:02Z","daynight":"Day"}},{"type":"Feature","geometry":{"type":"Point","coordinates":[149.60622,-5.66863]},"properties":{"source":"VIIRS (NOAA-20)","resolution_m":375,"frp":3.37,"intensity":"low","confidence":"n","acq_datetime":"2026-10-03 03:02Z","daynight":"Day"}},{"type":"Feature","geometry":{"type":"Point","coordinates":[149.60686,-5.66849]},"properties":{"source":"VIIRS (NOAA-20)","resolution_m":375,"frp":3.56,"intensity":"low","confidence":"n","acq_datetime":"2026-10-03 03:02Z","daynight":"Day"}},{"type":"Feature","geometry":{"type":"Point","coordinates":[149.60947,-5.66819]},"properties":{"source":"VIIRS (NOAA-20)","resolution_m":375,"frp":5.5,"intensity":"low","confidence":"n","acq_datetime":"2026-10-03 03:02Z","daynight":"Day"}},{"type":"Feature","geometry":{"type":"Point","coordinates":[149.61009,-5.66803]},"properties":{"source":"VIIRS (NOAA-20)","resolution_m":375,"frp":3.56,"intensity":"low","confidence":"n","acq_datetime":"2026-10-03 03:02Z","daynight":"Day"}},{"type":"Feature","geometry":{"type":"Point","coordinates":[150.7317,-5.65153]},"properties":{"source":"VIIRS (NOAA-20)","resolution_m":375,"frp":9.28,"intensity":"low","confidence":"n","acq_datetime":"2026-10-03 03:02Z","daynight":"Day"}},{"type":"Feature","geometry":{"type":"Point","coordinates":[150.73135,-5.64663]},"properties":{"source":"VIIRS (NOAA-20)","resolution_m":375,"frp":9.28,"intensity":"low","confidence":"n","acq_datetime":"2026-10-03 03:02Z","daynight":"Day"}},{"type":"Feature","geometry":{"type":"Point","coordinates":[150.73682,-5.64587]},"properties":{"source":"VIIRS (NOAA-20)","resolution_m":375,"frp":6.08,"intensity":"low","confidence":"n","acq_datetime":"2026-10-03 03:02Z","daynight":"Day"}},{"type":"Feature","geometry":{"type":"Point","coordinates":[149.59674,-5.6432]},"properties":{"source":"VIIRS (NOAA-20)","resolution_m":375,"frp":3.36,"intensity":"low","confidence":"n","acq_datetime":"2026-10-03 03:02Z","daynight":"Day"}},{"type":"Feature","geometry":{"type":"Point","coordinates":[150.72479,-5.6426]},"properties":{"source":"VIIRS (NOAA-20)","resolution_m":375,"frp":9.77,"intensity":"low","confidence":"n","acq_datetime":"2026-10-03 03:02Z","daynight":"Day"}},{"type":"Feature","geometry":{"type":"Point","coordinates":[150.65038,-5.63993]},"properties":{"source":"VIIRS (NOAA-20)","resolution_m":375,"frp":4.99,"intensity":"low","confidence":"l","acq_datetime":"2026-10-03 03:02Z","daynight":"Day"}},{"type":"Feature","geometry":{"type":"Point","coordinates":[150.62793,-5.63822]},"properties":{"source":"VIIRS (NOAA-20)","resolution_m":375,"frp":2.63,"intensity":"low","confidence":"n","acq_datetime":"2026-10-03 03:02Z","daynight":"Day"}},{"type":"Feature","geometry":{"type":"Point","coordinates":[150.65146,-5.63788]},"properties":{"source":"VIIRS (NOAA-20)","resolution_m":375,"frp":5.88,"intensity":"low","confidence":"n","acq_datetime":"2026-10-03 03:02Z","daynight":"Day"}},{"type":"Feature","geometry":{"type":"Point","coordinates":[150.63303,-5.62548]},"properties":{"source":"VIIRS (NOAA-20)","resolution_m":375,"frp":6.37,"intensity":"low","confidence":"n","acq_datetime":"2026-10-03 03:02Z","daynight":"Day"}},{"type":"Feature","geometry":{"type":"Point","coordinates":[150.63672,-5.622]},"properties":{"source":"VIIRS (NOAA-20)","resolution_m":375,"frp":3.55,"intensity":"low","confidence":"n","acq_datetime":"2026-10-03 03:02Z","daynight":"Day"}},{"type":"Feature","geometry":{"type":"Point","coordinates":[149.60843,-5.60949]},"properties":{"source":"VIIRS (NOAA-20)","resolution_m":375,"frp":2.26,"intensity":"low","confidence":"n","acq_datetime":"2026-10-03 03:02Z","daynight":"Day"}},{"type":"Feature","geometry":{"type":"Point","coordinates":[150.52409,-5.60817]},"properties":{"source":"VIIRS (NOAA-20)","resolution_m":375,"frp":5.96,"intensity":"low","confidence":"n","acq_datetime":"2026-10-03 03:02Z","daynight":"Day"}},{"type":"Feature","geometry":{"type":"Point","coordinates":[149.90407,-5.60474]},"properties":{"source":"VIIRS (NOAA-20)","resolution_m":375,"frp":3.62,"intensity":"low","confidence":"n","acq_datetime":"2026-10-03 03:02Z","daynight":"Day"}},{"type":"Feature","geometry":{"type":"Point","coordinates":[149.58835,-5.6016]},"properties":{"source":"VIIRS (NOAA-20)","resolution_m":375,"frp":2.32,"intensity":"low","confidence":"n","acq_datetime":"2026-10-03 03:02Z","daynight":"Day"}},{"type":"Feature","geometry":{"type":"Point","coordinates":[148.368,-5.57966]},"properties":{"source":"VIIRS (NOAA-20)","resolution_m":375,"frp":12.39,"intensity":"moderate","confidence":"n","acq_datetime":"2026-10-03 03:02Z","daynight":"Day"}},{"type":"Feature","geometry":{"type":"Point","coordinates":[150.90717,-5.57794]},"properties":{"source":"VIIRS (NOAA-20)","resolution_m":375,"frp":5.4,"intensity":"low","confidence":"n","acq_datetime":"2026-10-03 03:02Z","daynight":"Day"}},{"type":"Feature","geometry":{"type":"Point","coordinates":[148.38161,-5.57777]},"properties":{"source":"VIIRS (NOAA-20)","resolution_m":375,"frp":10.1,"intensity":"moderate","confidence":"n","acq_datetime":"2026-10-03 03:02Z","daynight":"Day"}},{"type":"Feature","geometry":{"type":"Point","coordinates":[150.90547,-5.5733]},"properties":{"source":"VIIRS (NOAA-20)","resolution_m":375,"frp":5.4,"intensity":"low","confidence":"n","acq_datetime":"2026-10-03 03:02Z","daynight":"Day"}},{"type":"Feature","geometry":{"type":"Point","coordinates":[149.88559,-5.56023]},"properties":{"source":"VIIRS (NOAA-20)","resolution_m":375,"frp":1.88,"intensity":"low","confidence":"n","acq_datetime":"2026-10-03 03:02Z","daynight":"Day"}},{"type":"Feature","geometry":{"type":"Point","coordinates":[149.86899,-5.55206]},"properties":{"source":"VIIRS (NOAA-20)","resolution_m":375,"frp":5.26,"intensity":"low","confidence":"n","acq_datetime":"2026-10-03 03:02Z","daynight":"Day"}},{"type":"Feature","geometry":{"type":"Point","coordinates":[148.87549,-5.5425]},"properties":{"source":"VIIRS (NOAA-20)","resolution_m":375,"frp":6.92,"intensity":"low","confidence":"n","acq_datetime":"2026-10-03 03:02Z","daynight":"Day"}},{"type":"Feature","geometry":{"type":"Point","coordinates":[149.84604,-5.52663]},"properties":{"source":"VIIRS (NOAA-20)","resolution_m":375,"frp":2.78,"intensity":"low","confidence":"n","acq_datetime":"2026-10-03 03:02Z","daynight":"Day"}},{"type":"Feature","geometry":{"type":"Point","coordinates":[149.84604,-5.52376]},"properties":{"source":"VIIRS (NOAA-20)","resolution_m":375,"frp":3.54,"intensity":"low","confidence":"n","acq_datetime":"2026-10-03 03:02Z","daynight":"Day"}},{"type":"Feature","geometry":{"type":"Point","coordinates":[147.87103,-5.50124]},"properties":{"source":"VIIRS (NOAA-20)","resolution_m":375,"frp":4.07,"intensity":"low","confidence":"n","acq_datetime":"2026-10-03 03:02Z","daynight":"Day"}},{"type":"Feature","geometry":{"type":"Point","coordinates":[150.51866,-5.46161]},"properties":{"source":"VIIRS (NOAA-20)","resolution_m":375,"frp":12.06,"intensity":"moderate","confidence":"n","acq_datetime":"2026-10-03 03:02Z","daynight":"Day"}},{"type":"Feature","geometry":{"type":"Point","coordinates":[149.92557,-5.35067]},"properties":{"source":"VIIRS (NOAA-20)","resolution_m":375,"frp":1.96,"intensity":"low","confidence":"n","acq_datetime":"2026-10-03 03:02Z","daynight":"Day"}},{"type":"Feature","geometry":{"type":"Point","coordinates":[151.38402,-5.23698]},"properties":{"source":"VIIRS (NOAA-20)","resolution_m":375,"frp":5.16,"intensity":"low","confidence":"n","acq_datetime":"2026-10-03 03:02Z","daynight":"Day"}},{"type":"Feature","geometry":{"type":"Point","coordinates":[150.06459,-5.21335]},"properties":{"source":"VIIRS (NOAA-20)","resolution_m":375,"frp":2.77,"intensity":"low","confidence":"n","acq_datetime":"2026-10-03 03:02Z","daynight":"Day"}},{"type":"Feature","geometry":{"type":"Point","coordinates":[150.06715,-5.21299]},"properties":{"source":"VIIRS (NOAA-20)","resolution_m":375,"frp":4.5,"intensity":"low","confidence":"n","acq_datetime":"2026-10-03 03:02Z","daynight":"Day"}},{"type":"Feature","geometry":{"type":"Point","coordinates":[150.04857,-5.13936]},"properties":{"source":"VIIRS (NOAA-20)","resolution_m":375,"frp":5.46,"intensity":"low","confidence":"n","acq_datetime":"2026-10-03 03:02Z","daynight":"Day"}},{"type":"Feature","geometry":{"type":"Point","coordinates":[151.78137,-4.70089]},"properties":{"source":"VIIRS (NOAA-20)","resolution_m":375,"frp":2.12,"intensity":"low","confidence":"n","acq_datetime":"2026-10-03 03:02Z","daynight":"Day"}},{"type":"Feature","geometry":{"type":"Point","coordinates":[151.78069,-4.69645]},"properties":{"source":"VIIRS (NOAA-20)","resolution_m":375,"frp":3.64,"intensity":"low","confidence":"n","acq_datetime":"2026-10-03 03:02Z","daynight":"Day"}},{"type":"Feature","geometry":{"type":"Point","coordinates":[151.71126,-4.68846]},"properties":{"source":"VIIRS (NOAA-20)","resolution_m":375,"frp":9.75,"intensity":"low","confidence":"n","acq_datetime":"2026-10-03 03:02Z","daynight":"Day"}},{"type":"Feature","geometry":{"type":"Point","coordinates":[151.72894,-4.68587]},"properties":{"source":"VIIRS (NOAA-20)","resolution_m":375,"frp":4.16,"intensity":"low","confidence":"l","acq_datetime":"2026-10-03 03:02Z","daynight":"Day"}},{"type":"Feature","geometry":{"type":"Point","coordinates":[151.73779,-4.68458]},"properties":{"source":"VIIRS (NOAA-20)","resolution_m":375,"frp":5.6,"intensity":"low","confidence":"l","acq_datetime":"2026-10-03 03:02Z","daynight":"Day"}},{"type":"Feature","geometry":{"type":"Point","coordinates":[152.24966,-4.5964]},"properties":{"source":"VIIRS (NOAA-20)","resolution_m":375,"frp":6.3,"intensity":"low","confidence":"n","acq_datetime":"2026-10-03 03:02Z","daynight":"Day"}},{"type":"Feature","geometry":{"type":"Point","coordinates":[152.12842,-4.57428]},"properties":{"source":"VIIRS (NOAA-20)","resolution_m":375,"frp":4.25,"intensity":"low","confidence":"n","acq_datetime":"2026-10-03 03:02Z","daynight":"Day"}},{"type":"Feature","geometry":{"type":"Point","coordinates":[152.12695,-4.56565]},"properties":{"source":"VIIRS (NOAA-20)","resolution_m":375,"frp":5.61,"intensity":"low","confidence":"n","acq_datetime":"2026-10-03 03:02Z","daynight":"Day"}},{"type":"Feature","geometry":{"type":"Point","coordinates":[152.12793,-4.56361]},"properties":{"source":"VIIRS (NOAA-20)","resolution_m":375,"frp":3.88,"intensity":"low","confidence":"n","acq_datetime":"2026-10-03 03:02Z","daynight":"Day"}},{"type":"Feature","geometry":{"type":"Point","coordinates":[152.21928,-4.56129]},"properties":{"source":"VIIRS (NOAA-20)","resolution_m":375,"frp":2.82,"intensity":"low","confidence":"n","acq_datetime":"2026-10-03 03:02Z","daynight":"Day"}},{"type":"Feature","geometry":{"type":"Point","coordinates":[152.20654,-4.55872]},"properties":{"source":"VIIRS (NOAA-20)","resolution_m":375,"frp":2.93,"intensity":"low","confidence":"n","acq_datetime":"2026-10-03 03:02Z","daynight":"Day"}},{"type":"Feature","geometry":{"type":"Point","coordinates":[152.12561,-4.557]},"properties":{"source":"VIIRS (NOAA-20)","resolution_m":375,"frp":3.82,"intensity":"low","confidence":"n","acq_datetime":"2026-10-03 03:02Z","daynight":"Day"}},{"type":"Feature","geometry":{"type":"Point","coordinates":[152.1132,-4.55434]},"properties":{"source":"VIIRS (NOAA-20)","resolution_m":375,"frp":6.47,"intensity":"low","confidence":"n","acq_datetime":"2026-10-03 03:02Z","daynight":"Day"}},{"type":"Feature","geometry":{"type":"Point","coordinates":[152.15149,-4.55334]},"properties":{"source":"VIIRS (NOAA-20)","resolution_m":375,"frp":5.13,"intensity":"low","confidence":"n","acq_datetime":"2026-10-03 03:02Z","daynight":"Day"}},{"type":"Feature","geometry":{"type":"Point","coordinates":[152.15585,-4.55272]},"properties":{"source":"VIIRS (NOAA-20)","resolution_m":375,"frp":5.13,"intensity":"low","confidence":"n","acq_datetime":"2026-10-03 03:02Z","daynight":"Day"}},{"type":"Feature","geometry":{"type":"Point","coordinates":[152.11429,-4.55238]},"properties":{"source":"VIIRS (NOAA-20)","resolution_m":375,"frp":7.25,"intensity":"low","confidence":"n","acq_datetime":"2026-10-03 03:02Z","daynight":"Day"}},{"type":"Feature","geometry":{"type":"Point","coordinates":[152.15256,-4.55108]},"properties":{"source":"VIIRS (NOAA-20)","resolution_m":375,"frp":4.34,"intensity":"low","confidence":"n","acq_datetime":"2026-10-03 03:02Z","daynight":"Day"}},{"type":"Feature","geometry":{"type":"Point","coordinates":[152.18587,-4.54848]},"properties":{"source":"VIIRS (NOAA-20)","resolution_m":375,"frp":4.71,"intensity":"low","confidence":"n","acq_datetime":"2026-10-03 03:02Z","daynight":"Day"}},{"type":"Feature","geometry":{"type":"Point","coordinates":[152.1868,-4.54596]},"properties":{"source":"VIIRS (NOAA-20)","resolution_m":375,"frp":3.06,"intensity":"low","confidence":"n","acq_datetime":"2026-10-03 03:02Z","daynight":"Day"}},{"type":"Feature","geometry":{"type":"Point","coordinates":[152.23778,-4.54549]},"properties":{"source":"VIIRS (NOAA-20)","resolution_m":375,"frp":3.34,"intensity":"low","confidence":"n","acq_datetime":"2026-10-03 03:02Z","daynight":"Day"}},{"type":"Feature","geometry":{"type":"Point","coordinates":[152.16853,-4.54429]},"properties":{"source":"VIIRS (NOAA-20)","resolution_m":375,"frp":3.83,"intensity":"low","confidence":"n","acq_datetime":"2026-10-03 03:02Z","daynight":"Day"}},{"type":"Feature","geometry":{"type":"Point","coordinates":[152.27431,-4.54029]},"properties":{"source":"VIIRS (NOAA-20)","resolution_m":375,"frp":2.91,"intensity":"low","confidence":"l","acq_datetime":"2026-10-03 03:02Z","daynight":"Day"}},{"type":"Feature","geometry":{"type":"Point","coordinates":[152.29262,-4.53331]},"properties":{"source":"VIIRS (NOAA-20)","resolution_m":375,"frp":2.88,"intensity":"low","confidence":"l","acq_datetime":"2026-10-03 03:02Z","daynight":"Day"}},{"type":"Feature","geometry":{"type":"Point","coordinates":[152.23146,-4.53052]},"properties":{"source":"VIIRS (NOAA-20)","resolution_m":375,"frp":9.05,"intensity":"low","confidence":"n","acq_datetime":"2026-10-03 03:02Z","daynight":"Day"}},{"type":"Feature","geometry":{"type":"Point","coordinates":[152.2355,-4.52991]},"properties":{"source":"VIIRS (NOAA-20)","resolution_m":375,"frp":9.05,"intensity":"low","confidence":"n","acq_datetime":"2026-10-03 03:02Z","daynight":"Day"}},{"type":"Feature","geometry":{"type":"Point","coordinates":[152.10953,-4.49557]},"properties":{"source":"VIIRS (NOAA-20)","resolution_m":375,"frp":4.39,"intensity":"low","confidence":"n","acq_datetime":"2026-10-03 03:02Z","daynight":"Day"}},{"type":"Feature","geometry":{"type":"Point","coordinates":[152.22018,-4.4839]},"properties":{"source":"VIIRS (NOAA-20)","resolution_m":375,"frp":2.97,"intensity":"low","confidence":"n","acq_datetime":"2026-10-03 03:02Z","daynight":"Day"}},{"type":"Feature","geometry":{"type":"Point","coordinates":[152.12308,-4.47594]},"properties":{"source":"VIIRS (NOAA-20)","resolution_m":375,"frp":3.87,"intensity":"low","confidence":"n","acq_datetime":"2026-10-03 03:02Z","daynight":"Day"}},{"type":"Feature","geometry":{"type":"Point","coordinates":[152.17711,-4.47256]},"properties":{"source":"VIIRS (NOAA-20)","resolution_m":375,"frp":6.05,"intensity":"low","confidence":"n","acq_datetime":"2026-10-03 03:02Z","daynight":"Day"}},{"type":"Feature","geometry":{"type":"Point","coordinates":[152.22385,-4.45267]},"properties":{"source":"VIIRS (NOAA-20)","resolution_m":375,"frp":2.14,"intensity":"low","confidence":"l","acq_datetime":"2026-10-03 03:02Z","daynight":"Day"}},{"type":"Feature","geometry":{"type":"Point","coordinates":[152.11104,-4.4141]},"properties":{"source":"VIIRS (NOAA-20)","resolution_m":375,"frp":9.26,"intensity":"low","confidence":"n","acq_datetime":"2026-10-03 03:02Z","daynight":"Day"}},{"type":"Feature","geometry":{"type":"Point","coordinates":[151.56725,-4.40436]},"properties":{"source":"VIIRS (NOAA-20)","resolution_m":375,"frp":3.77,"intensity":"low","confidence":"n","acq_datetime":"2026-10-03 03:02Z","daynight":"Day"}},{"type":"Feature","geometry":{"type":"Point","coordinates":[152.11342,-4.40051]},"properties":{"source":"VIIRS (NOAA-20)","resolution_m":375,"frp":3.61,"intensity":"low","confidence":"n","acq_datetime":"2026-10-03 03:02Z","daynight":"Day"}},{"type":"Feature","geometry":{"type":"Point","coordinates":[152.10829,-4.31969]},"properties":{"source":"VIIRS (NOAA-20)","resolution_m":375,"frp":6.52,"intensity":"low","confidence":"l","acq_datetime":"2026-10-03 03:02Z","daynight":"Day"}},{"type":"Feature","geometry":{"type":"Point","coordinates":[152.1615,-4.3162]},"properties":{"source":"VIIRS (NOAA-20)","resolution_m":375,"frp":6.12,"intensity":"low","confidence":"n","acq_datetime":"2026-10-03 03:02Z","daynight":"Day"}},{"type":"Feature","geometry":{"type":"Point","coordinates":[152.10765,-4.31538]},"properties":{"source":"VIIRS (NOAA-20)","resolution_m":375,"frp":2.99,"intensity":"low","confidence":"n","acq_datetime":"2026-10-03 03:02Z","daynight":"Day"}},{"type":"Feature","geometry":{"type":"Point","coordinates":[152.14728,-4.27873]},"properties":{"source":"VIIRS (NOAA-20)","resolution_m":375,"frp":3.36,"intensity":"low","confidence":"n","acq_datetime":"2026-10-03 03:02Z","daynight":"Day"}},{"type":"Feature","geometry":{"type":"Point","coordinates":[151.79678,-4.22656]},"properties":{"source":"VIIRS (NOAA-20)","resolution_m":375,"frp":5.85,"intensity":"low","confidence":"n","acq_datetime":"2026-10-03 03:02Z","daynight":"Day"}},{"type":"Feature","geometry":{"type":"Point","coordinates":[152.14986,-4.21886]},"properties":{"source":"VIIRS (NOAA-20)","resolution_m":375,"frp":3.3,"intensity":"low","confidence":"n","acq_datetime":"2026-10-03 03:02Z","daynight":"Day"}},{"type":"Feature","geometry":{"type":"Point","coordinates":[152.185,-4.20485]},"properties":{"source":"VIIRS (NOAA-20)","resolution_m":375,"frp":4.09,"intensity":"low","confidence":"l","acq_datetime":"2026-10-03 03:02Z","daynight":"Day"}},{"type":"Feature","geometry":{"type":"Point","coordinates":[152.16307,-4.19056]},"properties":{"source":"VIIRS (NOAA-20)","resolution_m":375,"frp":2.23,"intensity":"low","confidence":"n","acq_datetime":"2026-10-03 03:02Z","daynight":"Day"}},{"type":"Feature","geometry":{"type":"Point","coordinates":[152.99933,-4.13745]},"properties":{"source":"VIIRS (NOAA-20)","resolution_m":375,"frp":4.68,"intensity":"low","confidence":"l","acq_datetime":"2026-10-03 03:02Z","daynight":"Day"}},{"type":"Feature","geometry":{"type":"Point","coordinates":[144.34344,-4.13335]},"properties":{"source":"VIIRS (NOAA-20)","resolution_m":375,"frp":14.34,"intensity":"moderate","confidence":"n","acq_datetime":"2026-10-03 03:02Z","daynight":"Day"}},{"type":"Feature","geometry":{"type":"Point","coordinates":[144.30931,-4.09863]},"properties":{"source":"VIIRS (NOAA-20)","resolution_m":375,"frp":16.18,"intensity":"moderate","confidence":"n","acq_datetime":"2026-10-03 03:02Z","daynight":"Day"}},{"type":"Feature","geometry":{"type":"Point","coordinates":[144.30225,-4.09538]},"properties":{"source":"VIIRS (NOAA-20)","resolution_m":375,"frp":20.26,"intensity":"moderate","confidence":"n","acq_datetime":"2026-10-03 03:02Z","daynight":"Day"}},{"type":"Feature","geometry":{"type":"Point","coordinates":[144.30942,-4.09439]},"properties":{"source":"VIIRS (NOAA-20)","resolution_m":375,"frp":18.4,"intensity":"moderate","confidence":"n","acq_datetime":"2026-10-03 03:02Z","daynight":"Day"}},{"type":"Feature","geometry":{"type":"Point","coordinates":[144.30124,-4.09251]},"properties":{"source":"VIIRS (NOAA-20)","resolution_m":375,"frp":22.9,"intensity":"moderate","confidence":"n","acq_datetime":"2026-10-03 03:02Z","daynight":"Day"}},{"type":"Feature","geometry":{"type":"Point","coordinates":[152.98647,-4.08938]},"properties":{"source":"VIIRS (NOAA-20)","resolution_m":375,"frp":5.3,"intensity":"low","confidence":"n","acq_datetime":"2026-10-03 03:02Z","daynight":"Day"}},{"type":"Feature","geometry":{"type":"Point","coordinates":[144.2942,-4.08919]},"properties":{"source":"VIIRS (NOAA-20)","resolution_m":375,"frp":20.26,"intensity":"moderate","confidence":"n","acq_datetime":"2026-10-03 03:02Z","daynight":"Day"}},{"type":"Feature","geometry":{"type":"Point","coordinates":[144.29324,-4.08637]},"properties":{"source":"VIIRS (NOAA-20)","resolution_m":375,"frp":19.19,"intensity":"moderate","confidence":"n","acq_datetime":"2026-10-03 03:02Z","daynight":"Day"}},{"type":"Feature","geometry":{"type":"Point","coordinates":[144.2831,-4.06152]},"properties":{"source":"VIIRS (NOAA-20)","resolution_m":375,"frp":14.95,"intensity":"moderate","confidence":"n","acq_datetime":"2026-10-03 03:02Z","daynight":"Day"}},{"type":"Feature","geometry":{"type":"Point","coordinates":[144.28224,-4.05874]},"properties":{"source":"VIIRS (NOAA-20)","resolution_m":375,"frp":12.4,"intensity":"moderate","confidence":"n","acq_datetime":"2026-10-03 03:02Z","daynight":"Day"}},{"type":"Feature","geometry":{"type":"Point","coordinates":[152.85272,-4.00116]},"properties":{"source":"VIIRS (NOAA-20)","resolution_m":375,"frp":2.58,"intensity":"low","confidence":"n","acq_datetime":"2026-10-03 03:02Z","daynight":"Day"}},{"type":"Feature","geometry":{"type":"Point","coordinates":[152.85533,-3.9966]},"properties":{"source":"VIIRS (NOAA-20)","resolution_m":375,"frp":7.16,"intensity":"low","confidence":"n","acq_datetime":"2026-10-03 03:02Z","daynight":"Day"}},{"type":"Feature","geometry":{"type":"Point","coordinates":[152.80991,-3.95734]},"properties":{"source":"VIIRS (NOAA-20)","resolution_m":375,"frp":2.49,"intensity":"low","confidence":"n","acq_datetime":"2026-10-03 03:02Z","daynight":"Day"}},{"type":"Feature","geometry":{"type":"Point","coordinates":[152.81598,-3.95227]},"properties":{"source":"VIIRS (NOAA-20)","resolution_m":375,"frp":3.04,"intensity":"low","confidence":"n","acq_datetime":"2026-10-03 03:02Z","daynight":"Day"}},{"type":"Feature","geometry":{"type":"Point","coordinates":[152.81877,-3.94768]},"properties":{"source":"VIIRS (NOAA-20)","resolution_m":375,"frp":3.04,"intensity":"low","confidence":"n","acq_datetime":"2026-10-03 03:02Z","daynight":"Day"}},{"type":"Feature","geometry":{"type":"Point","coordinates":[152.82222,-3.94717]},"properties":{"source":"VIIRS (NOAA-20)","resolution_m":375,"frp":4.7,"intensity":"low","confidence":"n","acq_datetime":"2026-10-03 03:02Z","daynight":"Day"}},{"type":"Feature","geometry":{"type":"Point","coordinates":[152.80939,-3.9122]},"properties":{"source":"VIIRS (NOAA-20)","resolution_m":375,"frp":8.37,"intensity":"low","confidence":"n","acq_datetime":"2026-10-03 03:02Z","daynight":"Day"}},{"type":"Feature","geometry":{"type":"Point","coordinates":[152.80557,-3.88768]},"properties":{"source":"VIIRS (NOAA-20)","resolution_m":375,"frp":6.12,"intensity":"low","confidence":"n","acq_datetime":"2026-10-03 03:02Z","daynight":"Day"}},{"type":"Feature","geometry":{"type":"Point","coordinates":[152.66783,-3.87024]},"properties":{"source":"VIIRS (NOAA-20)","resolution_m":375,"frp":4.43,"intensity":"low","confidence":"n","acq_datetime":"2026-10-03 03:02Z","daynight":"Day"}},{"type":"Feature","geometry":{"type":"Point","coordinates":[152.58124,-3.82568]},"properties":{"source":"VIIRS (NOAA-20)","resolution_m":375,"frp":5.98,"intensity":"low","confidence":"n","acq_datetime":"2026-10-03 03:02Z","daynight":"Day"}},{"type":"Feature","geometry":{"type":"Point","coordinates":[152.54556,-3.79277]},"properties":{"source":"VIIRS (NOAA-20)","resolution_m":375,"frp":6.56,"intensity":"low","confidence":"n","acq_datetime":"2026-10-03 03:02Z","daynight":"Day"}},{"type":"Feature","geometry":{"type":"Point","coordinates":[152.51985,-3.74551]},"properties":{"source":"VIIRS (NOAA-20)","resolution_m":375,"frp":8.11,"intensity":"low","confidence":"n","acq_datetime":"2026-10-03 03:02Z","daynight":"Day"}},{"type":"Feature","geometry":{"type":"Point","coordinates":[152.51968,-3.74396]},"properties":{"source":"VIIRS (NOAA-20)","resolution_m":375,"frp":6.12,"intensity":"low","confidence":"n","acq_datetime":"2026-10-03 03:02Z","daynight":"Day"}},{"type":"Feature","geometry":{"type":"Point","coordinates":[152.51173,-3.74242]},"properties":{"source":"VIIRS (NOAA-20)","resolution_m":375,"frp":7.4,"intensity":"low","confidence":"n","acq_datetime":"2026-10-03 03:02Z","daynight":"Day"}},{"type":"Feature","geometry":{"type":"Point","coordinates":[152.5116,-3.74093]},"properties":{"source":"VIIRS (NOAA-20)","resolution_m":375,"frp":4.01,"intensity":"low","confidence":"n","acq_datetime":"2026-10-03 03:02Z","daynight":"Day"}},{"type":"Feature","geometry":{"type":"Point","coordinates":[152.5054,-3.72484]},"properties":{"source":"VIIRS (NOAA-20)","resolution_m":375,"frp":7.84,"intensity":"low","confidence":"n","acq_datetime":"2026-10-03 03:02Z","daynight":"Day"}},{"type":"Feature","geometry":{"type":"Point","coordinates":[152.50845,-3.72012]},"properties":{"source":"VIIRS (NOAA-20)","resolution_m":375,"frp":7.13,"intensity":"low","confidence":"n","acq_datetime":"2026-10-03 03:02Z","daynight":"Day"}},{"type":"Feature","geometry":{"type":"Point","coordinates":[152.50229,-3.70401]},"properties":{"source":"VIIRS (NOAA-20)","resolution_m":375,"frp":5.11,"intensity":"low","confidence":"n","acq_datetime":"2026-10-03 03:02Z","daynight":"Day"}},{"type":"Feature","geometry":{"type":"Point","coordinates":[152.50594,-3.70347]},"properties":{"source":"VIIRS (NOAA-20)","resolution_m":375,"frp":4.19,"intensity":"low","confidence":"n","acq_datetime":"2026-10-03 03:02Z","daynight":"Day"}},{"type":"Feature","geometry":{"type":"Point","coordinates":[152.47826,-3.66923]},"properties":{"source":"VIIRS (NOAA-20)","resolution_m":375,"frp":3.24,"intensity":"low","confidence":"n","acq_datetime":"2026-10-03 03:02Z","daynight":"Day"}},{"type":"Feature","geometry":{"type":"Point","coordinates":[152.4805,-3.66038]},"properties":{"source":"VIIRS (NOAA-20)","resolution_m":375,"frp":5.09,"intensity":"low","confidence":"n","acq_datetime":"2026-10-03 03:02Z","daynight":"Day"}},{"type":"Feature","geometry":{"type":"Point","coordinates":[152.48061,-3.63907]},"properties":{"source":"VIIRS (NOAA-20)","resolution_m":375,"frp":7.08,"intensity":"low","confidence":"n","acq_datetime":"2026-10-03 03:02Z","daynight":"Day"}},{"type":"Feature","geometry":{"type":"Point","coordinates":[152.48003,-3.63747]},"properties":{"source":"VIIRS (NOAA-20)","resolution_m":375,"frp":6.44,"intensity":"low","confidence":"n","acq_datetime":"2026-10-03 03:02Z","daynight":"Day"}},{"type":"Feature","geometry":{"type":"Point","coordinates":[152.27414,-3.51322]},"properties":{"source":"VIIRS (NOAA-20)","resolution_m":375,"frp":7.01,"intensity":"low","confidence":"n","acq_datetime":"2026-10-03 03:02Z","daynight":"Day"}},{"type":"Feature","geometry":{"type":"Point","coordinates":[151.87183,-3.37897]},"properties":{"source":"VIIRS (NOAA-20)","resolution_m":375,"frp":6.15,"intensity":"low","confidence":"n","acq_datetime":"2026-10-03 03:02Z","daynight":"Day"}},{"type":"Feature","geometry":{"type":"Point","coordinates":[152.1127,-3.37766]},"properties":{"source":"VIIRS (NOAA-20)","resolution_m":375,"frp":3.76,"intensity":"low","confidence":"n","acq_datetime":"2026-10-03 03:02Z","daynight":"Day"}},{"type":"Feature","geometry":{"type":"Point","coordinates":[151.83643,-3.32226]},"properties":{"source":"VIIRS (NOAA-20)","resolution_m":375,"frp":4.35,"intensity":"low","confidence":"n","acq_datetime":"2026-10-03 03:02Z","daynight":"Day"}},{"type":"Feature","geometry":{"type":"Point","coordinates":[152.09369,-3.31527]},"properties":{"source":"VIIRS (NOAA-20)","resolution_m":375,"frp":4.66,"intensity":"low","confidence":"n","acq_datetime":"2026-10-03 03:02Z","daynight":"Day"}},{"type":"Feature","geometry":{"type":"Point","coordinates":[152.06331,-3.30232]},"properties":{"source":"VIIRS (NOAA-20)","resolution_m":375,"frp":5.27,"intensity":"low","confidence":"n","acq_datetime":"2026-10-03 03:02Z","daynight":"Day"}},{"type":"Feature","geometry":{"type":"Point","coordinates":[151.90958,-3.296]},"properties":{"source":"VIIRS (NOAA-20)","resolution_m":375,"frp":16.06,"intensity":"moderate","confidence":"n","acq_datetime":"2026-10-03 03:02Z","daynight":"Day"}},{"type":"Feature","geometry":{"type":"Point","coordinates":[151.9137,-3.29538]},"properties":{"source":"VIIRS (NOAA-20)","resolution_m":375,"frp":16.06,"intensity":"moderate","confidence":"n","acq_datetime":"2026-10-03 03:02Z","daynight":"Day"}},{"type":"Feature","geometry":{"type":"Point","coordinates":[151.91206,-3.29369]},"properties":{"source":"VIIRS (NOAA-20)","resolution_m":375,"frp":44.49,"intensity":"moderate","confidence":"h","acq_datetime":"2026-10-03 03:02Z","daynight":"Day"}},{"type":"Feature","geometry":{"type":"Point","coordinates":[151.89642,-3.2936]},"properties":{"source":"VIIRS (NOAA-20)","resolution_m":375,"frp":4.6,"intensity":"low","confidence":"n","acq_datetime":"2026-10-03 03:02Z","daynight":"Day"}},{"type":"Feature","geometry":{"type":"Point","coordinates":[151.89478,-3.29177]},"properties":{"source":"VIIRS (NOAA-20)","resolution_m":375,"frp":3.95,"intensity":"low","confidence":"n","acq_datetime":"2026-10-03 03:02Z","daynight":"Day"}},{"type":"Feature","geometry":{"type":"Point","coordinates":[151.91286,-3.2911]},"properties":{"source":"VIIRS (NOAA-20)","resolution_m":375,"frp":9.88,"intensity":"low","confidence":"n","acq_datetime":"2026-10-03 03:02Z","daynight":"Day"}},{"type":"Feature","geometry":{"type":"Point","coordinates":[152.03857,-3.28413]},"properties":{"source":"VIIRS (NOAA-20)","resolution_m":375,"frp":6.91,"intensity":"low","confidence":"n","acq_datetime":"2026-10-03 03:02Z","daynight":"Day"}},{"type":"Feature","geometry":{"type":"Point","coordinates":[152.03867,-3.28075]},"properties":{"source":"VIIRS (NOAA-20)","resolution_m":375,"frp":8.19,"intensity":"low","confidence":"n","acq_datetime":"2026-10-03 03:02Z","daynight":"Day"}},{"type":"Feature","geometry":{"type":"Point","coordinates":[151.92383,-3.28064]},"properties":{"source":"VIIRS (NOAA-20)","resolution_m":375,"frp":9.07,"intensity":"low","confidence":"n","acq_datetime":"2026-10-03 03:02Z","daynight":"Day"}},{"type":"Feature","geometry":{"type":"Point","coordinates":[152.04085,-3.27944]},"properties":{"source":"VIIRS (NOAA-20)","resolution_m":375,"frp":6.54,"intensity":"low","confidence":"n","acq_datetime":"2026-10-03 03:02Z","daynight":"Day"}},{"type":"Feature","geometry":{"type":"Point","coordinates":[151.83272,-3.27672]},"properties":{"source":"VIIRS (NOAA-20)","resolution_m":375,"frp":7.97,"intensity":"low","confidence":"n","acq_datetime":"2026-10-03 03:02Z","daynight":"Day"}},{"type":"Feature","geometry":{"type":"Point","coordinates":[151.90529,-3.27464]},"properties":{"source":"VIIRS (NOAA-20)","resolution_m":375,"frp":6.08,"intensity":"low","confidence":"n","acq_datetime":"2026-10-03 03:02Z","daynight":"Day"}},{"type":"Feature","geometry":{"type":"Point","coordinates":[151.83197,-3.27241]},"properties":{"source":"VIIRS (NOAA-20)","resolution_m":375,"frp":7.97,"intensity":"low","confidence":"n","acq_datetime":"2026-10-03 03:02Z","daynight":"Day"}},{"type":"Feature","geometry":{"type":"Point","coordinates":[151.90849,-3.26976]},"properties":{"source":"VIIRS (NOAA-20)","resolution_m":375,"frp":6.08,"intensity":"low","confidence":"n","acq_datetime":"2026-10-03 03:02Z","daynight":"Day"}},{"type":"Feature","geometry":{"type":"Point","coordinates":[151.91264,-3.26914]},"properties":{"source":"VIIRS (NOAA-20)","resolution_m":375,"frp":11.5,"intensity":"moderate","confidence":"n","acq_datetime":"2026-10-03 03:02Z","daynight":"Day"}},{"type":"Feature","geometry":{"type":"Point","coordinates":[151.91699,-3.26849]},"properties":{"source":"VIIRS (NOAA-20)","resolution_m":375,"frp":11.5,"intensity":"moderate","confidence":"n","acq_datetime":"2026-10-03 03:02Z","daynight":"Day"}},{"type":"Feature","geometry":{"type":"Point","coordinates":[151.92131,-3.26783]},"properties":{"source":"VIIRS (NOAA-20)","resolution_m":375,"frp":14.11,"intensity":"moderate","confidence":"n","acq_datetime":"2026-10-03 03:02Z","daynight":"Day"}},{"type":"Feature","geometry":{"type":"Point","coordinates":[151.9075,-3.26551]},"properties":{"source":"VIIRS (NOAA-20)","resolution_m":375,"frp":100.34,"intensity":"high","confidence":"l","acq_datetime":"2026-10-03 03:02Z","daynight":"Day"}},{"type":"Feature","geometry":{"type":"Point","coordinates":[151.91173,-3.26487]},"properties":{"source":"VIIRS (NOAA-20)","resolution_m":375,"frp":48.47,"intensity":"moderate","confidence":"n","acq_datetime":"2026-10-03 03:02Z","daynight":"Day"}},{"type":"Feature","geometry":{"type":"Point","coordinates":[151.79591,-3.26449]},"properties":{"source":"VIIRS (NOAA-20)","resolution_m":375,"frp":6.65,"intensity":"low","confidence":"n","acq_datetime":"2026-10-03 03:02Z","daynight":"Day"}},{"type":"Feature","geometry":{"type":"Point","coordinates":[151.82515,-3.26015]},"properties":{"source":"VIIRS (NOAA-20)","resolution_m":375,"frp":10.56,"intensity":"moderate","confidence":"n","acq_datetime":"2026-10-03 03:02Z","daynight":"Day"}},{"type":"Feature","geometry":{"type":"Point","coordinates":[151.82919,-3.25955]},"properties":{"source":"VIIRS (NOAA-20)","resolution_m":375,"frp":10.56,"intensity":"moderate","confidence":"n","acq_datetime":"2026-10-03 03:02Z","daynight":"Day"}},{"type":"Feature","geometry":{"type":"Point","coordinates":[151.87314,-3.25743]},"properties":{"source":"VIIRS (NOAA-20)","resolution_m":375,"frp":7.09,"intensity":"low","confidence":"n","acq_datetime":"2026-10-03 03:02Z","daynight":"Day"}},{"type":"Feature","geometry":{"type":"Point","coordinates":[151.7617,-3.23402]},"properties":{"source":"VIIRS (NOAA-20)","resolution_m":375,"frp":12.39,"intensity":"moderate","confidence":"n","acq_datetime":"2026-10-03 03:02Z","daynight":"Day"}},{"type":"Feature","geometry":{"type":"Point","coordinates":[151.76488,-3.22911]},"properties":{"source":"VIIRS (NOAA-20)","resolution_m":375,"frp":12.39,"intensity":"moderate","confidence":"n","acq_datetime":"2026-10-03 03:02Z","daynight":"Day"}},{"type":"Feature","geometry":{"type":"Point","coordinates":[151.76878,-3.22854]},"properties":{"source":"VIIRS (NOAA-20)","resolution_m":375,"frp":37.52,"intensity":"moderate","confidence":"n","acq_datetime":"2026-10-03 03:02Z","daynight":"Day"}},{"type":"Feature","geometry":{"type":"Point","coordinates":[151.76398,-3.2248]},"properties":{"source":"VIIRS (NOAA-20)","resolution_m":375,"frp":20.06,"intensity":"moderate","confidence":"n","acq_datetime":"2026-10-03 03:02Z","daynight":"Day"}},{"type":"Feature","geometry":{"type":"Point","coordinates":[151.76787,-3.22423]},"properties":{"source":"VIIRS (NOAA-20)","resolution_m":375,"frp":10.76,"intensity":"moderate","confidence":"n","acq_datetime":"2026-10-03 03:02Z","daynight":"Day"}},{"type":"Feature","geometry":{"type":"Point","coordinates":[151.77086,-3.21935]},"properties":{"source":"VIIRS (NOAA-20)","resolution_m":375,"frp":10.76,"intensity":"moderate","confidence":"n","acq_datetime":"2026-10-03 03:02Z","daynight":"Day"}},{"type":"Feature","geometry":{"type":"Point","coordinates":[151.77005,-3.21503]},"properties":{"source":"VIIRS (NOAA-20)","resolution_m":375,"frp":5.73,"intensity":"low","confidence":"n","acq_datetime":"2026-10-03 03:02Z","daynight":"Day"}},{"type":"Feature","geometry":{"type":"Point","coordinates":[151.75706,-3.20803]},"properties":{"source":"VIIRS (NOAA-20)","resolution_m":375,"frp":17.88,"intensity":"moderate","confidence":"n","acq_datetime":"2026-10-03 03:02Z","daynight":"Day"}},{"type":"Feature","geometry":{"type":"Point","coordinates":[151.75668,-3.20694]},"properties":{"source":"VIIRS (NOAA-20)","resolution_m":375,"frp":20.77,"intensity":"moderate","confidence":"h","acq_datetime":"2026-10-03 03:02Z","daynight":"Day"}},{"type":"Feature","geometry":{"type":"Point","coordinates":[151.75642,-3.20368]},"properties":{"source":"VIIRS (NOAA-20)","resolution_m":375,"frp":17.88,"intensity":"moderate","confidence":"n","acq_datetime":"2026-10-03 03:02Z","daynight":"Day"}},{"type":"Feature","geometry":{"type":"Point","coordinates":[151.75607,-3.20259]},"properties":{"source":"VIIRS (NOAA-20)","resolution_m":375,"frp":20.77,"intensity":"moderate","confidence":"n","acq_datetime":"2026-10-03 03:02Z","daynight":"Day"}},{"type":"Feature","geometry":{"type":"Point","coordinates":[151.6507,-3.20066]},"properties":{"source":"VIIRS (NOAA-20)","resolution_m":375,"frp":7.0,"intensity":"low","confidence":"n","acq_datetime":"2026-10-03 03:02Z","daynight":"Day"}},{"type":"Feature","geometry":{"type":"Point","coordinates":[151.68834,-3.19053]},"properties":{"source":"VIIRS (NOAA-20)","resolution_m":375,"frp":14.32,"intensity":"moderate","confidence":"n","acq_datetime":"2026-10-03 03:02Z","daynight":"Day"}},{"type":"Feature","geometry":{"type":"Point","coordinates":[151.69218,-3.18995]},"properties":{"source":"VIIRS (NOAA-20)","resolution_m":375,"frp":14.32,"intensity":"moderate","confidence":"h","acq_datetime":"2026-10-03 03:02Z","daynight":"Day"}},{"type":"Feature","geometry":{"type":"Point","coordinates":[151.73164,-3.18403]},"properties":{"source":"VIIRS (NOAA-20)","resolution_m":375,"frp":2.66,"intensity":"low","confidence":"n","acq_datetime":"2026-10-03 03:02Z","daynight":"Day"}},{"type":"Feature","geometry":{"type":"Point","coordinates":[151.67877,-3.18303]},"properties":{"source":"VIIRS (NOAA-20)","resolution_m":375,"frp":4.91,"intensity":"low","confidence":"n","acq_datetime":"2026-10-03 03:02Z","daynight":"Day"}},{"type":"Feature","geometry":{"type":"Point","coordinates":[151.68292,-3.18241]},"properties":{"source":"VIIRS (NOAA-20)","resolution_m":375,"frp":4.91,"intensity":"low","confidence":"n","acq_datetime":"2026-10-03 03:02Z","daynight":"Day"}},{"type":"Feature","geometry":{"type":"Point","coordinates":[151.69426,-3.18072]},"properties":{"source":"VIIRS (NOAA-20)","resolution_m":375,"frp":11.81,"intensity":"moderate","confidence":"n","acq_datetime":"2026-10-03 03:02Z","daynight":"Day"}},{"type":"Feature","geometry":{"type":"Point","coordinates":[151.69809,-3.18015]},"properties":{"source":"VIIRS (NOAA-20)","resolution_m":375,"frp":11.81,"intensity":"moderate","confidence":"n","acq_datetime":"2026-10-03 03:02Z","daynight":"Day"}},{"type":"Feature","geometry":{"type":"Point","coordinates":[151.67824,-3.17864]},"properties":{"source":"VIIRS (NOAA-20)","resolution_m":375,"frp":4.91,"intensity":"low","confidence":"n","acq_datetime":"2026-10-03 03:02Z","daynight":"Day"}},{"type":"Feature","geometry":{"type":"Point","coordinates":[151.69348,-3.17638]},"properties":{"source":"VIIRS (NOAA-20)","resolution_m":375,"frp":11.81,"intensity":"moderate","confidence":"n","acq_datetime":"2026-10-03 03:02Z","daynight":"Day"}},{"type":"Feature","geometry":{"type":"Point","coordinates":[151.77084,-3.17371]},"properties":{"source":"VIIRS (NOAA-20)","resolution_m":375,"frp":16.36,"intensity":"moderate","confidence":"n","acq_datetime":"2026-10-03 03:02Z","daynight":"Day"}},{"type":"Feature","geometry":{"type":"Point","coordinates":[151.68901,-3.17258]},"properties":{"source":"VIIRS (NOAA-20)","resolution_m":375,"frp":7.09,"intensity":"low","confidence":"n","acq_datetime":"2026-10-03 03:02Z","daynight":"Day"}},{"type":"Feature","geometry":{"type":"Point","coordinates":[151.77005,-3.1694]},"properties":{"source":"VIIRS (NOAA-20)","resolution_m":375,"frp":6.39,"intensity":"low","confidence":"n","acq_datetime":"2026-10-03 03:02Z","daynight":"Day"}},{"type":"Feature","geometry":{"type":"Point","coordinates":[151.66766,-3.16682]},"properties":{"source":"VIIRS (NOAA-20)","resolution_m":375,"frp":4.22,"intensity":"low","confidence":"n","acq_datetime":"2026-10-03 03:02Z","daynight":"Day"}},{"type":"Feature","geometry":{"type":"Point","coordinates":[151.76926,-3.16507]},"properties":{"source":"VIIRS (NOAA-20)","resolution_m":375,"frp":6.39,"intensity":"low","confidence":"n","acq_datetime":"2026-10-03 03:02Z","daynight":"Day"}},{"type":"Feature","geometry":{"type":"Point","coordinates":[151.68069,-3.1515]},"properties":{"source":"VIIRS (NOAA-20)","resolution_m":375,"frp":6.46,"intensity":"low","confidence":"n","acq_datetime":"2026-10-03 03:02Z","daynight":"Day"}},{"type":"Feature","geometry":{"type":"Point","coordinates":[151.71344,-3.15113]},"properties":{"source":"VIIRS (NOAA-20)","resolution_m":375,"frp":5.23,"intensity":"low","confidence":"n","acq_datetime":"2026-10-03 03:02Z","daynight":"Day"}},{"type":"Feature","geometry":{"type":"Point","coordinates":[151.71735,-3.15055]},"properties":{"source":"VIIRS (NOAA-20)","resolution_m":375,"frp":5.23,"intensity":"low","confidence":"n","acq_datetime":"2026-10-03 03:02Z","daynight":"Day"}},{"type":"Feature","geometry":{"type":"Point","coordinates":[151.68361,-3.1466]},"properties":{"source":"VIIRS (NOAA-20)","resolution_m":375,"frp":3.97,"intensity":"low","confidence":"n","acq_datetime":"2026-10-03 03:02Z","daynight":"Day"}},{"type":"Feature","geometry":{"type":"Point","coordinates":[151.71449,-3.13761]},"properties":{"source":"VIIRS (NOAA-20)","resolution_m":375,"frp":3.47,"intensity":"low","confidence":"n","acq_datetime":"2026-10-03 03:02Z","daynight":"Day"}},{"type":"Feature","geometry":{"type":"Point","coordinates":[151.69771,-3.13561]},"properties":{"source":"VIIRS (NOAA-20)","resolution_m":375,"frp":4.34,"intensity":"low","confidence":"n","acq_datetime":"2026-10-03 03:02Z","daynight":"Day"}},{"type":"Feature","geometry":{"type":"Point","coordinates":[151.55128,-3.08053]},"properties":{"source":"VIIRS (NOAA-20)","resolution_m":375,"frp":58.96,"intensity":"high","confidence":"n","acq_datetime":"2026-10-03 03:02Z","daynight":"Day"}},{"type":"Feature","geometry":{"type":"Point","coordinates":[151.53412,-3.07858]},"properties":{"source":"VIIRS (NOAA-20)","resolution_m":375,"frp":10.24,"intensity":"moderate","confidence":"n","acq_datetime":"2026-10-03 03:02Z","daynight":"Day"}},{"type":"Feature","geometry":{"type":"Point","coordinates":[151.65974,-3.07781]},"properties":{"source":"VIIRS (NOAA-20)","resolution_m":375,"frp":3.46,"intensity":"low","confidence":"n","acq_datetime":"2026-10-03 03:02Z","daynight":"Day"}},{"type":"Feature","geometry":{"type":"Point","coordinates":[151.55048,-3.07615]},"properties":{"source":"VIIRS (NOAA-20)","resolution_m":375,"frp":17.31,"intensity":"moderate","confidence":"h","acq_datetime":"2026-10-03 03:02Z","daynight":"Day"}},{"type":"Feature","geometry":{"type":"Point","coordinates":[151.54161,-3.07297]},"properties":{"source":"VIIRS (NOAA-20)","resolution_m":375,"frp":22.8,"intensity":"moderate","confidence":"n","acq_datetime":"2026-10-03 03:02Z","daynight":"Day"}},{"type":"Feature","geometry":{"type":"Point","coordinates":[151.53679,-3.06918]},"properties":{"source":"VIIRS (NOAA-20)","resolution_m":375,"frp":29.51,"intensity":"moderate","confidence":"n","acq_datetime":"2026-10-03 03:02Z","daynight":"Day"}},{"type":"Feature","geometry":{"type":"Point","coordinates":[151.54083,-3.06858]},"properties":{"source":"VIIRS (NOAA-20)","resolution_m":375,"frp":19.15,"intensity":"moderate","confidence":"n","acq_datetime":"2026-10-03 03:02Z","daynight":"Day"}},{"type":"Feature","geometry":{"type":"Point","coordinates":[151.57532,-3.05451]},"properties":{"source":"VIIRS (NOAA-20)","resolution_m":375,"frp":9.01,"intensity":"low","confidence":"n","acq_datetime":"2026-10-03 03:02Z","daynight":"Day"}},{"type":"Feature","geometry":{"type":"Point","coordinates":[151.51178,-3.05033]},"properties":{"source":"VIIRS (NOAA-20)","resolution_m":375,"frp":119.3,"intensity":"high","confidence":"n","acq_datetime":"2026-10-03 03:02Z","daynight":"Day"}},{"type":"Feature","geometry":{"type":"Point","coordinates":[151.60835,-3.04965]},"properties":{"source":"VIIRS (NOAA-20)","resolution_m":375,"frp":5.0,"intensity":"low","confidence":"n","acq_datetime":"2026-10-03 03:02Z","daynight":"Day"}},{"type":"Feature","geometry":{"type":"Point","coordinates":[151.57863,-3.04953]},"properties":{"source":"VIIRS (NOAA-20)","resolution_m":375,"frp":12.95,"intensity":"moderate","confidence":"n","acq_datetime":"2026-10-03 03:02Z","daynight":"Day"}},{"type":"Feature","geometry":{"type":"Point","coordinates":[151.51511,-3.04533]},"properties":{"source":"VIIRS (NOAA-20)","resolution_m":375,"frp":6.64,"intensity":"low","confidence":"n","acq_datetime":"2026-10-03 03:02Z","daynight":"Day"}},{"type":"Feature","geometry":{"type":"Point","coordinates":[151.58197,-3.04455]},"properties":{"source":"VIIRS (NOAA-20)","resolution_m":375,"frp":3.34,"intensity":"low","confidence":"n","acq_datetime":"2026-10-03 03:02Z","daynight":"Day"}},{"type":"Feature","geometry":{"type":"Point","coordinates":[151.51004,-3.04156]},"properties":{"source":"VIIRS (NOAA-20)","resolution_m":375,"frp":6.64,"intensity":"low","confidence":"n","acq_datetime":"2026-10-03 03:02Z","daynight":"Day"}},{"type":"Feature","geometry":{"type":"Point","coordinates":[151.51822,-3.04037]},"properties":{"source":"VIIRS (NOAA-20)","resolution_m":375,"frp":2.93,"intensity":"low","confidence":"n","acq_datetime":"2026-10-03 03:02Z","daynight":"Day"}},{"type":"Feature","geometry":{"type":"Point","coordinates":[151.56802,-3.03761]},"properties":{"source":"VIIRS (NOAA-20)","resolution_m":375,"frp":10.37,"intensity":"moderate","confidence":"n","acq_datetime":"2026-10-03 03:02Z","daynight":"Day"}},{"type":"Feature","geometry":{"type":"Point","coordinates":[151.59631,-3.0243]},"properties":{"source":"VIIRS (NOAA-20)","resolution_m":375,"frp":3.86,"intensity":"low","confidence":"n","acq_datetime":"2026-10-03 03:02Z","daynight":"Day"}},{"type":"Feature","geometry":{"type":"Point","coordinates":[151.492,-3.01316]},"properties":{"source":"VIIRS (NOAA-20)","resolution_m":375,"frp":6.51,"intensity":"low","confidence":"n","acq_datetime":"2026-10-03 03:02Z","daynight":"Day"}},{"type":"Feature","geometry":{"type":"Point","coordinates":[151.3363,-2.99559]},"properties":{"source":"VIIRS (NOAA-20)","resolution_m":375,"frp":5.35,"intensity":"low","confidence":"n","acq_datetime":"2026-10-03 03:02Z","daynight":"Day"}},{"type":"Feature","geometry":{"type":"Point","coordinates":[151.30774,-2.93293]},"properties":{"source":"VIIRS (NOAA-20)","resolution_m":375,"frp":5.85,"intensity":"low","confidence":"n","acq_datetime":"2026-10-03 03:02Z","daynight":"Day"}},{"type":"Feature","geometry":{"type":"Point","coordinates":[151.27495,-2.92415]},"properties":{"source":"VIIRS (NOAA-20)","resolution_m":375,"frp":3.39,"intensity":"low","confidence":"n","acq_datetime":"2026-10-03 03:02Z","daynight":"Day"}},{"type":"Feature","geometry":{"type":"Point","coordinates":[151.27774,-2.91458]},"properties":{"source":"VIIRS (NOAA-20)","resolution_m":375,"frp":13.63,"intensity":"moderate","confidence":"n","acq_datetime":"2026-10-03 03:02Z","daynight":"Day"}},{"type":"Feature","geometry":{"type":"Point","coordinates":[151.28215,-2.91393]},"properties":{"source":"VIIRS (NOAA-20)","resolution_m":375,"frp":13.63,"intensity":"moderate","confidence":"n","acq_datetime":"2026-10-03 03:02Z","daynight":"Day"}},{"type":"Feature","geometry":{"type":"Point","coordinates":[151.27682,-2.91015]},"properties":{"source":"VIIRS (NOAA-20)","resolution_m":375,"frp":25.29,"intensity":"moderate","confidence":"n","acq_datetime":"2026-10-03 03:02Z","daynight":"Day"}},{"type":"Feature","geometry":{"type":"Point","coordinates":[151.25272,-2.90916]},"properties":{"source":"VIIRS (NOAA-20)","resolution_m":375,"frp":12.34,"intensity":"moderate","confidence":"n","acq_datetime":"2026-10-03 03:02Z","daynight":"Day"}},{"type":"Feature","geometry":{"type":"Point","coordinates":[151.25755,-2.90844]},"properties":{"source":"VIIRS (NOAA-20)","resolution_m":375,"frp":4.09,"intensity":"low","confidence":"n","acq_datetime":"2026-10-03 03:02Z","daynight":"Day"}},{"type":"Feature","geometry":{"type":"Point","coordinates":[151.25192,-2.9047]},"properties":{"source":"VIIRS (NOAA-20)","resolution_m":375,"frp":11.16,"intensity":"moderate","confidence":"n","acq_datetime":"2026-10-03 03:02Z","daynight":"Day"}},{"type":"Feature","geometry":{"type":"Point","coordinates":[151.25656,-2.90401]},"properties":{"source":"VIIRS (NOAA-20)","resolution_m":375,"frp":6.45,"intensity":"low","confidence":"n","acq_datetime":"2026-10-03 03:02Z","daynight":"Day"}},{"type":"Feature","geometry":{"type":"Point","coordinates":[151.26036,-2.89886]},"properties":{"source":"VIIRS (NOAA-20)","resolution_m":375,"frp":6.45,"intensity":"low","confidence":"n","acq_datetime":"2026-10-03 03:02Z","daynight":"Day"}},{"type":"Feature","geometry":{"type":"Point","coordinates":[151.21873,-2.89585]},"properties":{"source":"VIIRS (NOAA-20)","resolution_m":375,"frp":6.06,"intensity":"low","confidence":"n","acq_datetime":"2026-10-03 03:02Z","daynight":"Day"}},{"type":"Feature","geometry":{"type":"Point","coordinates":[151.22307,-2.89521]},"properties":{"source":"VIIRS (NOAA-20)","resolution_m":375,"frp":6.06,"intensity":"low","confidence":"n","acq_datetime":"2026-10-03 03:02Z","daynight":"Day"}},{"type":"Feature","geometry":{"type":"Point","coordinates":[151.25493,-2.89509]},"properties":{"source":"VIIRS (NOAA-20)","resolution_m":375,"frp":4.8,"intensity":"low","confidence":"l","acq_datetime":"2026-10-03 03:02Z","daynight":"Day"}},{"type":"Feature","geometry":{"type":"Point","coordinates":[151.97307,-2.8925]},"properties":{"source":"VIIRS (NOAA-20)","resolution_m":375,"frp":10.0,"intensity":"moderate","confidence":"n","acq_datetime":"2026-10-03 03:02Z","daynight":"Day"}},{"type":"Feature","geometry":{"type":"Point","coordinates":[151.97598,-2.88336]},"properties":{"source":"VIIRS (NOAA-20)","resolution_m":375,"frp":8.17,"intensity":"low","confidence":"n","acq_datetime":"2026-10-03 03:02Z","daynight":"Day"}},{"type":"Feature","geometry":{"type":"Point","coordinates":[151.98337,-2.88227]},"properties":{"source":"VIIRS (NOAA-20)","resolution_m":375,"frp":3.2,"intensity":"low","confidence":"n","acq_datetime":"2026-10-03 03:02Z","daynight":"Day"}},{"type":"Feature","geometry":{"type":"Point","coordinates":[151.9716,-2.87964]},"properties":{"source":"VIIRS (NOAA-20)","resolution_m":375,"frp":5.5,"intensity":"low","confidence":"n","acq_datetime":"2026-10-03 03:02Z","daynight":"Day"}},{"type":"Feature","geometry":{"type":"Point","coordinates":[151.97533,-2.8791]},"properties":{"source":"VIIRS (NOAA-20)","resolution_m":375,"frp":4.59,"intensity":"low","confidence":"n","acq_datetime":"2026-10-03 03:02Z","daynight":"Day"}},{"type":"Feature","geometry":{"type":"Point","coordinates":[151.97905,-2.87855]},"properties":{"source":"VIIRS (NOAA-20)","resolution_m":375,"frp":4.59,"intensity":"low","confidence":"n","acq_datetime":"2026-10-03 03:02Z","daynight":"Day"}},{"type":"Feature","geometry":{"type":"Point","coordinates":[151.97495,-2.8748]},"properties":{"source":"VIIRS (NOAA-20)","resolution_m":375,"frp":4.59,"intensity":"low","confidence":"n","acq_datetime":"2026-10-03 03:02Z","daynight":"Day"}},{"type":"Feature","geometry":{"type":"Point","coordinates":[151.97856,-2.87426]},"properties":{"source":"VIIRS (NOAA-20)","resolution_m":375,"frp":4.59,"intensity":"low","confidence":"n","acq_datetime":"2026-10-03 03:02Z","daynight":"Day"}},{"type":"Feature","geometry":{"type":"Point","coordinates":[151.96675,-2.87164]},"properties":{"source":"VIIRS (NOAA-20)","resolution_m":375,"frp":4.71,"intensity":"low","confidence":"n","acq_datetime":"2026-10-03 03:02Z","daynight":"Day"}},{"type":"Feature","geometry":{"type":"Point","coordinates":[151.97092,-2.87103]},"properties":{"source":"VIIRS (NOAA-20)","resolution_m":375,"frp":4.71,"intensity":"low","confidence":"l","acq_datetime":"2026-10-03 03:02Z","daynight":"Day"}},{"type":"Feature","geometry":{"type":"Point","coordinates":[151.96632,-2.86735]},"properties":{"source":"VIIRS (NOAA-20)","resolution_m":375,"frp":4.71,"intensity":"low","confidence":"n","acq_datetime":"2026-10-03 03:02Z","daynight":"Day"}},{"type":"Feature","geometry":{"type":"Point","coordinates":[151.17322,-2.86572]},"properties":{"source":"VIIRS (NOAA-20)","resolution_m":375,"frp":2.01,"intensity":"low","confidence":"n","acq_datetime":"2026-10-03 03:02Z","daynight":"Day"}},{"type":"Feature","geometry":{"type":"Point","coordinates":[151.17433,-2.86373]},"properties":{"source":"VIIRS (NOAA-20)","resolution_m":375,"frp":3.83,"intensity":"low","confidence":"n","acq_datetime":"2026-10-03 03:02Z","daynight":"Day"}},{"type":"Feature","geometry":{"type":"Point","coordinates":[151.13112,-2.79186]},"properties":{"source":"VIIRS (NOAA-20)","resolution_m":375,"frp":5.46,"intensity":"low","confidence":"n","acq_datetime":"2026-10-03 03:02Z","daynight":"Day"}},{"type":"Feature","geometry":{"type":"Point","coordinates":[151.1304,-2.78735]},"properties":{"source":"VIIRS (NOAA-20)","resolution_m":375,"frp":4.64,"intensity":"low","confidence":"n","acq_datetime":"2026-10-03 03:02Z","daynight":"Day"}},{"type":"Feature","geometry":{"type":"Point","coordinates":[151.11098,-2.78097]},"properties":{"source":"VIIRS (NOAA-20)","resolution_m":375,"frp":4.95,"intensity":"low","confidence":"n","acq_datetime":"2026-10-03 03:02Z","daynight":"Day"}},{"type":"Feature","geometry":{"type":"Point","coordinates":[150.77667,-2.76439]},"properties":{"source":"VIIRS (NOAA-20)","resolution_m":375,"frp":2.9,"intensity":"low","confidence":"n","acq_datetime":"2026-10-03 03:02Z","daynight":"Day"}},{"type":"Feature","geometry":{"type":"Point","coordinates":[151.02969,-2.75919]},"properties":{"source":"VIIRS (NOAA-20)","resolution_m":375,"frp":11.45,"intensity":"moderate","confidence":"n","acq_datetime":"2026-10-03 03:02Z","daynight":"Day"}},{"type":"Feature","geometry":{"type":"Point","coordinates":[151.98509,-2.74425]},"properties":{"source":"VIIRS (NOAA-20)","resolution_m":375,"frp":3.34,"intensity":"low","confidence":"n","acq_datetime":"2026-10-03 03:02Z","daynight":"Day"}},{"type":"Feature","geometry":{"type":"Point","coordinates":[150.89914,-2.7087]},"properties":{"source":"VIIRS (NOAA-20)","resolution_m":375,"frp":1.88,"intensity":"low","confidence":"n","acq_datetime":"2026-10-03 03:02Z","daynight":"Day"}},{"type":"Feature","geometry":{"type":"Point","coordinates":[150.91551,-2.67811]},"properties":{"source":"VIIRS (NOAA-20)","resolution_m":375,"frp":1.98,"intensity":"low","confidence":"n","acq_datetime":"2026-10-03 03:02Z","daynight":"Day"}},{"type":"Feature","geometry":{"type":"Point","coordinates":[150.91827,-2.67786]},"properties":{"source":"VIIRS (NOAA-20)","resolution_m":375,"frp":1.94,"intensity":"low","confidence":"n","acq_datetime":"2026-10-03 03:02Z","daynight":"Day"}},{"type":"Feature","geometry":{"type":"Point","coordinates":[150.88406,-2.65948]},"properties":{"source":"VIIRS (NOAA-20)","resolution_m":375,"frp":8.77,"intensity":"low","confidence":"l","acq_datetime":"2026-10-03 03:02Z","daynight":"Day"}},{"type":"Feature","geometry":{"type":"Point","coordinates":[150.87871,-2.6556]},"properties":{"source":"VIIRS (NOAA-20)","resolution_m":375,"frp":9.11,"intensity":"low","confidence":"l","acq_datetime":"2026-10-03 03:02Z","daynight":"Day"}},{"type":"Feature","geometry":{"type":"Point","coordinates":[151.95743,-2.64462]},"properties":{"source":"VIIRS (NOAA-20)","resolution_m":375,"frp":4.27,"intensity":"low","confidence":"n","acq_datetime":"2026-10-03 03:02Z","daynight":"Day"}},{"type":"Feature","geometry":{"type":"Point","coordinates":[151.95738,-2.64408]},"properties":{"source":"VIIRS (NOAA-20)","resolution_m":375,"frp":4.84,"intensity":"low","confidence":"n","acq_datetime":"2026-10-03 03:02Z","daynight":"Day"}},{"type":"Feature","geometry":{"type":"Point","coordinates":[150.83035,-2.62057]},"properties":{"source":"VIIRS (NOAA-20)","resolution_m":375,"frp":10.19,"intensity":"moderate","confidence":"n","acq_datetime":"2026-10-03 03:02Z","daynight":"Day"}},{"type":"Feature","geometry":{"type":"Point","coordinates":[150.80869,-2.60495]},"properties":{"source":"VIIRS (NOAA-20)","resolution_m":375,"frp":6.67,"intensity":"low","confidence":"n","acq_datetime":"2026-10-03 03:02Z","daynight":"Day"}},{"type":"Feature","geometry":{"type":"Point","coordinates":[150.27989,-2.46604]},"properties":{"source":"VIIRS (NOAA-20)","resolution_m":375,"frp":6.21,"intensity":"low","confidence":"n","acq_datetime":"2026-10-03 03:02Z","daynight":"Day"}},{"type":"Feature","geometry":{"type":"Point","coordinates":[150.27585,-2.46247]},"properties":{"source":"VIIRS (NOAA-20)","resolution_m":375,"frp":39.53,"intensity":"moderate","confidence":"n","acq_datetime":"2026-10-03 03:02Z","daynight":"Day"}},{"type":"Feature","geometry":{"type":"Point","coordinates":[150.28096,-2.46172]},"properties":{"source":"VIIRS (NOAA-20)","resolution_m":375,"frp":39.53,"intensity":"moderate","confidence":"n","acq_datetime":"2026-10-03 03:02Z","daynight":"Day"}},{"type":"Feature","geometry":{"type":"Point","coordinates":[150.2791,-2.4613]},"properties":{"source":"VIIRS (NOAA-20)","resolution_m":375,"frp":67.36,"intensity":"high","confidence":"n","acq_datetime":"2026-10-03 03:02Z","daynight":"Day"}},{"type":"Feature","geometry":{"type":"Point","coordinates":[150.18315,-2.4515]},"properties":{"source":"VIIRS (NOAA-20)","resolution_m":375,"frp":2.61,"intensity":"low","confidence":"n","acq_datetime":"2026-10-03 03:02Z","daynight":"Day"}},{"type":"Feature","geometry":{"type":"Point","coordinates":[146.98807,-2.1833]},"properties":{"source":"VIIRS (NOAA-20)","resolution_m":375,"frp":6.12,"intensity":"low","confidence":"n","acq_datetime":"2026-10-03 03:02Z","daynight":"Day"}},{"type":"Feature","geometry":{"type":"Point","coordinates":[146.98453,-2.18016]},"properties":{"source":"VIIRS (NOAA-20)","resolution_m":375,"frp":8.4,"intensity":"low","confidence":"n","acq_datetime":"2026-10-03 03:02Z","daynight":"Day"}},{"type":"Feature","geometry":{"type":"Point","coordinates":[146.65936,-2.16145]},"properties":{"source":"VIIRS (NOAA-20)","resolution_m":375,"frp":5.78,"intensity":"low","confidence":"n","acq_datetime":"2026-10-03 03:02Z","daynight":"Day"}},{"type":"Feature","geometry":{"type":"Point","coordinates":[146.6573,-2.15998]},"properties":{"source":"VIIRS (NOAA-20)","resolution_m":375,"frp":3.23,"intensity":"low","confidence":"n","acq_datetime":"2026-10-03 03:02Z","daynight":"Day"}},{"type":"Feature","geometry":{"type":"Point","coordinates":[146.60289,-2.15115]},"properties":{"source":"VIIRS (NOAA-20)","resolution_m":375,"frp":3.29,"intensity":"low","confidence":"n","acq_datetime":"2026-10-03 03:02Z","daynight":"Day"}},{"type":"Feature","geometry":{"type":"Point","coordinates":[146.60094,-2.15006]},"properties":{"source":"VIIRS (NOAA-20)","resolution_m":375,"frp":4.34,"intensity":"low","confidence":"n","acq_datetime":"2026-10-03 03:02Z","daynight":"Day"}},{"type":"Feature","geometry":{"type":"Point","coordinates":[146.66206,-2.12399]},"properties":{"source":"VIIRS (NOAA-20)","resolution_m":375,"frp":10.0,"intensity":"moderate","confidence":"n","acq_datetime":"2026-10-03 03:02Z","daynight":"Day"}},{"type":"Feature","geometry":{"type":"Point","coordinates":[146.66011,-2.12246]},"properties":{"source":"VIIRS (NOAA-20)","resolution_m":375,"frp":7.36,"intensity":"low","confidence":"n","acq_datetime":"2026-10-03 03:02Z","daynight":"Day"}},{"type":"Feature","geometry":{"type":"Point","coordinates":[146.66452,-2.12179]},"properties":{"source":"VIIRS (NOAA-20)","resolution_m":375,"frp":8.06,"intensity":"low","confidence":"n","acq_datetime":"2026-10-03 03:02Z","daynight":"Day"}},{"type":"Feature","geometry":{"type":"Point","coordinates":[147.02959,-2.08283]},"properties":{"source":"VIIRS (NOAA-20)","resolution_m":375,"frp":5.03,"intensity":"low","confidence":"n","acq_datetime":"2026-10-03 03:02Z","daynight":"Day"}},{"type":"Feature","geometry":{"type":"Point","coordinates":[147.02699,-2.07876]},"properties":{"source":"VIIRS (NOAA-20)","resolution_m":375,"frp":5.07,"intensity":"low","confidence":"n","acq_datetime":"2026-10-03 03:02Z","daynight":"Day"}},{"type":"Feature","geometry":{"type":"Point","coordinates":[147.34518,-2.0486]},"properties":{"source":"VIIRS (NOAA-20)","resolution_m":375,"frp":2.22,"intensity":"low","confidence":"n","acq_datetime":"2026-10-03 03:02Z","daynight":"Day"}},{"type":"Feature","geometry":{"type":"Point","coordinates":[147.42455,-2.03108]},"properties":{"source":"VIIRS (NOAA-20)","resolution_m":375,"frp":6.34,"intensity":"low","confidence":"n","acq_datetime":"2026-10-03 03:02Z","daynight":"Day"}},{"type":"Feature","geometry":{"type":"Point","coordinates":[134.66887,34.78288]},"properties":{"source":"VIIRS (NOAA-20)","resolution_m":375,"frp":3.89,"intensity":"low","confidence":"n","acq_datetime":"2026-10-03 03:15Z","daynight":"Day"}},{"type":"Feature","geometry":{"type":"Point","coordinates":[142.91107,46.62842]},"properties":{"source":"VIIRS (NOAA-20)","resolution_m":375,"frp":2.62,"intensity":"low","confidence":"n","acq_datetime":"2026-10-03 03:17Z","daynight":"Day"}},{"type":"Feature","geometry":{"type":"Point","coordinates":[107.5826,58.42749]},"properties":{"source":"VIIRS (NOAA-20)","resolution_m":375,"frp":7.08,"intensity":"low","confidence":"n","acq_datetime":"2026-10-03 03:21Z","daynight":"Day"}},{"type":"Feature","geometry":{"type":"Point","coordinates":[107.601,58.4468]},"properties":{"source":"VIIRS (NOAA-20)","resolution_m":375,"frp":14.75,"intensity":"moderate","confidence":"n","acq_datetime":"2026-10-03 03:21Z","daynight":"Day"}},{"type":"Feature","geometry":{"type":"Point","coordinates":[107.61121,58.45193]},"properties":{"source":"VIIRS (NOAA-20)","resolution_m":375,"frp":13.04,"intensity":"moderate","confidence":"n","acq_datetime":"2026-10-03 03:21Z","daynight":"Day"}},{"type":"Feature","geometry":{"type":"Point","coordinates":[155.0851,68.35513]},"properties":{"source":"VIIRS (NOAA-20)","resolution_m":375,"frp":6.67,"intensity":"low","confidence":"n","acq_datetime":"2026-10-03 03:21Z","daynight":"Day"}},{"type":"Feature","geometry":{"type":"Point","coordinates":[154.80914,68.52314]},"properties":{"source":"VIIRS (NOAA-20)","resolution_m":375,"frp":7.32,"intensity":"low","confidence":"n","acq_datetime":"2026-10-03 03:21Z","daynight":"Day"}},{"type":"Feature","geometry":{"type":"Point","coordinates":[154.81808,68.53405]},"properties":{"source":"VIIRS (NOAA-20)","resolution_m":375,"frp":6.92,"intensity":"low","confidence":"n","acq_datetime":"2026-10-03 03:21Z","daynight":"Day"}},{"type":"Feature","geometry":{"type":"Point","coordinates":[154.81808,68.53948]},"properties":{"source":"VIIRS (NOAA-20)","resolution_m":375,"frp":4.29,"intensity":"low","confidence":"n","acq_datetime":"2026-10-03 03:21Z","daynight":"Day"}},{"type":"Feature","geometry":{"type":"Point","coordinates":[154.79922,68.54478]},"properties":{"source":"VIIRS (NOAA-20)","resolution_m":375,"frp":5.8,"intensity":"low","confidence":"n","acq_datetime":"2026-10-03 03:21Z","daynight":"Day"}},{"type":"Feature","geometry":{"type":"Point","coordinates":[154.80858,68.54484]},"properties":{"source":"VIIRS (NOAA-20)","resolution_m":375,"frp":5.8,"intensity":"low","confidence":"n","acq_datetime":"2026-10-03 03:21Z","daynight":"Day"}},{"type":"Feature","geometry":{"type":"Point","coordinates":[154.81795,68.54491]},"properties":{"source":"VIIRS (NOAA-20)","resolution_m":375,"frp":4.29,"intensity":"low","confidence":"n","acq_datetime":"2026-10-03 03:21Z","daynight":"Day"}},{"type":"Feature","geometry":{"type":"Point","coordinates":[154.82727,68.54497]},"properties":{"source":"VIIRS (NOAA-20)","resolution_m":375,"frp":4.29,"intensity":"low","confidence":"n","acq_datetime":"2026-10-03 03:21Z","daynight":"Day"}},{"type":"Feature","geometry":{"type":"Point","coordinates":[75.61837,66.90572]},"properties":{"source":"VIIRS (NOAA-20)","resolution_m":375,"frp":7.93,"intensity":"low","confidence":"n","acq_datetime":"2026-10-03 03:25Z","daynight":"Day"}},{"type":"Feature","geometry":{"type":"Point","coordinates":[75.53892,66.95898]},"properties":{"source":"VIIRS (NOAA-20)","resolution_m":375,"frp":18.71,"intensity":"moderate","confidence":"n","acq_datetime":"2026-10-03 03:25Z","daynight":"Day"}},{"type":"Feature","geometry":{"type":"Point","coordinates":[132.63406,47.24812]},"properties":{"source":"MODIS (Terra/Aqua)","resolution_m":1000,"frp":6.56,"intensity":"low","confidence":"32","acq_datetime":"2026-10-03 00:35Z","daynight":"Day"}},{"type":"Feature","geometry":{"type":"Point","coordinates":[133.1053,47.54045]},"properties":{"source":"MODIS (Terra/Aqua)","resolution_m":1000,"frp":7.97,"intensity":"low","confidence":"47","acq_datetime":"2026-10-03 00:35Z","daynight":"Day"}},{"type":"Feature","geometry":{"type":"Point","coordinates":[122.40038,40.66759]},"properties":{"source":"MODIS (Terra/Aqua)","resolution_m":1000,"frp":6.71,"intensity":"low","confidence":"47","acq_datetime":"2026-10-03 00:37Z","daynight":"Day"}},{"type":"Feature","geometry":{"type":"Point","coordinates":[122.38502,40.6692]},"properties":{"source":"MODIS (Terra/Aqua)","resolution_m":1000,"frp":6.17,"intensity":"low","confidence":"37","acq_datetime":"2026-10-03 00:37Z","daynight":"Day"}},{"type":"Feature","geometry":{"type":"Point","coordinates":[122.9947,41.13313]},"properties":{"source":"MODIS (Terra/Aqua)","resolution_m":1000,"frp":5.17,"intensity":"low","confidence":"43","acq_datetime":"2026-10-03 00:37Z","daynight":"Day"}},{"type":"Feature","geometry":{"type":"Point","coordinates":[122.94103,41.16898]},"properties":{"source":"MODIS (Terra/Aqua)","resolution_m":1000,"frp":4.88,"intensity":"low","confidence":"37","acq_datetime":"2026-10-03 00:37Z","daynight":"Day"}},{"type":"Feature","geometry":{"type":"Point","coordinates":[133.08461,46.20634]},"properties":{"source":"MODIS (Terra/Aqua)","resolution_m":1000,"frp":8.23,"intensity":"low","confidence":"40","acq_datetime":"2026-10-03 00:37Z","daynight":"Day"}},{"type":"Feature","geometry":{"type":"Point","coordinates":[134.00583,46.79779]},"properties":{"source":"MODIS (Terra/Aqua)","resolution_m":1000,"frp":11.48,"intensity":"moderate","confidence":"29","acq_datetime":"2026-10-03 00:37Z","daynight":"Day"}},{"type":"Feature","geometry":{"type":"Point","coordinates":[131.44252,46.88002]},"properties":{"source":"MODIS (Terra/Aqua)","resolution_m":1000,"frp":5.62,"intensity":"low","confidence":"29","acq_datetime":"2026-10-03 00:37Z","daynight":"Day"}},{"type":"Feature","geometry":{"type":"Point","coordinates":[131.42889,46.88229]},"properties":{"source":"MODIS (Terra/Aqua)","resolution_m":1000,"frp":9.48,"intensity":"low","confidence":"63","acq_datetime":"2026-10-03 00:37Z","daynight":"Day"}},{"type":"Feature","geometry":{"type":"Point","coordinates":[131.43202,46.89126]},"properties":{"source":"MODIS (Terra/Aqua)","resolution_m":1000,"frp":5.89,"intensity":"low","confidence":"30","acq_datetime":"2026-10-03 00:37Z","daynight":"Day"}},{"type":"Feature","geometry":{"type":"Point","coordinates":[131.13069,32.78994]},"properties":{"source":"MODIS (Terra/Aqua)","resolution_m":1000,"frp":11.83,"intensity":"moderate","confidence":"48","acq_datetime":"2026-10-03 00:39Z","daynight":"Day"}},{"type":"Feature","geometry":{"type":"Point","coordinates":[129.7908,32.95888]},"properties":{"source":"MODIS (Terra/Aqua)","resolution_m":1000,"frp":14.09,"intensity":"moderate","confidence":"51","acq_datetime":"2026-10-03 00:39Z","daynight":"Day"}},{"type":"Feature","geometry":{"type":"Point","coordinates":[130.68787,33.71439]},"properties":{"source":"MODIS (Terra/Aqua)","resolution_m":1000,"frp":10.57,"intensity":"moderate","confidence":"54","acq_datetime":"2026-10-03 00:39Z","daynight":"Day"}},{"type":"Feature","geometry":{"type":"Point","coordinates":[126.71687,36.9831]},"properties":{"source":"MODIS (Terra/Aqua)","resolution_m":1000,"frp":4.22,"intensity":"low","confidence":"16","acq_datetime":"2026-10-03 00:39Z","daynight":"Day"}},{"type":"Feature","geometry":{"type":"Point","coordinates":[126.70582,36.98477]},"properties":{"source":"MODIS (Terra/Aqua)","resolution_m":1000,"frp":7.35,"intensity":"low","confidence":"63","acq_datetime":"2026-10-03 00:39Z","daynight":"Day"}},{"type":"Feature","geometry":{"type":"Point","coordinates":[126.69477,36.98643]},"properties":{"source":"MODIS (Terra/Aqua)","resolution_m":1000,"frp":4.28,"intensity":"low","confidence":"32","acq_datetime":"2026-10-03 00:39Z","daynight":"Day"}},{"type":"Feature","geometry":{"type":"Point","coordinates":[120.89845,14.485]},"properties":{"source":"MODIS (Terra/Aqua)","resolution_m":1000,"frp":4.91,"intensity":"low","confidence":"24","acq_datetime":"2026-10-03 00:45Z","daynight":"Day"}},{"type":"Feature","geometry":{"type":"Point","coordinates":[120.2887,14.82944]},"properties":{"source":"MODIS (Terra/Aqua)","resolution_m":1000,"frp":6.88,"intensity":"low","confidence":"23","acq_datetime":"2026-10-03 00:45Z","daynight":"Day"}},{"type":"Feature","geometry":{"type":"Point","coordinates":[122.96512,10.58633]},"properties":{"source":"MODIS (Terra/Aqua)","resolution_m":1000,"frp":6.34,"intensity":"low","confidence":"45","acq_datetime":"2026-10-03 00:48Z","daynight":"Day"}},{"type":"Feature","geometry":{"type":"Point","coordinates":[122.13972,-4.34228]},"properties":{"source":"MODIS (Terra/Aqua)","resolution_m":1000,"frp":12.33,"intensity":"moderate","confidence":"44","acq_datetime":"2026-10-03 00:50Z","daynight":"Day"}},{"type":"Feature","geometry":{"type":"Point","coordinates":[114.73333,-4.11205]},"properties":{"source":"MODIS (Terra/Aqua)","resolution_m":1000,"frp":20.03,"intensity":"moderate","confidence":"80","acq_datetime":"2026-10-03 00:50Z","daynight":"Day"}},{"type":"Feature","geometry":{"type":"Point","coordinates":[120.26836,-4.05836]},"properties":{"source":"MODIS (Terra/Aqua)","resolution_m":1000,"frp":18.85,"intensity":"moderate","confidence":"76","acq_datetime":"2026-10-03 00:50Z","daynight":"Day"}},{"type":"Feature","geometry":{"type":"Point","coordinates":[116.12292,-3.87011]},"properties":{"source":"MODIS (Terra/Aqua)","resolution_m":1000,"frp":17.98,"intensity":"moderate","confidence":"80","acq_datetime":"2026-10-03 00:50Z","daynight":"Day"}},{"type":"Feature","geometry":{"type":"Point","coordinates":[115.07861,-3.8114]},"properties":{"source":"MODIS (Terra/Aqua)","resolution_m":1000,"frp":17.47,"intensity":"moderate","confidence":"78","acq_datetime":"2026-10-03 00:50Z","daynight":"Day"}},{"type":"Feature","geometry":{"type":"Point","coordinates":[115.62108,-3.62221]},"properties":{"source":"MODIS (Terra/Aqua)","resolution_m":1000,"frp":6.97,"intensity":"low","confidence":"64","acq_datetime":"2026-10-03 00:50Z","daynight":"Day"}},{"type":"Feature","geometry":{"type":"Point","coordinates":[115.61217,-3.62092]},"properties":{"source":"MODIS (Terra/Aqua)","resolution_m":1000,"frp":6.92,"intensity":"low","confidence":"59","acq_datetime":"2026-10-03 00:50Z","daynight":"Day"}},{"type":"Feature","geometry":{"type":"Point","coordinates":[115.82603,-3.53926]},"properties":{"source":"MODIS (Terra/Aqua)","resolution_m":1000,"frp":6.16,"intensity":"low","confidence":"56","acq_datetime":"2026-10-03 00:50Z","daynight":"Day"}},{"type":"Feature","geometry":{"type":"Point","coordinates":[115.81719,-3.538]},"properties":{"source":"MODIS (Terra/Aqua)","resolution_m":1000,"frp":6.7,"intensity":"low","confidence":"54","acq_datetime":"2026-10-03 00:50Z","daynight":"Day"}},{"type":"Feature","geometry":{"type":"Point","coordinates":[119.51375,-3.49201]},"properties":{"source":"MODIS (Terra/Aqua)","resolution_m":1000,"frp":23.35,"intensity":"moderate","confidence":"81","acq_datetime":"2026-10-03 00:50Z","daynight":"Day"}},{"type":"Feature","geometry":{"type":"Point","coordinates":[119.50273,-3.49046]},"properties":{"source":"MODIS (Terra/Aqua)","resolution_m":1000,"frp":16.61,"intensity":"moderate","confidence":"77","acq_datetime":"2026-10-03 00:50Z","daynight":"Day"}},{"type":"Feature","geometry":{"type":"Point","coordinates":[115.91796,-3.44216]},"properties":{"source":"MODIS (Terra/Aqua)","resolution_m":1000,"frp":8.57,"intensity":"low","confidence":"69","acq_datetime":"2026-10-03 00:50Z","daynight":"Day"}},{"type":"Feature","geometry":{"type":"Point","coordinates":[115.90915,-3.44089]},"properties":{"source":"MODIS (Terra/Aqua)","resolution_m":1000,"frp":5.94,"intensity":"low","confidence":"60","acq_datetime":"2026-10-03 00:50Z","daynight":"Day"}},{"type":"Feature","geometry":{"type":"Point","coordinates":[112.46095,-3.36294]},"properties":{"source":"MODIS (Terra/Aqua)","resolution_m":1000,"frp":11.09,"intensity":"moderate","confidence":"50","acq_datetime":"2026-10-03 00:50Z","daynight":"Day"}},{"type":"Feature","geometry":{"type":"Point","coordinates":[111.86075,-3.34352]},"properties":{"source":"MODIS (Terra/Aqua)","resolution_m":1000,"frp":33.57,"intensity":"moderate","confidence":"72","acq_datetime":"2026-10-03 00:50Z","daynight":"Day"}},{"type":"Feature","geometry":{"type":"Point","coordinates":[111.85249,-3.34056]},"properties":{"source":"MODIS (Terra/Aqua)","resolution_m":1000,"frp":64.71,"intensity":"high","confidence":"87","acq_datetime":"2026-10-03 00:50Z","daynight":"Day"}},{"type":"Feature","geometry":{"type":"Point","coordinates":[111.86232,-3.33245]},"properties":{"source":"MODIS (Terra/Aqua)","resolution_m":1000,"frp":25.66,"intensity":"moderate","confidence":"74","acq_datetime":"2026-10-03 00:50Z","daynight":"Day"}},{"type":"Feature","geometry":{"type":"Point","coordinates":[112.16898,-3.27181]},"properties":{"source":"MODIS (Terra/Aqua)","resolution_m":1000,"frp":30.7,"intensity":"moderate","confidence":"79","acq_datetime":"2026-10-03 00:50Z","daynight":"Day"}},{"type":"Feature","geometry":{"type":"Point","coordinates":[112.59851,-3.26984]},"properties":{"source":"MODIS (Terra/Aqua)","resolution_m":1000,"frp":15.75,"intensity":"moderate","confidence":"49","acq_datetime":"2026-10-03 00:50Z","daynight":"Day"}},{"type":"Feature","geometry":{"type":"Point","coordinates":[112.59263,-3.26217]},"properties":{"source":"MODIS (Terra/Aqua)","resolution_m":1000,"frp":19.18,"intensity":"moderate","confidence":"64","acq_datetime":"2026-10-03 00:50Z","daynight":"Day"}},{"type":"Feature","geometry":{"type":"Point","coordinates":[111.84919,-3.26085]},"properties":{"source":"MODIS (Terra/Aqua)","resolution_m":1000,"frp":84.42,"intensity":"high","confidence":"91","acq_datetime":"2026-10-03 00:50Z","daynight":"Day"}},{"type":"Feature","geometry":{"type":"Point","coordinates":[112.15688,-3.259]},"properties":{"source":"MODIS (Terra/Aqua)","resolution_m":1000,"frp":18.41,"intensity":"moderate","confidence":"36","acq_datetime":"2026-10-03 00:50Z","daynight":"Day"}},{"type":"Feature","geometry":{"type":"Point","coordinates":[112.44441,-3.24679]},"properties":{"source":"MODIS (Terra/Aqua)","resolution_m":1000,"frp":14.56,"intensity":"moderate","confidence":"55","acq_datetime":"2026-10-03 00:50Z","daynight":"Day"}},{"type":"Feature","geometry":{"type":"Point","coordinates":[115.33287,-3.23861]},"properties":{"source":"MODIS (Terra/Aqua)","resolution_m":1000,"frp":19.69,"intensity":"moderate","confidence":"80","acq_datetime":"2026-10-03 00:50Z","daynight":"Day"}},{"type":"Feature","geometry":{"type":"Point","coordinates":[112.12037,-3.22041]},"properties":{"source":"MODIS (Terra/Aqua)","resolution_m":1000,"frp":34.48,"intensity":"moderate","confidence":"56","acq_datetime":"2026-10-03 00:50Z","daynight":"Day"}},{"type":"Feature","geometry":{"type":"Point","coordinates":[112.00776,-3.21491]},"properties":{"source":"MODIS (Terra/Aqua)","resolution_m":1000,"frp":13.04,"intensity":"moderate","confidence":"37","acq_datetime":"2026-10-03 00:50Z","daynight":"Day"}},{"type":"Feature","geometry":{"type":"Point","coordinates":[113.65456,-3.18972]},"properties":{"source":"MODIS (Terra/Aqua)","resolution_m":1000,"frp":6.43,"intensity":"low","confidence":"52","acq_datetime":"2026-10-03 00:50Z","daynight":"Day"}},{"type":"Feature","geometry":{"type":"Point","coordinates":[115.36487,-3.18751]},"properties":{"source":"MODIS (Terra/Aqua)","resolution_m":1000,"frp":9.2,"intensity":"low","confidence":"67","acq_datetime":"2026-10-03 00:50Z","daynight":"Day"}},{"type":"Feature","geometry":{"type":"Point","coordinates":[113.64777,-3.15894]},"properties":{"source":"MODIS (Terra/Aqua)","resolution_m":1000,"frp":7.67,"intensity":"low","confidence":"52","acq_datetime":"2026-10-03 00:50Z","daynight":"Day"}},{"type":"Feature","geometry":{"type":"Point","coordinates":[112.08063,-3.14453]},"properties":{"source":"MODIS (Terra/Aqua)","resolution_m":1000,"frp":7.86,"intensity":"low","confidence":"40","acq_datetime":"2026-10-03 00:50Z","daynight":"Day"}},{"type":"Feature","geometry":{"type":"Point","coordinates":[112.36986,-3.10578]},"properties":{"source":"MODIS (Terra/Aqua)","resolution_m":1000,"frp":15.02,"intensity":"moderate","confidence":"66","acq_datetime":"2026-10-03 00:50Z","daynight":"Day"}},{"type":"Feature","geometry":{"type":"Point","coordinates":[112.6096,-3.09779]},"properties":{"source":"MODIS (Terra/Aqua)","resolution_m":1000,"frp":18.36,"intensity":"moderate","confidence":"72","acq_datetime":"2026-10-03 00:50Z","daynight":"Day"}},{"type":"Feature","geometry":{"type":"Point","coordinates":[115.15824,-3.03802]},"properties":{"source":"MODIS (Terra/Aqua)","resolution_m":1000,"frp":6.63,"intensity":"low","confidence":"52","acq_datetime":"2026-10-03 00:50Z","daynight":"Day"}},{"type":"Feature","geometry":{"type":"Point","coordinates":[112.87916,-3.03498]},"properties":{"source":"MODIS (Terra/Aqua)","resolution_m":1000,"frp":10.84,"intensity":"moderate","confidence":"68","acq_datetime":"2026-10-03 00:50Z","daynight":"Day"}},{"type":"Feature","geometry":{"type":"Point","coordinates":[115.15951,-3.029]},"properties":{"source":"MODIS (Terra/Aqua)","resolution_m":1000,"frp":6.78,"intensity":"low","confidence":"61","acq_datetime":"2026-10-03 00:50Z","daynight":"Day"}},{"type":"Feature","geometry":{"type":"Point","coordinates":[115.92941,-3.02055]},"properties":{"source":"MODIS (Terra/Aqua)","resolution_m":1000,"frp":10.6,"intensity":"moderate","confidence":"71","acq_datetime":"2026-10-03 00:50Z","daynight":"Day"}},{"type":"Feature","geometry":{"type":"Point","coordinates":[115.92057,-3.01928]},"properties":{"source":"MODIS (Terra/Aqua)","resolution_m":1000,"frp":10.62,"intensity":"moderate","confidence":"71","acq_datetime":"2026-10-03 00:50Z","daynight":"Day"}},{"type":"Feature","geometry":{"type":"Point","coordinates":[115.38339,-3.0147]},"properties":{"source":"MODIS (Terra/Aqua)","resolution_m":1000,"frp":19.78,"intensity":"moderate","confidence":"79","acq_datetime":"2026-10-03 00:50Z","daynight":"Day"}},{"type":"Feature","geometry":{"type":"Point","coordinates":[115.37451,-3.01343]},"properties":{"source":"MODIS (Terra/Aqua)","resolution_m":1000,"frp":17.92,"intensity":"moderate","confidence":"77","acq_datetime":"2026-10-03 00:50Z","daynight":"Day"}},{"type":"Feature","geometry":{"type":"Point","coordinates":[113.14964,-2.98297]},"properties":{"source":"MODIS (Terra/Aqua)","resolution_m":1000,"frp":33.92,"intensity":"moderate","confidence":"83","acq_datetime":"2026-10-03 00:50Z","daynight":"Day"}},{"type":"Feature","geometry":{"type":"Point","coordinates":[115.42905,-2.92886]},"properties":{"source":"MODIS (Terra/Aqua)","resolution_m":1000,"frp":57.44,"intensity":"high","confidence":"95","acq_datetime":"2026-10-03 00:50Z","daynight":"Day"}},{"type":"Feature","geometry":{"type":"Point","coordinates":[115.41983,-2.92755]},"properties":{"source":"MODIS (Terra/Aqua)","resolution_m":1000,"frp":83.98,"intensity":"high","confidence":"99","acq_datetime":"2026-10-03 00:50Z","daynight":"Day"}},{"type":"Feature","geometry":{"type":"Point","coordinates":[115.43027,-2.91991]},"properties":{"source":"MODIS (Terra/Aqua)","resolution_m":1000,"frp":22.77,"intensity":"moderate","confidence":"82","acq_datetime":"2026-10-03 00:50Z","daynight":"Day"}},{"type":"Feature","geometry":{"type":"Point","coordinates":[115.42107,-2.9186]},"properties":{"source":"MODIS (Terra/Aqua)","resolution_m":1000,"frp":41.84,"intensity":"moderate","confidence":"90","acq_datetime":"2026-10-03 00:50Z","daynight":"Day"}},{"type":"Feature","geometry":{"type":"Point","coordinates":[114.87678,-2.91458]},"properties":{"source":"MODIS (Terra/Aqua)","resolution_m":1000,"frp":5.87,"intensity":"low","confidence":"41","acq_datetime":"2026-10-03 00:50Z","daynight":"Day"}},{"type":"Feature","geometry":{"type":"Point","coordinates":[114.5369,-2.91058]},"properties":{"source":"MODIS (Terra/Aqua)","resolution_m":1000,"frp":9.15,"intensity":"low","confidence":"68","acq_datetime":"2026-10-03 00:50Z","daynight":"Day"}},{"type":"Feature","geometry":{"type":"Point","coordinates":[121.5686,-2.90595]},"properties":{"source":"MODIS (Terra/Aqua)","resolution_m":1000,"frp":9.86,"intensity":"low","confidence":"49","acq_datetime":"2026-10-03 00:50Z","daynight":"Day"}},{"type":"Feature","geometry":{"type":"Point","coordinates":[114.83442,-2.87116]},"properties":{"source":"MODIS (Terra/Aqua)","resolution_m":1000,"frp":4.71,"intensity":"low","confidence":"59","acq_datetime":"2026-10-03 00:50Z","daynight":"Day"}},{"type":"Feature","geometry":{"type":"Point","coordinates":[111.68356,-2.85657]},"properties":{"source":"MODIS (Terra/Aqua)","resolution_m":1000,"frp":200.65,"intensity":"extreme","confidence":"71","acq_datetime":"2026-10-03 00:50Z","daynight":"Day"}},{"type":"Feature","geometry":{"type":"Point","coordinates":[113.31532,-2.82311]},"properties":{"source":"MODIS (Terra/Aqua)","resolution_m":1000,"frp":20.18,"intensity":"moderate","confidence":"53","acq_datetime":"2026-10-03 00:50Z","daynight":"Day"}},{"type":"Feature","geometry":{"type":"Point","coordinates":[113.3038,-2.8214]},"properties":{"source":"MODIS (Terra/Aqua)","resolution_m":1000,"frp":18.83,"intensity":"moderate","confidence":"31","acq_datetime":"2026-10-03 00:50Z","daynight":"Day"}},{"type":"Feature","geometry":{"type":"Point","coordinates":[110.943,-2.81832]},"properties":{"source":"MODIS (Terra/Aqua)","resolution_m":1000,"frp":11.67,"intensity":"moderate","confidence":"10","acq_datetime":"2026-10-03 00:50Z","daynight":"Day"}},{"type":"Feature","geometry":{"type":"Point","coordinates":[111.54946,-2.81408]},"properties":{"source":"MODIS (Terra/Aqua)","resolution_m":1000,"frp":24.13,"intensity":"moderate","confidence":"73","acq_datetime":"2026-10-03 00:50Z","daynight":"Day"}},{"type":"Feature","geometry":{"type":"Point","coordinates":[111.55102,-2.80262]},"properties":{"source":"MODIS (Terra/Aqua)","resolution_m":1000,"frp":18.83,"intensity":"moderate","confidence":"64","acq_datetime":"2026-10-03 00:50Z","daynight":"Day"}},{"type":"Feature","geometry":{"type":"Point","coordinates":[114.97848,-2.78113]},"properties":{"source":"MODIS (Terra/Aqua)","resolution_m":1000,"frp":17.17,"intensity":"moderate","confidence":"79","acq_datetime":"2026-10-03 00:50Z","daynight":"Day"}},{"type":"Feature","geometry":{"type":"Point","coordinates":[114.96907,-2.77976]},"properties":{"source":"MODIS (Terra/Aqua)","resolution_m":1000,"frp":6.47,"intensity":"low","confidence":"64","acq_datetime":"2026-10-03 00:50Z","daynight":"Day"}},{"type":"Feature","geometry":{"type":"Point","coordinates":[113.32832,-2.7735]},"properties":{"source":"MODIS (Terra/Aqua)","resolution_m":1000,"frp":8.87,"intensity":"low","confidence":"39","acq_datetime":"2026-10-03 00:50Z","daynight":"Day"}},{"type":"Feature","geometry":{"type":"Point","coordinates":[112.9799,-2.76479]},"properties":{"source":"MODIS (Terra/Aqua)","resolution_m":1000,"frp":6.95,"intensity":"low","confidence":"35","acq_datetime":"2026-10-03 00:50Z","daynight":"Day"}},{"type":"Feature","geometry":{"type":"Point","coordinates":[121.7275,-2.74391]},"properties":{"source":"MODIS (Terra/Aqua)","resolution_m":1000,"frp":12.76,"intensity":"moderate","confidence":"60","acq_datetime":"2026-10-03 00:50Z","daynight":"Day"}},{"type":"Feature","geometry":{"type":"Point","coordinates":[114.08066,-2.73689]},"properties":{"source":"MODIS (Terra/Aqua)","resolution_m":1000,"frp":7.67,"intensity":"low","confidence":"43","acq_datetime":"2026-10-03 00:50Z","daynight":"Day"}},{"type":"Feature","geometry":{"type":"Point","coordinates":[114.20687,-2.73554]},"properties":{"source":"MODIS (Terra/Aqua)","resolution_m":1000,"frp":10.78,"intensity":"moderate","confidence":"57","acq_datetime":"2026-10-03 00:50Z","daynight":"Day"}},{"type":"Feature","geometry":{"type":"Point","coordinates":[114.19665,-2.73407]},"properties":{"source":"MODIS (Terra/Aqua)","resolution_m":1000,"frp":10.89,"intensity":"moderate","confidence":"36","acq_datetime":"2026-10-03 00:50Z","daynight":"Day"}},{"type":"Feature","geometry":{"type":"Point","coordinates":[114.17616,-2.73113]},"properties":{"source":"MODIS (Terra/Aqua)","resolution_m":1000,"frp":11.96,"intensity":"moderate","confidence":"51","acq_datetime":"2026-10-03 00:50Z","daynight":"Day"}},{"type":"Feature","geometry":{"type":"Point","coordinates":[114.31761,-2.68424]},"properties":{"source":"MODIS (Terra/Aqua)","resolution_m":1000,"frp":20.63,"intensity":"moderate","confidence":"81","acq_datetime":"2026-10-03 00:50Z","daynight":"Day"}},{"type":"Feature","geometry":{"type":"Point","coordinates":[113.02483,-2.66874]},"properties":{"source":"MODIS (Terra/Aqua)","resolution_m":1000,"frp":15.28,"intensity":"moderate","confidence":"59","acq_datetime":"2026-10-03 00:50Z","daynight":"Day"}},{"type":"Feature","geometry":{"type":"Point","coordinates":[115.9511,-2.65442]},"properties":{"source":"MODIS (Terra/Aqua)","resolution_m":1000,"frp":8.35,"intensity":"low","confidence":"69","acq_datetime":"2026-10-03 00:50Z","daynight":"Day"}},{"type":"Feature","geometry":{"type":"Point","coordinates":[115.94226,-2.65314]},"properties":{"source":"MODIS (Terra/Aqua)","resolution_m":1000,"frp":5.93,"intensity":"low","confidence":"63","acq_datetime":"2026-10-03 00:50Z","daynight":"Day"}},{"type":"Feature","geometry":{"type":"Point","coordinates":[114.33131,-2.63245]},"properties":{"source":"MODIS (Terra/Aqua)","resolution_m":1000,"frp":7.76,"intensity":"low","confidence":"54","acq_datetime":"2026-10-03 00:50Z","daynight":"Day"}},{"type":"Feature","geometry":{"type":"Point","coordinates":[114.29218,-2.61716]},"properties":{"source":"MODIS (Terra/Aqua)","resolution_m":1000,"frp":28.1,"intensity":"moderate","confidence":"86","acq_datetime":"2026-10-03 00:50Z","daynight":"Day"}},{"type":"Feature","geometry":{"type":"Point","coordinates":[114.28203,-2.61568]},"properties":{"source":"MODIS (Terra/Aqua)","resolution_m":1000,"frp":43.12,"intensity":"moderate","confidence":"90","acq_datetime":"2026-10-03 00:50Z","daynight":"Day"}},{"type":"Feature","geometry":{"type":"Point","coordinates":[114.29349,-2.60773]},"properties":{"source":"MODIS (Terra/Aqua)","resolution_m":1000,"frp":25.08,"intensity":"moderate","confidence":"85","acq_datetime":"2026-10-03 00:50Z","daynight":"Day"}},{"type":"Feature","geometry":{"type":"Point","coordinates":[114.28335,-2.60625]},"properties":{"source":"MODIS (Terra/Aqua)","resolution_m":1000,"frp":15.34,"intensity":"moderate","confidence":"35","acq_datetime":"2026-10-03 00:50Z","daynight":"Day"}},{"type":"Feature","geometry":{"type":"Point","coordinates":[114.30286,-2.58406]},"properties":{"source":"MODIS (Terra/Aqua)","resolution_m":1000,"frp":11.15,"intensity":"moderate","confidence":"46","acq_datetime":"2026-10-03 00:50Z","daynight":"Day"}},{"type":"Feature","geometry":{"type":"Point","coordinates":[121.3783,-2.58068]},"properties":{"source":"MODIS (Terra/Aqua)","resolution_m":1000,"frp":47.11,"intensity":"moderate","confidence":"85","acq_datetime":"2026-10-03 00:50Z","daynight":"Day"}},{"type":"Feature","geometry":{"type":"Point","coordinates":[121.37163,-2.58061]},"properties":{"source":"MODIS (Terra/Aqua)","resolution_m":1000,"frp":15.46,"intensity":"moderate","confidence":"67","acq_datetime":"2026-10-03 00:50Z","daynight":"Day"}},{"type":"Feature","geometry":{"type":"Point","coordinates":[114.33454,-2.57896]},"properties":{"source":"MODIS (Terra/Aqua)","resolution_m":1000,"frp":26.81,"intensity":"moderate","confidence":"85","acq_datetime":"2026-10-03 00:50Z","daynight":"Day"}},{"type":"Feature","geometry":{"type":"Point","coordinates":[113.38194,-2.56628]},"properties":{"source":"MODIS (Terra/Aqua)","resolution_m":1000,"frp":10.23,"intensity":"moderate","confidence":"60","acq_datetime":"2026-10-03 00:50Z","daynight":"Day"}},{"type":"Feature","geometry":{"type":"Point","coordinates":[113.3948,-2.55799]},"properties":{"source":"MODIS (Terra/Aqua)","resolution_m":1000,"frp":7.27,"intensity":"low","confidence":"36","acq_datetime":"2026-10-03 00:50Z","daynight":"Day"}},{"type":"Feature","geometry":{"type":"Point","coordinates":[114.3297,-2.53985]},"properties":{"source":"MODIS (Terra/Aqua)","resolution_m":1000,"frp":14.03,"intensity":"moderate","confidence":"43","acq_datetime":"2026-10-03 00:50Z","daynight":"Day"}},{"type":"Feature","geometry":{"type":"Point","coordinates":[114.33102,-2.53043]},"properties":{"source":"MODIS (Terra/Aqua)","resolution_m":1000,"frp":15.87,"intensity":"moderate","confidence":"34","acq_datetime":"2026-10-03 00:50Z","daynight":"Day"}},{"type":"Feature","geometry":{"type":"Point","coordinates":[114.27012,-2.52157]},"properties":{"source":"MODIS (Terra/Aqua)","resolution_m":1000,"frp":9.65,"intensity":"low","confidence":"51","acq_datetime":"2026-10-03 00:50Z","daynight":"Day"}},{"type":"Feature","geometry":{"type":"Point","coordinates":[114.33234,-2.52101]},"properties":{"source":"MODIS (Terra/Aqua)","resolution_m":1000,"frp":43.94,"intensity":"moderate","confidence":"90","acq_datetime":"2026-10-03 00:50Z","daynight":"Day"}},{"type":"Feature","geometry":{"type":"Point","coordinates":[114.25992,-2.52009]},"properties":{"source":"MODIS (Terra/Aqua)","resolution_m":1000,"frp":35.8,"intensity":"moderate","confidence":"87","acq_datetime":"2026-10-03 00:50Z","daynight":"Day"}},{"type":"Feature","geometry":{"type":"Point","coordinates":[114.33365,-2.51159]},"properties":{"source":"MODIS (Terra/Aqua)","resolution_m":1000,"frp":11.57,"intensity":"moderate","confidence":"13","acq_datetime":"2026-10-03 00:50Z","daynight":"Day"}},{"type":"Feature","geometry":{"type":"Point","coordinates":[114.26256,-2.50118]},"properties":{"source":"MODIS (Terra/Aqua)","resolution_m":1000,"frp":98.67,"intensity":"high","confidence":"99","acq_datetime":"2026-10-03 00:50Z","daynight":"Day"}},{"type":"Feature","geometry":{"type":"Point","coordinates":[114.32485,-2.50069]},"properties":{"source":"MODIS (Terra/Aqua)","resolution_m":1000,"frp":24.14,"intensity":"moderate","confidence":"80","acq_datetime":"2026-10-03 00:50Z","daynight":"Day"}},{"type":"Feature","geometry":{"type":"Point","coordinates":[114.28426,-2.49472]},"properties":{"source":"MODIS (Terra/Aqua)","resolution_m":1000,"frp":18.65,"intensity":"moderate","confidence":"78","acq_datetime":"2026-10-03 00:50Z","daynight":"Day"}},{"type":"Feature","geometry":{"type":"Point","coordinates":[114.32193,-2.49464]},"properties":{"source":"MODIS (Terra/Aqua)","resolution_m":1000,"frp":31.16,"intensity":"moderate","confidence":"85","acq_datetime":"2026-10-03 00:50Z","daynight":"Day"}},{"type":"Feature","geometry":{"type":"Point","coordinates":[114.27408,-2.49322]},"properties":{"source":"MODIS (Terra/Aqua)","resolution_m":1000,"frp":34.57,"intensity":"moderate","confidence":"85","acq_datetime":"2026-10-03 00:50Z","daynight":"Day"}},{"type":"Feature","geometry":{"type":"Point","coordinates":[114.04356,-2.34328]},"properties":{"source":"MODIS (Terra/Aqua)","resolution_m":1000,"frp":20.71,"intensity":"moderate","confidence":"59","acq_datetime":"2026-10-03 00:50Z","daynight":"Day"}},{"type":"Feature","geometry":{"type":"Point","coordinates":[114.08688,-2.33971]},"properties":{"source":"MODIS (Terra/Aqua)","resolution_m":1000,"frp":15.78,"intensity":"moderate","confidence":"77","acq_datetime":"2026-10-03 00:50Z","daynight":"Day"}},{"type":"Feature","geometry":{"type":"Point","coordinates":[114.0764,-2.33821]},"properties":{"source":"MODIS (Terra/Aqua)","resolution_m":1000,"frp":35.48,"intensity":"moderate","confidence":"87","acq_datetime":"2026-10-03 00:50Z","daynight":"Day"}},{"type":"Feature","geometry":{"type":"Point","coordinates":[114.20393,-2.33713]},"properties":{"source":"MODIS (Terra/Aqua)","resolution_m":1000,"frp":64.33,"intensity":"high","confidence":"82","acq_datetime":"2026-10-03 00:50Z","daynight":"Day"}},{"type":"Feature","geometry":{"type":"Point","coordinates":[114.06592,-2.3367]},"properties":{"source":"MODIS (Terra/Aqua)","resolution_m":1000,"frp":20.05,"intensity":"moderate","confidence":"69","acq_datetime":"2026-10-03 00:50Z","daynight":"Day"}},{"type":"Feature","geometry":{"type":"Point","coordinates":[114.0554,-2.33519]},"properties":{"source":"MODIS (Terra/Aqua)","resolution_m":1000,"frp":21.69,"intensity":"moderate","confidence":"60","acq_datetime":"2026-10-03 00:50Z","daynight":"Day"}},{"type":"Feature","geometry":{"type":"Point","coordinates":[114.04487,-2.33368]},"properties":{"source":"MODIS (Terra/Aqua)","resolution_m":1000,"frp":73.83,"intensity":"high","confidence":"96","acq_datetime":"2026-10-03 00:50Z","daynight":"Day"}},{"type":"Feature","geometry":{"type":"Point","coordinates":[119.70216,-2.3307]},"properties":{"source":"MODIS (Terra/Aqua)","resolution_m":1000,"frp":8.5,"intensity":"low","confidence":"64","acq_datetime":"2026-10-03 00:50Z","daynight":"Day"}},{"type":"Feature","geometry":{"type":"Point","coordinates":[119.69198,-2.32925]},"properties":{"source":"MODIS (Terra/Aqua)","resolution_m":1000,"frp":70.16,"intensity":"high","confidence":"94","acq_datetime":"2026-10-03 00:50Z","daynight":"Day"}},{"type":"Feature","geometry":{"type":"Point","coordinates":[114.21694,-2.31963]},"properties":{"source":"MODIS (Terra/Aqua)","resolution_m":1000,"frp":33.96,"intensity":"moderate","confidence":"63","acq_datetime":"2026-10-03 00:50Z","daynight":"Day"}},{"type":"Feature","geometry":{"type":"Point","coordinates":[115.96016,-2.31354]},"properties":{"source":"MODIS (Terra/Aqua)","resolution_m":1000,"frp":10.85,"intensity":"moderate","confidence":"72","acq_datetime":"2026-10-03 00:50Z","daynight":"Day"}},{"type":"Feature","geometry":{"type":"Point","coordinates":[116.27222,-2.31084]},"properties":{"source":"MODIS (Terra/Aqua)","resolution_m":1000,"frp":20.88,"intensity":"moderate","confidence":"83","acq_datetime":"2026-10-03 00:50Z","daynight":"Day"}},{"type":"Feature","geometry":{"type":"Point","coordinates":[116.26344,-2.30959]},"properties":{"source":"MODIS (Terra/Aqua)","resolution_m":1000,"frp":11.45,"intensity":"moderate","confidence":"74","acq_datetime":"2026-10-03 00:50Z","daynight":"Day"}},{"type":"Feature","geometry":{"type":"Point","coordinates":[114.20795,-2.30861]},"properties":{"source":"MODIS (Terra/Aqua)","resolution_m":1000,"frp":34.67,"intensity":"moderate","confidence":"56","acq_datetime":"2026-10-03 00:50Z","daynight":"Day"}},{"type":"Feature","geometry":{"type":"Point","coordinates":[111.48968,-2.26561]},"properties":{"source":"MODIS (Terra/Aqua)","resolution_m":1000,"frp":51.37,"intensity":"high","confidence":"83","acq_datetime":"2026-10-03 00:50Z","daynight":"Day"}},{"type":"Feature","geometry":{"type":"Point","coordinates":[111.49926,-2.26401]},"properties":{"source":"MODIS (Terra/Aqua)","resolution_m":1000,"frp":47.88,"intensity":"moderate","confidence":"83","acq_datetime":"2026-10-03 00:50Z","daynight":"Day"}},{"type":"Feature","geometry":{"type":"Point","coordinates":[113.79366,-2.10322]},"properties":{"source":"MODIS (Terra/Aqua)","resolution_m":1000,"frp":8.93,"intensity":"low","confidence":"65","acq_datetime":"2026-10-03 00:50Z","daynight":"Day"}},{"type":"Feature","geometry":{"type":"Point","coordinates":[113.39708,-2.09719]},"properties":{"source":"MODIS (Terra/Aqua)","resolution_m":1000,"frp":8.42,"intensity":"low","confidence":"17","acq_datetime":"2026-10-03 00:50Z","daynight":"Day"}},{"type":"Feature","geometry":{"type":"Point","coordinates":[116.23604,-1.90951]},"properties":{"source":"MODIS (Terra/Aqua)","resolution_m":1000,"frp":10.33,"intensity":"moderate","confidence":"75","acq_datetime":"2026-10-03 00:50Z","daynight":"Day"}},{"type":"Feature","geometry":{"type":"Point","coordinates":[115.87039,-1.8952]},"properties":{"source":"MODIS (Terra/Aqua)","resolution_m":1000,"frp":14.94,"intensity":"moderate","confidence":"78","acq_datetime":"2026-10-03 00:50Z","daynight":"Day"}},{"type":"Feature","geometry":{"type":"Point","coordinates":[115.86542,-1.76426]},"properties":{"source":"MODIS (Terra/Aqua)","resolution_m":1000,"frp":4.43,"intensity":"low","confidence":"17","acq_datetime":"2026-10-03 00:50Z","daynight":"Day"}},{"type":"Feature","geometry":{"type":"Point","coordinates":[116.16898,-1.38435]},"properties":{"source":"MODIS (Terra/Aqua)","resolution_m":1000,"frp":8.02,"intensity":"low","confidence":"70","acq_datetime":"2026-10-03 00:50Z","daynight":"Day"}},{"type":"Feature","geometry":{"type":"Point","coordinates":[121.2109,-1.37502]},"properties":{"source":"MODIS (Terra/Aqua)","resolution_m":1000,"frp":17.36,"intensity":"moderate","confidence":"71","acq_datetime":"2026-10-03 00:50Z","daynight":"Day"}},{"type":"Feature","geometry":{"type":"Point","coordinates":[116.22175,-1.28848]},"properties":{"source":"MODIS (Terra/Aqua)","resolution_m":1000,"frp":7.06,"intensity":"low","confidence":"62","acq_datetime":"2026-10-03 00:50Z","daynight":"Day"}},{"type":"Feature","geometry":{"type":"Point","coordinates":[122.11578,-1.07568]},"properties":{"source":"MODIS (Terra/Aqua)","resolution_m":1000,"frp":16.52,"intensity":"moderate","confidence":"56","acq_datetime":"2026-10-03 00:50Z","daynight":"Day"}},{"type":"Feature","geometry":{"type":"Point","coordinates":[111.43756,-0.32871]},"properties":{"source":"MODIS (Terra/Aqua)","resolution_m":1000,"frp":10.53,"intensity":"moderate","confidence":"55","acq_datetime":"2026-10-03 00:50Z","daynight":"Day"}},{"type":"Feature","geometry":{"type":"Point","coordinates":[116.69955,-0.10273]},"properties":{"source":"MODIS (Terra/Aqua)","resolution_m":1000,"frp":5.2,"intensity":"low","confidence":"52","acq_datetime":"2026-10-03 00:50Z","daynight":"Day"}},{"type":"Feature","geometry":{"type":"Point","coordinates":[116.34016,-0.01331]},"properties":{"source":"MODIS (Terra/Aqua)","resolution_m":1000,"frp":9.36,"intensity":"low","confidence":"65","acq_datetime":"2026-10-03 00:50Z","daynight":"Day"}},{"type":"Feature","geometry":{"type":"Point","coordinates":[118.6709,-8.38868]},"properties":{"source":"MODIS (Terra/Aqua)","resolution_m":1000,"frp":12.12,"intensity":"moderate","confidence":"74","acq_datetime":"2026-10-03 00:52Z","daynight":"Day"}},{"type":"Feature","geometry":{"type":"Point","coordinates":[123.51118,-8.27627]},"properties":{"source":"MODIS (Terra/Aqua)","resolution_m":1000,"frp":28.9,"intensity":"moderate","confidence":"25","acq_datetime":"2026-10-03 00:52Z","daynight":"Day"}},{"type":"Feature","geometry":{"type":"Point","coordinates":[112.18806,-8.27289]},"properties":{"source":"MODIS (Terra/Aqua)","resolution_m":1000,"frp":6.93,"intensity":"low","confidence":"36","acq_datetime":"2026-10-03 00:52Z","daynight":"Day"}},{"type":"Feature","geometry":{"type":"Point","coordinates":[112.18311,-8.27169]},"properties":{"source":"MODIS (Terra/Aqua)","resolution_m":1000,"frp":16.1,"intensity":"moderate","confidence":"74","acq_datetime":"2026-10-03 00:52Z","daynight":"Day"}},{"type":"Feature","geometry":{"type":"Point","coordinates":[112.23087,-8.26857]},"properties":{"source":"MODIS (Terra/Aqua)","resolution_m":1000,"frp":7.27,"intensity":"low","confidence":"62","acq_datetime":"2026-10-03 00:52Z","daynight":"Day"}},{"type":"Feature","geometry":{"type":"Point","coordinates":[113.59402,-8.25632]},"properties":{"source":"MODIS (Terra/Aqua)","resolution_m":1000,"frp":12.42,"intensity":"moderate","confidence":"74","acq_datetime":"2026-10-03 00:52Z","daynight":"Day"}},{"type":"Feature","geometry":{"type":"Point","coordinates":[113.59535,-8.24713]},"properties":{"source":"MODIS (Terra/Aqua)","resolution_m":1000,"frp":13.17,"intensity":"moderate","confidence":"74","acq_datetime":"2026-10-03 00:52Z","daynight":"Day"}},{"type":"Feature","geometry":{"type":"Point","coordinates":[112.9269,-8.11873]},"properties":{"source":"MODIS (Terra/Aqua)","resolution_m":1000,"frp":18.73,"intensity":"moderate","confidence":"43","acq_datetime":"2026-10-03 00:52Z","daynight":"Day"}},{"type":"Feature","geometry":{"type":"Point","coordinates":[112.2471,-7.98399]},"properties":{"source":"MODIS (Terra/Aqua)","resolution_m":1000,"frp":13.68,"intensity":"moderate","confidence":"69","acq_datetime":"2026-10-03 00:52Z","daynight":"Day"}},{"type":"Feature","geometry":{"type":"Point","coordinates":[112.23532,-7.98224]},"properties":{"source":"MODIS (Terra/Aqua)","resolution_m":1000,"frp":8.98,"intensity":"low","confidence":"61","acq_datetime":"2026-10-03 00:52Z","daynight":"Day"}},{"type":"Feature","geometry":{"type":"Point","coordinates":[113.95895,-7.94064]},"properties":{"source":"MODIS (Terra/Aqua)","resolution_m":1000,"frp":7.09,"intensity":"low","confidence":"61","acq_datetime":"2026-10-03 00:52Z","daynight":"Day"}},{"type":"Feature","geometry":{"type":"Point","coordinates":[112.12159,-7.93445]},"properties":{"source":"MODIS (Terra/Aqua)","resolution_m":1000,"frp":7.25,"intensity":"low","confidence":"60","acq_datetime":"2026-10-03 00:52Z","daynight":"Day"}},{"type":"Feature","geometry":{"type":"Point","coordinates":[111.07477,-7.92283]},"properties":{"source":"MODIS (Terra/Aqua)","resolution_m":1000,"frp":9.15,"intensity":"low","confidence":"57","acq_datetime":"2026-10-03 00:52Z","daynight":"Day"}},{"type":"Feature","geometry":{"type":"Point","coordinates":[113.94388,-7.88316]},"properties":{"source":"MODIS (Terra/Aqua)","resolution_m":1000,"frp":13.31,"intensity":"moderate","confidence":"75","acq_datetime":"2026-10-03 00:52Z","daynight":"Day"}},{"type":"Feature","geometry":{"type":"Point","coordinates":[112.01866,-7.72389]},"properties":{"source":"MODIS (Terra/Aqua)","resolution_m":1000,"frp":11.74,"intensity":"moderate","confidence":"56","acq_datetime":"2026-10-03 00:52Z","daynight":"Day"}},{"type":"Feature","geometry":{"type":"Point","coordinates":[113.9678,-7.66493]},"properties":{"source":"MODIS (Terra/Aqua)","resolution_m":1000,"frp":11.84,"intensity":"moderate","confidence":"0","acq_datetime":"2026-10-03 00:52Z","daynight":"Day"}},{"type":"Feature","geometry":{"type":"Point","coordinates":[112.62716,-7.07757]},"properties":{"source":"MODIS (Terra/Aqua)","resolution_m":1000,"frp":8.23,"intensity":"low","confidence":"0","acq_datetime":"2026-10-03 00:52Z","daynight":"Day"}},{"type":"Feature","geometry":{"type":"Point","coordinates":[56.67686,65.04504]},"properties":{"source":"MODIS (Terra/Aqua)","resolution_m":1000,"frp":9.91,"intensity":"low","confidence":"36","acq_datetime":"2026-10-03 01:09Z","daynight":"Night"}},{"type":"Feature","geometry":{"type":"Point","coordinates":[106.21499,55.16401]},"properties":{"source":"MODIS (Terra/Aqua)","resolution_m":1000,"frp":8.22,"intensity":"low","confidence":"20","acq_datetime":"2026-10-03 02:11Z","daynight":"Day"}},{"type":"Feature","geometry":{"type":"Point","coordinates":[105.93008,57.56335]},"properties":{"source":"MODIS (Terra/Aqua)","resolution_m":1000,"frp":22.65,"intensity":"moderate","confidence":"79","acq_datetime":"2026-10-03 02:11Z","daynight":"Day"}},{"type":"Feature","geometry":{"type":"Point","coordinates":[105.92003,57.58341]},"properties":{"source":"MODIS (Terra/Aqua)","resolution_m":1000,"frp":9.88,"intensity":"low","confidence":"46","acq_datetime":"2026-10-03 02:11Z","daynight":"Day"}},{"type":"Feature","geometry":{"type":"Point","coordinates":[106.11183,57.60787]},"properties":{"source":"MODIS (Terra/Aqua)","resolution_m":1000,"frp":18.74,"intensity":"moderate","confidence":"74","acq_datetime":"2026-10-03 02:11Z","daynight":"Day"}},{"type":"Feature","geometry":{"type":"Point","coordinates":[105.88929,57.87403]},"properties":{"source":"MODIS (Terra/Aqua)","resolution_m":1000,"frp":37.22,"intensity":"moderate","confidence":"86","acq_datetime":"2026-10-03 02:11Z","daynight":"Day"}},{"type":"Feature","geometry":{"type":"Point","coordinates":[107.57826,58.42048]},"properties":{"source":"MODIS (Terra/Aqua)","resolution_m":1000,"frp":23.29,"intensity":"moderate","confidence":"80","acq_datetime":"2026-10-03 02:11Z","daynight":"Day"}},{"type":"Feature","geometry":{"type":"Point","coordinates":[107.60701,58.44466]},"properties":{"source":"MODIS (Terra/Aqua)","resolution_m":1000,"frp":14.74,"intensity":"moderate","confidence":"69","acq_datetime":"2026-10-03 02:11Z","daynight":"Day"}},{"type":"Feature","geometry":{"type":"Point","coordinates":[107.02432,58.48045]},"properties":{"source":"MODIS (Terra/Aqua)","resolution_m":1000,"frp":34.3,"intensity":"moderate","confidence":"86","acq_datetime":"2026-10-03 02:11Z","daynight":"Day"}},{"type":"Feature","geometry":{"type":"Point","coordinates":[106.94753,35.44927]},"properties":{"source":"MODIS (Terra/Aqua)","resolution_m":1000,"frp":15.2,"intensity":"moderate","confidence":"53","acq_datetime":"2026-10-03 02:17Z","daynight":"Day"}},{"type":"Feature","geometry":{"type":"Point","coordinates":[106.93417,35.45018]},"properties":{"source":"MODIS (Terra/Aqua)","resolution_m":1000,"frp":11.22,"intensity":"moderate","confidence":"23","acq_datetime":"2026-10-03 02:17Z","daynight":"Day"}},{"type":"Feature","geometry":{"type":"Point","coordinates":[106.92863,35.45292]},"properties":{"source":"MODIS (Terra/Aqua)","resolution_m":1000,"frp":10.82,"intensity":"moderate","confidence":"27","acq_datetime":"2026-10-03 02:17Z","daynight":"Day"}},{"type":"Feature","geometry":{"type":"Point","coordinates":[103.93804,36.04527]},"properties":{"source":"MODIS (Terra/Aqua)","resolution_m":1000,"frp":4.73,"intensity":"low","confidence":"49","acq_datetime":"2026-10-03 02:17Z","daynight":"Day"}},{"type":"Feature","geometry":{"type":"Point","coordinates":[112.65472,36.94889]},"properties":{"source":"MODIS (Terra/Aqua)","resolution_m":1000,"frp":28.18,"intensity":"moderate","confidence":"44","acq_datetime":"2026-10-03 02:17Z","daynight":"Day"}},{"type":"Feature","geometry":{"type":"Point","coordinates":[112.65193,36.9555]},"properties":{"source":"MODIS (Terra/Aqua)","resolution_m":1000,"frp":23.28,"intensity":"moderate","confidence":"18","acq_datetime":"2026-10-03 02:17Z","daynight":"Day"}},{"type":"Feature","geometry":{"type":"Point","coordinates":[106.5752,37.40583]},"properties":{"source":"MODIS (Terra/Aqua)","resolution_m":1000,"frp":7.79,"intensity":"low","confidence":"60","acq_datetime":"2026-10-03 02:17Z","daynight":"Day"}},{"type":"Feature","geometry":{"type":"Point","coordinates":[106.66488,37.57158]},"properties":{"source":"MODIS (Terra/Aqua)","resolution_m":1000,"frp":13.41,"intensity":"moderate","confidence":"71","acq_datetime":"2026-10-03 02:17Z","daynight":"Day"}},{"type":"Feature","geometry":{"type":"Point","coordinates":[106.67237,37.57451]},"properties":{"source":"MODIS (Terra/Aqua)","resolution_m":1000,"frp":8.31,"intensity":"low","confidence":"64","acq_datetime":"2026-10-03 02:17Z","daynight":"Day"}},{"type":"Feature","geometry":{"type":"Point","coordinates":[106.65554,37.57775]},"properties":{"source":"MODIS (Terra/Aqua)","resolution_m":1000,"frp":8.24,"intensity":"low","confidence":"64","acq_datetime":"2026-10-03 02:17Z","daynight":"Day"}},{"type":"Feature","geometry":{"type":"Point","coordinates":[108.55992,38.10373]},"properties":{"source":"MODIS (Terra/Aqua)","resolution_m":1000,"frp":4.55,"intensity":"low","confidence":"41","acq_datetime":"2026-10-03 02:17Z","daynight":"Day"}},{"type":"Feature","geometry":{"type":"Point","coordinates":[109.51926,38.10645]},"properties":{"source":"MODIS (Terra/Aqua)","resolution_m":1000,"frp":5.89,"intensity":"low","confidence":"29","acq_datetime":"2026-10-03 02:17Z","daynight":"Day"}},{"type":"Feature","geometry":{"type":"Point","coordinates":[106.87861,38.97362]},"properties":{"source":"MODIS (Terra/Aqua)","resolution_m":1000,"frp":6.89,"intensity":"low","confidence":"47","acq_datetime":"2026-10-03 02:17Z","daynight":"Day"}},{"type":"Feature","geometry":{"type":"Point","coordinates":[106.86017,39.11436]},"properties":{"source":"MODIS (Terra/Aqua)","resolution_m":1000,"frp":10.53,"intensity":"moderate","confidence":"55","acq_datetime":"2026-10-03 02:17Z","daynight":"Day"}},{"type":"Feature","geometry":{"type":"Point","coordinates":[106.90922,39.2924]},"properties":{"source":"MODIS (Terra/Aqua)","resolution_m":1000,"frp":6.99,"intensity":"low","confidence":"53","acq_datetime":"2026-10-03 02:17Z","daynight":"Day"}},{"type":"Feature","geometry":{"type":"Point","coordinates":[106.99402,39.32655]},"properties":{"source":"MODIS (Terra/Aqua)","resolution_m":1000,"frp":9.43,"intensity":"low","confidence":"57","acq_datetime":"2026-10-03 02:17Z","daynight":"Day"}},{"type":"Feature","geometry":{"type":"Point","coordinates":[106.97791,39.32959]},"properties":{"source":"MODIS (Terra/Aqua)","resolution_m":1000,"frp":11.86,"intensity":"moderate","confidence":"63","acq_datetime":"2026-10-03 02:17Z","daynight":"Day"}},{"type":"Feature","geometry":{"type":"Point","coordinates":[106.70524,39.46365]},"properties":{"source":"MODIS (Terra/Aqua)","resolution_m":1000,"frp":7.99,"intensity":"low","confidence":"54","acq_datetime":"2026-10-03 02:17Z","daynight":"Day"}},{"type":"Feature","geometry":{"type":"Point","coordinates":[106.88718,40.37714]},"properties":{"source":"MODIS (Terra/Aqua)","resolution_m":1000,"frp":7.92,"intensity":"low","confidence":"54","acq_datetime":"2026-10-03 02:17Z","daynight":"Day"}},{"type":"Feature","geometry":{"type":"Point","coordinates":[107.10403,40.80538]},"properties":{"source":"MODIS (Terra/Aqua)","resolution_m":1000,"frp":14.65,"intensity":"moderate","confidence":"69","acq_datetime":"2026-10-03 02:17Z","daynight":"Day"}},{"type":"Feature","geometry":{"type":"Point","coordinates":[109.0386,40.86182]},"properties":{"source":"MODIS (Terra/Aqua)","resolution_m":1000,"frp":15.22,"intensity":"moderate","confidence":"35","acq_datetime":"2026-10-03 02:17Z","daynight":"Day"}},{"type":"Feature","geometry":{"type":"Point","coordinates":[109.03297,40.86469]},"properties":{"source":"MODIS (Terra/Aqua)","resolution_m":1000,"frp":47.72,"intensity":"moderate","confidence":"83","acq_datetime":"2026-10-03 02:17Z","daynight":"Day"}},{"type":"Feature","geometry":{"type":"Point","coordinates":[109.0188,40.8659]},"properties":{"source":"MODIS (Terra/Aqua)","resolution_m":1000,"frp":15.95,"intensity":"moderate","confidence":"39","acq_datetime":"2026-10-03 02:17Z","daynight":"Day"}},{"type":"Feature","geometry":{"type":"Point","coordinates":[108.09502,41.04816]},"properties":{"source":"MODIS (Terra/Aqua)","resolution_m":1000,"frp":8.62,"intensity":"low","confidence":"42","acq_datetime":"2026-10-03 02:17Z","daynight":"Day"}},{"type":"Feature","geometry":{"type":"Point","coordinates":[103.94868,23.71958]},"properties":{"source":"MODIS (Terra/Aqua)","resolution_m":1000,"frp":9.56,"intensity":"low","confidence":"35","acq_datetime":"2026-10-03 02:19Z","daynight":"Day"}},{"type":"Feature","geometry":{"type":"Point","coordinates":[102.99066,24.06316]},"properties":{"source":"MODIS (Terra/Aqua)","resolution_m":1000,"frp":9.97,"intensity":"low","confidence":"49","acq_datetime":"2026-10-03 02:19Z","daynight":"Day"}},{"type":"Feature","geometry":{"type":"Point","coordinates":[102.77876,24.08871]},"properties":{"source":"MODIS (Terra/Aqua)","resolution_m":1000,"frp":10.94,"intensity":"moderate","confidence":"25","acq_datetime":"2026-10-03 02:19Z","daynight":"Day"}},{"type":"Feature","geometry":{"type":"Point","coordinates":[102.73775,24.11839]},"properties":{"source":"MODIS (Terra/Aqua)","resolution_m":1000,"frp":13.4,"intensity":"moderate","confidence":"60","acq_datetime":"2026-10-03 02:19Z","daynight":"Day"}},{"type":"Feature","geometry":{"type":"Point","coordinates":[102.72251,24.12102]},"properties":{"source":"MODIS (Terra/Aqua)","resolution_m":1000,"frp":13.6,"intensity":"moderate","confidence":"67","acq_datetime":"2026-10-03 02:19Z","daynight":"Day"}},{"type":"Feature","geometry":{"type":"Point","coordinates":[102.7293,24.12246]},"properties":{"source":"MODIS (Terra/Aqua)","resolution_m":1000,"frp":14.17,"intensity":"moderate","confidence":"44","acq_datetime":"2026-10-03 02:19Z","daynight":"Day"}},{"type":"Feature","geometry":{"type":"Point","coordinates":[103.11388,24.23895]},"properties":{"source":"MODIS (Terra/Aqua)","resolution_m":1000,"frp":13.0,"intensity":"moderate","confidence":"49","acq_datetime":"2026-10-03 02:19Z","daynight":"Day"}},{"type":"Feature","geometry":{"type":"Point","coordinates":[101.24615,16.7768]},"properties":{"source":"MODIS (Terra/Aqua)","resolution_m":1000,"frp":9.62,"intensity":"low","confidence":"57","acq_datetime":"2026-10-03 02:21Z","daynight":"Day"}},{"type":"Feature","geometry":{"type":"Point","coordinates":[101.87814,21.54329]},"properties":{"source":"MODIS (Terra/Aqua)","resolution_m":1000,"frp":8.27,"intensity":"low","confidence":"55","acq_datetime":"2026-10-03 02:21Z","daynight":"Day"}},{"type":"Feature","geometry":{"type":"Point","coordinates":[101.92657,23.47157]},"properties":{"source":"MODIS (Terra/Aqua)","resolution_m":1000,"frp":8.23,"intensity":"low","confidence":"51","acq_datetime":"2026-10-03 02:21Z","daynight":"Day"}},{"type":"Feature","geometry":{"type":"Point","coordinates":[99.65596,13.86786]},"properties":{"source":"MODIS (Terra/Aqua)","resolution_m":1000,"frp":12.97,"intensity":"moderate","confidence":"68","acq_datetime":"2026-10-03 02:24Z","daynight":"Day"}},{"type":"Feature","geometry":{"type":"Point","coordinates":[101.82809,14.06887]},"properties":{"source":"MODIS (Terra/Aqua)","resolution_m":1000,"frp":15.55,"intensity":"moderate","confidence":"60","acq_datetime":"2026-10-03 02:24Z","daynight":"Day"}},{"type":"Feature","geometry":{"type":"Point","coordinates":[101.27836,14.62196]},"properties":{"source":"MODIS (Terra/Aqua)","resolution_m":1000,"frp":10.8,"intensity":"moderate","confidence":"34","acq_datetime":"2026-10-03 02:24Z","daynight":"Day"}},{"type":"Feature","geometry":{"type":"Point","coordinates":[100.78505,15.15357]},"properties":{"source":"MODIS (Terra/Aqua)","resolution_m":1000,"frp":20.5,"intensity":"moderate","confidence":"73","acq_datetime":"2026-10-03 02:24Z","daynight":"Day"}},{"type":"Feature","geometry":{"type":"Point","coordinates":[100.61585,5.48619]},"properties":{"source":"MODIS (Terra/Aqua)","resolution_m":1000,"frp":18.03,"intensity":"moderate","confidence":"36","acq_datetime":"2026-10-03 02:26Z","daynight":"Day"}},{"type":"Feature","geometry":{"type":"Point","coordinates":[78.6911,57.43055]},"properties":{"source":"MODIS (Terra/Aqua)","resolution_m":1000,"frp":11.18,"intensity":"moderate","confidence":"41","acq_datetime":"2026-10-03 03:49Z","daynight":"Day"}},{"type":"Feature","geometry":{"type":"Point","coordinates":[80.18136,50.39715]},"properties":{"source":"MODIS (Terra/Aqua)","resolution_m":1000,"frp":4.72,"intensity":"low","confidence":"47","acq_datetime":"2026-10-03 03:51Z","daynight":"Day"}},{"type":"Feature","geometry":{"type":"Point","coordinates":[91.07759,53.70822]},"properties":{"source":"MODIS (Terra/Aqua)","resolution_m":1000,"frp":15.68,"intensity":"moderate","confidence":"57","acq_datetime":"2026-10-03 03:51Z","daynight":"Day"}},{"type":"Feature","geometry":{"type":"Point","coordinates":[86.18275,54.263]},"properties":{"source":"MODIS (Terra/Aqua)","resolution_m":1000,"frp":7.55,"intensity":"low","confidence":"54","acq_datetime":"2026-10-03 03:51Z","daynight":"Day"}},{"type":"Feature","geometry":{"type":"Point","coordinates":[82.27094,41.58012]},"properties":{"source":"MODIS (Terra/Aqua)","resolution_m":1000,"frp":24.26,"intensity":"moderate","confidence":"82","acq_datetime":"2026-10-03 03:53Z","daynight":"Day"}},{"type":"Feature","geometry":{"type":"Point","coordinates":[83.32083,41.75003]},"properties":{"source":"MODIS (Terra/Aqua)","resolution_m":1000,"frp":12.14,"intensity":"moderate","confidence":"56","acq_datetime":"2026-10-03 03:53Z","daynight":"Day"}},{"type":"Feature","geometry":{"type":"Point","coordinates":[89.86291,45.7064]},"properties":{"source":"MODIS (Terra/Aqua)","resolution_m":1000,"frp":8.22,"intensity":"low","confidence":"27","acq_datetime":"2026-10-03 03:53Z","daynight":"Day"}},{"type":"Feature","geometry":{"type":"Point","coordinates":[82.955,46.73067]},"properties":{"source":"MODIS (Terra/Aqua)","resolution_m":1000,"frp":4.19,"intensity":"low","confidence":"23","acq_datetime":"2026-10-03 03:53Z","daynight":"Day"}},{"type":"Feature","geometry":{"type":"Point","coordinates":[70.17808,41.04199]},"properties":{"source":"MODIS (Terra/Aqua)","resolution_m":1000,"frp":14.78,"intensity":"moderate","confidence":"64","acq_datetime":"2026-10-03 03:55Z","daynight":"Day"}},{"type":"Feature","geometry":{"type":"Point","coordinates":[70.1852,41.04691]},"properties":{"source":"MODIS (Terra/Aqua)","resolution_m":1000,"frp":9.44,"intensity":"low","confidence":"52","acq_datetime":"2026-10-03 03:55Z","daynight":"Day"}},{"type":"Feature","geometry":{"type":"Point","coordinates":[86.59371,34.10671]},"properties":{"source":"MODIS (Terra/Aqua)","resolution_m":1000,"frp":49.46,"intensity":"moderate","confidence":"0","acq_datetime":"2026-10-03 03:57Z","daynight":"Day"}},{"type":"Feature","geometry":{"type":"Point","coordinates":[72.6474,21.10343]},"properties":{"source":"MODIS (Terra/Aqua)","resolution_m":1000,"frp":27.82,"intensity":"moderate","confidence":"66","acq_datetime":"2026-10-03 04:00Z","daynight":"Day"}},{"type":"Feature","geometry":{"type":"Point","coordinates":[72.63805,21.10477]},"properties":{"source":"MODIS (Terra/Aqua)","resolution_m":1000,"frp":11.91,"intensity":"moderate","confidence":"67","acq_datetime":"2026-10-03 04:00Z","daynight":"Day"}},{"type":"Feature","geometry":{"type":"Point","coordinates":[78.00066,21.10613]},"properties":{"source":"MODIS (Terra/Aqua)","resolution_m":1000,"frp":21.91,"intensity":"moderate","confidence":"73","acq_datetime":"2026-10-03 04:00Z","daynight":"Day"}},{"type":"Feature","geometry":{"type":"Point","coordinates":[77.99187,21.11704]},"properties":{"source":"MODIS (Terra/Aqua)","resolution_m":1000,"frp":17.44,"intensity":"moderate","confidence":"39","acq_datetime":"2026-10-03 04:00Z","daynight":"Day"}},{"type":"Feature","geometry":{"type":"Point","coordinates":[78.00291,21.11765]},"properties":{"source":"MODIS (Terra/Aqua)","resolution_m":1000,"frp":26.93,"intensity":"moderate","confidence":"76","acq_datetime":"2026-10-03 04:00Z","daynight":"Day"}},{"type":"Feature","geometry":{"type":"Point","coordinates":[78.49975,25.54082]},"properties":{"source":"MODIS (Terra/Aqua)","resolution_m":1000,"frp":10.07,"intensity":"moderate","confidence":"59","acq_datetime":"2026-10-03 04:00Z","daynight":"Day"}},{"type":"Feature","geometry":{"type":"Point","coordinates":[76.57521,16.96219]},"properties":{"source":"MODIS (Terra/Aqua)","resolution_m":1000,"frp":13.97,"intensity":"moderate","confidence":"61","acq_datetime":"2026-10-03 04:02Z","daynight":"Day"}},{"type":"Feature","geometry":{"type":"Point","coordinates":[76.16751,17.5634]},"properties":{"source":"MODIS (Terra/Aqua)","resolution_m":1000,"frp":10.09,"intensity":"moderate","confidence":"58","acq_datetime":"2026-10-03 04:02Z","daynight":"Day"}},{"type":"Feature","geometry":{"type":"Point","coordinates":[73.04824,18.67858]},"properties":{"source":"MODIS (Terra/Aqua)","resolution_m":1000,"frp":7.45,"intensity":"low","confidence":"48","acq_datetime":"2026-10-03 04:02Z","daynight":"Day"}},{"type":"Feature","geometry":{"type":"Point","coordinates":[72.90392,19.01506]},"properties":{"source":"MODIS (Terra/Aqua)","resolution_m":1000,"frp":8.74,"intensity":"low","confidence":"56","acq_datetime":"2026-10-03 04:02Z","daynight":"Day"}},{"type":"Feature","geometry":{"type":"Point","coordinates":[178.86284,-16.61556]},"properties":{"source":"VIIRS (NOAA-20)","resolution_m":375,"frp":8.59,"intensity":"low","confidence":"n","acq_datetime":"2026-10-03 01:15Z","daynight":"Day"}},{"type":"Feature","geometry":{"type":"Point","coordinates":[179.17111,-16.4855]},"properties":{"source":"VIIRS (NOAA-20)","resolution_m":375,"frp":7.2,"intensity":"low","confidence":"n","acq_datetime":"2026-10-03 01:15Z","daynight":"Day"}},{"type":"Feature","geometry":{"type":"Point","coordinates":[179.38078,-16.4507]},"properties":{"source":"VIIRS (NOAA-20)","resolution_m":375,"frp":5.5,"intensity":"low","confidence":"n","acq_datetime":"2026-10-03 01:15Z","daynight":"Day"}},{"type":"Feature","geometry":{"type":"Point","coordinates":[179.42047,-16.34798]},"properties":{"source":"VIIRS (NOAA-20)","resolution_m":375,"frp":5.11,"intensity":"low","confidence":"n","acq_datetime":"2026-10-03 01:15Z","daynight":"Day"}},{"type":"Feature","geometry":{"type":"Point","coordinates":[179.42516,-16.3474]},"properties":{"source":"VIIRS (NOAA-20)","resolution_m":375,"frp":5.11,"intensity":"low","confidence":"n","acq_datetime":"2026-10-03 01:15Z","daynight":"Day"}},{"type":"Feature","geometry":{"type":"Point","coordinates":[168.33955,-46.04532]},"properties":{"source":"VIIRS (NOAA-20)","resolution_m":375,"frp":2.34,"intensity":"low","confidence":"n","acq_datetime":"2026-10-03 02:49Z","daynight":"Day"}},{"type":"Feature","geometry":{"type":"Point","coordinates":[170.8831,-45.01076]},"properties":{"source":"VIIRS (NOAA-20)","resolution_m":375,"frp":3.18,"intensity":"low","confidence":"n","acq_datetime":"2026-10-03 02:49Z","daynight":"Day"}},{"type":"Feature","geometry":{"type":"Point","coordinates":[175.66997,-36.80379]},"properties":{"source":"VIIRS (NOAA-20)","resolution_m":375,"frp":11.25,"intensity":"moderate","confidence":"n","acq_datetime":"2026-10-03 02:51Z","daynight":"Day"}},{"type":"Feature","geometry":{"type":"Point","coordinates":[152.08443,-27.447]},"properties":{"source":"VIIRS (NOAA-20)","resolution_m":375,"frp":4.85,"intensity":"low","confidence":"n","acq_datetime":"2026-10-03 02:56Z","daynight":"Day"}},{"type":"Feature","geometry":{"type":"Point","coordinates":[152.08919,-27.44665]},"properties":{"source":"VIIRS (NOAA-20)","resolution_m":375,"frp":4.85,"intensity":"low","confidence":"n","acq_datetime":"2026-10-03 02:56Z","daynight":"Day"}},{"type":"Feature","geometry":{"type":"Point","coordinates":[152.10361,-27.44559]},"properties":{"source":"VIIRS (NOAA-20)","resolution_m":375,"frp":7.01,"intensity":"low","confidence":"n","acq_datetime":"2026-10-03 02:56Z","daynight":"Day"}},{"type":"Feature","geometry":{"type":"Point","coordinates":[152.08409,-27.44113]},"properties":{"source":"VIIRS (NOAA-20)","resolution_m":375,"frp":6.98,"intensity":"low","confidence":"n","acq_datetime":"2026-10-03 02:56Z","daynight":"Day"}},{"type":"Feature","geometry":{"type":"Point","coordinates":[152.10387,-27.43379]},"properties":{"source":"VIIRS (NOAA-20)","resolution_m":375,"frp":6.22,"intensity":"low","confidence":"n","acq_datetime":"2026-10-03 02:56Z","daynight":"Day"}},{"type":"Feature","geometry":{"type":"Point","coordinates":[152.10846,-27.43345]},"properties":{"source":"VIIRS (NOAA-20)","resolution_m":375,"frp":6.22,"intensity":"low","confidence":"n","acq_datetime":"2026-10-03 02:56Z","daynight":"Day"}},{"type":"Feature","geometry":{"type":"Point","coordinates":[152.85327,-27.07748]},"properties":{"source":"VIIRS (NOAA-20)","resolution_m":375,"frp":3.43,"intensity":"low","confidence":"n","acq_datetime":"2026-10-03 02:56Z","daynight":"Day"}},{"type":"Feature","geometry":{"type":"Point","coordinates":[152.95496,-26.88602]},"properties":{"source":"VIIRS (NOAA-20)","resolution_m":375,"frp":3.13,"intensity":"low","confidence":"n","acq_datetime":"2026-10-03 02:56Z","daynight":"Day"}},{"type":"Feature","geometry":{"type":"Point","coordinates":[152.49133,-26.48223]},"properties":{"source":"VIIRS (NOAA-20)","resolution_m":375,"frp":3.25,"intensity":"low","confidence":"n","acq_datetime":"2026-10-03 02:56Z","daynight":"Day"}},{"type":"Feature","geometry":{"type":"Point","coordinates":[152.50848,-26.47807]},"properties":{"source":"VIIRS (NOAA-20)","resolution_m":375,"frp":4.65,"intensity":"low","confidence":"n","acq_datetime":"2026-10-03 02:56Z","daynight":"Day"}},{"type":"Feature","geometry":{"type":"Point","coordinates":[151.95314,-26.30551]},"properties":{"source":"VIIRS (NOAA-20)","resolution_m":375,"frp":12.15,"intensity":"moderate","confidence":"n","acq_datetime":"2026-10-03 02:56Z","daynight":"Day"}},{"type":"Feature","geometry":{"type":"Point","coordinates":[148.16228,-24.46109]},"properties":{"source":"VIIRS (NOAA-20)","resolution_m":375,"frp":15.58,"intensity":"moderate","confidence":"n","acq_datetime":"2026-10-03 02:56Z","daynight":"Day"}},{"type":"Feature","geometry":{"type":"Point","coordinates":[148.16394,-24.45776]},"properties":{"source":"VIIRS (NOAA-20)","resolution_m":375,"frp":17.88,"intensity":"moderate","confidence":"n","acq_datetime":"2026-10-03 02:56Z","daynight":"Day"}},{"type":"Feature","geometry":{"type":"Point","coordinates":[148.16862,-24.43214]},"properties":{"source":"VIIRS (NOAA-20)","resolution_m":375,"frp":8.69,"intensity":"low","confidence":"n","acq_datetime":"2026-10-03 02:56Z","daynight":"Day"}},{"type":"Feature","geometry":{"type":"Point","coordinates":[149.3889,-24.28232]},"properties":{"source":"VIIRS (NOAA-20)","resolution_m":375,"frp":21.8,"intensity":"moderate","confidence":"h","acq_datetime":"2026-10-03 02:56Z","daynight":"Day"}},{"type":"Feature","geometry":{"type":"Point","coordinates":[149.38777,-24.27847]},"properties":{"source":"VIIRS (NOAA-20)","resolution_m":375,"frp":14.95,"intensity":"moderate","confidence":"n","acq_datetime":"2026-10-03 02:56Z","daynight":"Day"}},{"type":"Feature","geometry":{"type":"Point","coordinates":[149.39395,-24.27805]},"properties":{"source":"VIIRS (NOAA-20)","resolution_m":375,"frp":14.95,"intensity":"moderate","confidence":"n","acq_datetime":"2026-10-03 02:56Z","daynight":"Day"}},{"type":"Feature","geometry":{"type":"Point","coordinates":[149.48921,-24.14694]},"properties":{"source":"VIIRS (NOAA-20)","resolution_m":375,"frp":8.91,"intensity":"low","confidence":"n","acq_datetime":"2026-10-03 02:56Z","daynight":"Day"}},{"type":"Feature","geometry":{"type":"Point","coordinates":[149.49547,-24.14651]},"properties":{"source":"VIIRS (NOAA-20)","resolution_m":375,"frp":14.88,"intensity":"moderate","confidence":"h","acq_datetime":"2026-10-03 02:56Z","daynight":"Day"}},{"type":"Feature","geometry":{"type":"Point","coordinates":[149.49512,-24.1399]},"properties":{"source":"VIIRS (NOAA-20)","resolution_m":375,"frp":13.44,"intensity":"moderate","confidence":"h","acq_datetime":"2026-10-03 02:56Z","daynight":"Day"}},{"type":"Feature","geometry":{"type":"Point","coordinates":[149.50153,-24.13946]},"properties":{"source":"VIIRS (NOAA-20)","resolution_m":375,"frp":13.44,"intensity":"moderate","confidence":"h","acq_datetime":"2026-10-03 02:56Z","daynight":"Day"}},{"type":"Feature","geometry":{"type":"Point","coordinates":[147.70064,-22.62425]},"properties":{"source":"VIIRS (NOAA-20)","resolution_m":375,"frp":5.65,"intensity":"low","confidence":"l","acq_datetime":"2026-10-03 02:56Z","daynight":"Day"}},{"type":"Feature","geometry":{"type":"Point","coordinates":[164.95715,-20.99057]},"properties":{"source":"VIIRS (NOAA-20)","resolution_m":375,"frp":3.5,"intensity":"low","confidence":"n","acq_datetime":"2026-10-03 02:56Z","daynight":"Day"}},{"type":"Feature","geometry":{"type":"Point","coordinates":[164.96149,-20.98982]},"properties":{"source":"VIIRS (NOAA-20)","resolution_m":375,"frp":4.58,"intensity":"low","confidence":"n","acq_datetime":"2026-10-03 02:56Z","daynight":"Day"}},{"type":"Feature","geometry":{"type":"Point","coordinates":[164.2603,-20.52836]},"properties":{"source":"VIIRS (NOAA-20)","resolution_m":375,"frp":8.42,"intensity":"low","confidence":"n","acq_datetime":"2026-10-03 02:56Z","daynight":"Day"}},{"type":"Feature","geometry":{"type":"Point","coordinates":[147.19458,-19.95035]},"properties":{"source":"VIIRS (NOAA-20)","resolution_m":375,"frp":9.8,"intensity":"low","confidence":"h","acq_datetime":"2026-10-03 02:58Z","daynight":"Day"}},{"type":"Feature","geometry":{"type":"Point","coordinates":[147.20099,-19.9499]},"properties":{"source":"VIIRS (NOAA-20)","resolution_m":375,"frp":9.8,"intensity":"low","confidence":"n","acq_datetime":"2026-10-03 02:58Z","daynight":"Day"}},{"type":"Feature","geometry":{"type":"Point","coordinates":[147.1931,-19.94802]},"properties":{"source":"VIIRS (NOAA-20)","resolution_m":375,"frp":23.09,"intensity":"moderate","confidence":"h","acq_datetime":"2026-10-03 02:58Z","daynight":"Day"}},{"type":"Feature","geometry":{"type":"Point","coordinates":[147.19934,-19.94755]},"properties":{"source":"VIIRS (NOAA-20)","resolution_m":375,"frp":13.47,"intensity":"moderate","confidence":"n","acq_datetime":"2026-10-03 02:58Z","daynight":"Day"}},{"type":"Feature","geometry":{"type":"Point","coordinates":[147.18617,-19.94127]},"properties":{"source":"VIIRS (NOAA-20)","resolution_m":375,"frp":20.13,"intensity":"moderate","confidence":"h","acq_datetime":"2026-10-03 02:58Z","daynight":"Day"}},{"type":"Feature","geometry":{"type":"Point","coordinates":[147.19211,-19.94082]},"properties":{"source":"VIIRS (NOAA-20)","resolution_m":375,"frp":20.13,"intensity":"moderate","confidence":"h","acq_datetime":"2026-10-03 02:58Z","daynight":"Day"}},{"type":"Feature","geometry":{"type":"Point","coordinates":[147.19853,-19.94034]},"properties":{"source":"VIIRS (NOAA-20)","resolution_m":375,"frp":12.07,"intensity":"moderate","confidence":"n","acq_datetime":"2026-10-03 02:58Z","daynight":"Day"}},{"type":"Feature","geometry":{"type":"Point","coordinates":[147.20549,-19.93982]},"properties":{"source":"VIIRS (NOAA-20)","resolution_m":375,"frp":12.07,"intensity":"moderate","confidence":"n","acq_datetime":"2026-10-03 02:58Z","daynight":"Day"}},{"type":"Feature","geometry":{"type":"Point","coordinates":[147.18507,-19.93408]},"properties":{"source":"VIIRS (NOAA-20)","resolution_m":375,"frp":20.13,"intensity":"moderate","confidence":"n","acq_datetime":"2026-10-03 02:58Z","daynight":"Day"}},{"type":"Feature","geometry":{"type":"Point","coordinates":[147.1913,-19.93362]},"properties":{"source":"VIIRS (NOAA-20)","resolution_m":375,"frp":20.13,"intensity":"moderate","confidence":"n","acq_datetime":"2026-10-03 02:58Z","daynight":"Day"}},{"type":"Feature","geometry":{"type":"Point","coordinates":[147.19804,-19.93312]},"properties":{"source":"VIIRS (NOAA-20)","resolution_m":375,"frp":12.07,"intensity":"moderate","confidence":"n","acq_datetime":"2026-10-03 02:58Z","daynight":"Day"}},{"type":"Feature","geometry":{"type":"Point","coordinates":[118.56857,-20.44501]},"properties":{"source":"MODIS (Terra/Aqua)","resolution_m":1000,"frp":24.36,"intensity":"moderate","confidence":"70","acq_datetime":"2026-10-03 00:54Z","daynight":"Day"}},{"type":"Feature","geometry":{"type":"Point","coordinates":[118.56997,-20.43314]},"properties":{"source":"MODIS (Terra/Aqua)","resolution_m":1000,"frp":15.17,"intensity":"moderate","confidence":"37","acq_datetime":"2026-10-03 00:54Z","daynight":"Day"}},{"type":"Feature","geometry":{"type":"Point","coordinates":[123.22314,-17.16927]},"properties":{"source":"MODIS (Terra/Aqua)","resolution_m":1000,"frp":65.93,"intensity":"high","confidence":"55","acq_datetime":"2026-10-03 00:54Z","daynight":"Day"}},{"type":"Feature","geometry":{"type":"Point","coordinates":[123.23071,-17.16193]},"properties":{"source":"MODIS (Terra/Aqua)","resolution_m":1000,"frp":66.62,"intensity":"high","confidence":"63","acq_datetime":"2026-10-03 00:54Z","daynight":"Day"}},{"type":"Feature","geometry":{"type":"Point","coordinates":[115.8131,-32.10165]},"properties":{"source":"MODIS (Terra/Aqua)","resolution_m":1000,"frp":5.87,"intensity":"low","confidence":"20","acq_datetime":"2026-10-03 00:56Z","daynight":"Day"}},{"type":"Feature","geometry":{"type":"Point","coordinates":[115.80684,-32.09897]},"properties":{"source":"MODIS (Terra/Aqua)","resolution_m":1000,"frp":7.2,"intensity":"low","confidence":"42","acq_datetime":"2026-10-03 00:56Z","daynight":"Day"}},{"type":"Feature","geometry":{"type":"Point","coordinates":[115.92786,-32.06619]},"properties":{"source":"MODIS (Terra/Aqua)","resolution_m":1000,"frp":6.87,"intensity":"low","confidence":"60","acq_datetime":"2026-10-03 00:56Z","daynight":"Day"}},{"type":"Feature","geometry":{"type":"Point","coordinates":[115.90955,-32.06444]},"properties":{"source":"MODIS (Terra/Aqua)","resolution_m":1000,"frp":9.19,"intensity":"low","confidence":"64","acq_datetime":"2026-10-03 00:56Z","daynight":"Day"}},{"type":"Feature","geometry":{"type":"Point","coordinates":[115.94333,-31.98835]},"properties":{"source":"MODIS (Terra/Aqua)","resolution_m":1000,"frp":8.11,"intensity":"low","confidence":"48","acq_datetime":"2026-10-03 00:56Z","daynight":"Day"}},{"type":"Feature","geometry":{"type":"Point","coordinates":[115.81365,-31.90817]},"properties":{"source":"MODIS (Terra/Aqua)","resolution_m":1000,"frp":7.96,"intensity":"low","confidence":"55","acq_datetime":"2026-10-03 00:56Z","daynight":"Day"}},{"type":"Feature","geometry":{"type":"Point","coordinates":[115.80738,-31.9057]},"properties":{"source":"MODIS (Terra/Aqua)","resolution_m":1000,"frp":6.99,"intensity":"low","confidence":"23","acq_datetime":"2026-10-03 00:56Z","daynight":"Day"}},{"type":"Feature","geometry":{"type":"Point","coordinates":[115.91067,-31.85946]},"properties":{"source":"MODIS (Terra/Aqua)","resolution_m":1000,"frp":6.64,"intensity":"low","confidence":"56","acq_datetime":"2026-10-03 00:56Z","daynight":"Day"}},{"type":"Feature","geometry":{"type":"Point","coordinates":[115.89255,-31.85775]},"properties":{"source":"MODIS (Terra/Aqua)","resolution_m":1000,"frp":8.03,"intensity":"low","confidence":"61","acq_datetime":"2026-10-03 00:56Z","daynight":"Day"}},{"type":"Feature","geometry":{"type":"Point","coordinates":[115.85133,-31.79757]},"properties":{"source":"MODIS (Terra/Aqua)","resolution_m":1000,"frp":9.23,"intensity":"low","confidence":"55","acq_datetime":"2026-10-03 00:56Z","daynight":"Day"}},{"type":"Feature","geometry":{"type":"Point","coordinates":[115.83335,-31.79582]},"properties":{"source":"MODIS (Terra/Aqua)","resolution_m":1000,"frp":9.33,"intensity":"low","confidence":"54","acq_datetime":"2026-10-03 00:56Z","daynight":"Day"}}]}